glucose,time,glucose_change,simple_sugars,complex_sugars,proteins,fats,dietary_fibers,insulin,future glucose
165.76744,19.65,-3.603640000000013,1.0794017748851203,17.076767523856326,1.2563297218849945,18.118445759910465,2.7229170926354724,0.8704364729173967,-30.63093999999998
160.36198000000002,19.733333333333334,-5.405459999999977,1.1110288590263668,17.076767523856326,1.2563297218849945,18.90304537565259,2.5950037246621873,0.8569842728814004,-25.225480000000005
156.75833999999998,19.816666666666663,-3.6036400000000417,1.1248019440556196,17.346217083158702,1.2563297218849945,19.00440882968911,2.4431895889707103,0.8332450963472896,-19.82001999999997
151.35288,19.9,-5.405459999999977,1.1248019440556196,19.50181355757772,1.2563297218849945,19.657070815502507,2.2714581468474067,0.8332450963472896,-10.81092000000001
147.74924,19.983333333333334,-3.603640000000013,1.122251372753906,19.50181355757772,1.2563297218849945,19.735440561314817,2.083792859578642,0.8004059021417695,-3.603639999999984
144.1456,20.066666666666663,-3.603639999999984,1.1049074879022545,19.736681422085127,1.612432250763961,20.251646452637075,1.8841771884507816,0.7596536490915462,3.603639999999984
142.34378,20.15,-1.801819999999992,1.1049074879022545,21.615624338144396,2.1537080946599905,20.251646452637075,1.6765945947501906,0.7121752960233246,7.207279999999997
142.34378,20.233333333333334,0.0,1.0743006322816937,21.615624338144396,2.1537080946599905,20.46300890442272,1.465028539763234,0.6591578017638104,7.207279999999997
140.54196,20.316666666666663,-1.8018200000000208,1.0319611486732505,21.615624338144396,2.1537080946599905,20.681500745066835,1.2534624847762772,0.6017881251397094,9.009100000000018
140.54196,20.4,0.0,1.0319611486732505,21.81680894772327,2.1537080946599905,20.71162384214952,1.045879891075686,0.5412532249777267,7.207279999999997
138.74014,20.483333333333334,-1.801819999999992,0.979419379857954,23.426285824354288,2.5849878240800717,20.941362150802313,0.8462642199478256,0.4787400601045683,5.405460000000005
135.1365,20.566666666666663,-3.603639999999984,0.918205668616832,23.426285824354288,3.240533012798596,20.941362150802313,0.6585989326790611,0.4154355893469393,7.207279999999997
135.1365,20.65,0.0,0.918205668616832,23.594685618871072,3.240533012798596,20.946232307379585,0.4868674905557578,0.3525267715315455,5.405459999999977
135.1365,20.733333333333334,0.0,0.8498503577309124,24.94188397500535,3.240533012798596,21.025959127854037,0.3350533548642804,0.2912005654850926,1.801819999999992
136.93832,20.816666666666663,1.801819999999992,0.7758837899812232,24.94188397500535,3.240533012798596,21.025959127854037,0.207139986890995,0.232643930034286,-1.801819999999992
140.54196,20.9,3.603639999999984,0.6978363081487924,24.94188397500535,3.735119858463828,21.004823266498832,0.1071108479222667,0.1780438240058312,-7.207279999999969
144.1456,20.983333333333334,3.603640000000013,0.6978363081487924,25.078397394326483,4.4868918638749795,20.93002013423254,0.0389493992444606,0.1285872062264337,-9.00909999999999
147.74924,21.066666666666663,3.603639999999984,0.6172382550146484,26.17050474889554,4.4868918638749795,20.93002013423254,0.0066391021439421,0.0854610355227989,-10.810919999999982
149.55106,21.15,1.8018200000000208,0.5356199733598188,26.17050474889554,4.4868918638749795,20.93002013423254,0.0,0.0229478706496404,-9.009100000000018
149.55106,21.233333333333334,0.0,0.4545118059653317,26.17050474889554,4.4868918638749795,20.648273627948345,0.0,0.0059347941335276,-5.405460000000005
149.55106,21.316666666666663,0.0,0.4545118059653317,26.276030232887457,5.032915741489395,20.648273627948345,0.0,0.0,0.0
147.74924,21.4,-1.8018200000000208,0.3754440956122157,27.1202341048228,5.862872035463306,20.648273627948345,0.0,0.0,5.405460000000005
144.1456,21.483333333333334,-3.603639999999984,0.2999471850814985,27.1202341048228,5.862872035463306,20.477076585017464,0.0,0.2373917653411082,12.612739999999974
142.34378,21.566666666666663,-1.801819999999992,0.2295514171542081,27.19567009335194,5.862872035463306,20.17544806701199,0.0,0.2373917653411082,14.414559999999966
140.54196,21.65,-1.8018200000000208,0.2295514171542081,27.799158001585077,5.862872035463306,20.17544806701199,0.0,0.4436588325597155,18.018200000000036
136.93832,21.733333333333334,-3.603639999999984,0.1657871346113726,27.799158001585077,6.44846286073094,20.02463380800925,0.0,0.6203838134247626,21.62184000000002
135.1365,21.816666666666663,-1.801819999999992,0.1101846802340198,27.799158001585077,7.338560915137743,19.9209614282942,0.0,0.7691493197051904,23.423660000000012
133.33468000000002,21.9,-1.801819999999992,0.0642743968031782,27.845402934517885,7.338560915137743,19.506271909434005,0.0,0.7691493197051904,27.027299999999997
135.1365,21.983333333333334,1.801819999999992,0.0642743968031782,28.215362397980343,7.338560915137743,19.506271909434005,0.0,0.8915379631699397,28.82911999999999
136.93832,22.066666666666663,1.801819999999992,0.0295866270998757,28.215362397980343,7.951848603762629,19.298927150003905,0.0,0.9891323555879504,30.63094000000001
140.54196,22.15,3.603639999999984,0.0076517139051402,28.215362397980343,8.884045890472457,18.635473613224917,0.0,1.063515108728165,30.63094000000001
144.1456,22.233333333333334,3.603640000000013,0.0,28.233314715183255,8.884045890472457,18.635473613224917,0.0,1.063515108728165,32.43276
149.55106,22.316666666666663,5.405460000000005,0.0,28.376933252806545,8.884045890472457,18.635473613224917,0.0,1.1162688343595222,30.63094000000001
153.1547,22.4,3.603639999999984,0.0,28.376933252806545,9.513160358158633,18.37009219851332,0.0,1.1489761442509636,32.43276000000003
156.75833999999998,22.483333333333334,3.603639999999984,0.0,28.367491394145997,10.46941434904162,17.55778163639526,0.0,1.1632196501714305,30.63094000000004
156.75833999999998,22.566666666666663,0.0,0.0,28.29195652486163,10.46941434904162,17.55778163639526,0.0,1.1632196501714305,34.23458000000002
158.56016000000002,22.65,1.801820000000049,0.0,28.29195652486163,10.46941434904162,17.55778163639526,0.0,1.1605819638898622,36.036399999999986
158.56016000000002,22.733333333333334,0.0,0.0,28.29195652486163,11.102485511493116,17.232857411548032,0.0,1.1426456971752006,36.036399999999986
158.56016000000002,22.816666666666663,0.0,0.0,28.256018930204064,12.064753678419391,17.039870816629538,0.0,2.0308865524931803,36.036399999999986
160.36198000000002,22.9,1.801819999999992,0.0,27.96851817294355,12.064753678419391,16.26792443695556,0.0,1.9871009602191536,34.234579999999994
163.96562,22.983333333333334,3.603639999999984,0.0,27.96851817294355,12.064753678419391,16.26792443695556,0.0,2.786385845691257,28.82911999999999
167.56926,23.066666666666663,3.603640000000013,0.0,27.96851817294355,12.689911451340244,15.881951247118572,0.0,3.4168588091430165,23.423659999999984
171.1729,23.15,3.603639999999984,0.0,27.414704155850256,13.640151266179936,15.657687092278127,0.0,3.3535543383853876,16.216380000000015
176.57836,23.233333333333334,5.405460000000005,0.0,27.414704155850256,13.640151266179936,14.760630472916352,0.0,3.859330682876027,7.207279999999997
180.182,23.316666666666663,3.603640000000013,0.0,27.414704155850256,13.640151266179936,14.760630472916352,0.0,3.859330682876027,3.603639999999984
185.58746,23.4,5.405460000000005,0.0,27.414704155850256,14.24552556527418,14.760630472916352,0.0,4.257093774136463,-5.405460000000005
187.38928,23.483333333333334,1.801819999999992,0.0,27.328470408797973,15.16569449989743,14.760630472916352,0.0,4.554558844540277,-9.009100000000018
190.99292,23.566666666666663,3.603639999999984,0.0,26.638600432379707,15.16569449989743,14.312102163235464,0.0,4.471207958042732,-10.810919999999982
194.59656,23.65,3.603640000000013,0.0,26.638600432379707,15.739415240869098,14.055807371046004,0.0,4.6750351654508915,-9.00909999999999
194.59656,23.733333333333334,0.0,0.0,26.638600432379707,16.611470767146034,13.030628202288169,0.0,4.795577428518542,-1.8018200000000208
194.59656,23.816666666666663,0.0,0.0,25.648292961329844,16.611470767146034,13.030628202288169,0.0,4.840549979619274,5.405459999999977
194.59656,23.9,0.0,0.0,25.648292961329844,17.141667865699162,12.51803861790925,0.0,4.821822407020142,12.612740000000002
192.79474,23.983333333333334,-1.8018200000000208,0.0,25.648292961329844,17.947567455499918,12.51803861790925,0.0,4.855782617895331,21.62184000000002
190.99292,0.0666666666666666,-1.801819999999992,0.0,25.515356821348597,17.947567455499918,12.228960110943706,0.0,4.779619426515056,25.225480000000005
187.38928,0.15,-3.603639999999984,0.0,24.451867701498625,18.42237082733854,11.072646083081528,0.0,4.649317724205604,32.43275999999997
183.78564,0.2333333333333333,-3.603640000000013,0.0,24.451867701498625,19.144071952533245,11.072646083081528,0.0,4.527984155253481,36.036399999999986
183.78564,0.25,0.0,0.0,24.296928024852555,19.144071952533245,10.49448906915044,0.0,4.535897214098185,34.234579999999994
180.182,0.3166666666666666,-3.603639999999984,0.0,23.05741061168401,19.551611513361394,10.49448906915044,0.0,4.358314985191628,36.036399999999986
178.38018,0.4,-1.8018200000000208,0.0,23.05741061168401,20.171071645820184,10.171873769981747,0.0,4.1721602758699765,36.036400000000015
180.182,0.4833333333333333,1.8018200000000208,0.0,22.881365838239553,20.4994773113419,8.881412573306974,0.0,3.9454511399692183,30.63093999999998
185.58746,0.5666666666666667,5.405460000000005,0.0,21.47300765068392,20.9986539229349,8.881412573306974,0.0,3.684715851036234,21.62183999999999
192.79474,0.65,7.207279999999969,0.0,21.47300765068392,21.236055608854215,8.236181974969586,0.0,3.3883058551450453,12.61274000000003
200.00202,0.7333333333333333,7.207279999999997,0.0,21.47300765068392,21.596906171451568,8.236181974969586,0.0,3.083719031780996,1.801819999999992
207.2093,0.8166666666666667,7.207280000000026,0.0,19.70674477729635,21.73143379347251,7.879276806170675,0.0,2.7642952230831273,-9.009100000000018
214.41658,0.9,7.207279999999997,0.0,19.70674477729635,21.93591577894434,6.451656130975031,0.0,2.436562702598319,-18.018200000000007
216.2184,0.9833333333333332,1.801819999999992,0.0,19.70674477729635,21.955699252770955,6.451656130975031,0.0,2.1115338105521175,-21.62183999999999
219.82204,1.0666666666666669,3.603639999999984,0.0,17.76670795031923,21.985770132987405,5.737845793377209,0.0,1.7901976793001122,-28.82911999999999
219.82204,1.15,0.0,0.0,17.76670795031923,21.87893937432371,5.737845793377209,0.0,1.4797420039595743,-32.43275999999997
218.02022,1.2333333333333334,-1.801819999999992,0.0,17.532738525678262,21.47124154570495,5.737845793377209,0.0,1.1866950580773843,-34.234579999999994
216.2184,1.3166666666666669,-1.801819999999992,0.0,15.660983128550516,21.098362631021015,5.3458976775210125,0.0,0.9175851152004229,-36.036399999999986
214.41658,1.4,-1.801819999999992,0.0,15.660983128550516,20.702693154488827,3.778105214096224,0.0,0.6789404488755694,-37.83822000000001
210.81294,1.4833333333333334,-3.603640000000013,0.0,15.40950236657692,19.543381588249527,3.778105214096224,0.0,0.3382832656110793,-36.036400000000015
207.2093,1.5666666666666669,-3.603639999999984,0.0,13.397656270788158,18.695382766145748,2.9942089823838307,0.0,0.2503823702778299,-34.23458000000002
205.40748,1.65,-1.801819999999992,0.0,13.397656270788158,16.850771666552706,2.9942089823838307,0.0,0.2005960417132364,-34.23458000000002
201.80384,1.7333333333333334,-3.6036400000000417,0.0,10.984813335830092,14.537529638954933,2.566464842043283,0.0,0.1804177416592422,-30.63093999999998
198.2002,1.8166666666666669,-3.603639999999984,0.0,10.984813335830092,13.421741715134171,0.8554882806810944,0.0,0.1595800200348561,-25.225480000000005
196.39838,1.9,-1.801819999999992,0.0,10.70100521879056,10.400251324543795,0.8554882806810944,0.0,0.1384785297823131,-19.82002
194.59656,1.9833333333333336,-1.801819999999992,0.0,8.4305402824743,4.486891863874975,0.8554882806810944,0.0,0.1175089238438485,-16.216380000000015
190.99292,2.066666666666667,-3.603640000000013,0.0,8.131916147701459,0.0,0.0,0.0,0.0970668551616975,-10.810919999999982
187.38928,2.15,-3.603639999999984,0.0,5.7429230695187234,0.0,0.0,0.0,0.0775479766780953,-3.603640000000013
183.78564,2.2333333333333334,-3.603640000000013,0.0,5.43038135687901,0.0,0.0,0.0,0.0428624020754779,0.0
180.182,2.3166666666666664,-3.603639999999984,0.0,2.9300476557612987,0.0,0.0,0.0,0.0284870118409329,3.603639999999984
176.57836,2.4,-3.603640000000013,0.0,0.0,0.0,0.0,0.0,0.0166174235738775,3.603640000000013
174.77653999999998,2.4833333333333334,-1.8018200000000208,0.0,0.0,0.0,0.0,0.0,0.0019782647111758,3.603640000000013
172.97472,2.5666666666666664,-1.801819999999992,0.0,0.0,0.0,0.0,0.0,0.0,1.801819999999992
171.1729,2.65,-1.801819999999992,0.0,0.0,0.0,0.0,0.0,0.0,0.0
171.1729,2.7333333333333334,0.0,0.0,0.0,0.0,0.0,0.0,0.0,-3.603639999999984
172.97472,2.8166666666666664,1.801819999999992,0.0,0.0,0.0,0.0,0.0,0.0,-9.00909999999999
176.57836,2.9,3.603640000000013,0.0,0.0,0.0,0.0,0.0,0.0,-18.01819999999998
178.38018,2.9833333333333334,1.801819999999992,0.0,0.0,0.0,0.0,0.0,0.0,-23.423660000000012
180.182,3.066666666666667,1.8018200000000208,0.0,0.0,0.0,0.0,0.0,0.0,-28.829120000000017
183.78564,3.15,3.603639999999984,0.0,0.0,0.0,0.0,0.0,0.0,-36.036400000000015
183.78564,3.2333333333333334,0.0,0.0,0.0,0.0,0.0,0.0,0.0,-39.64004
183.78564,3.3166666666666664,0.0,0.0,0.0,0.0,0.0,0.0,0.0,-41.44185999999999
180.182,3.4,-3.603639999999984,0.0,0.0,0.0,0.0,0.0,0.0,-39.64004000000003
178.38018,3.4833333333333334,-1.8018200000000208,0.0,0.0,0.0,0.0,0.0,0.0,-37.83822000000001
174.77653999999998,3.5666666666666664,-3.603640000000013,0.0,0.0,0.0,0.0,0.0,0.0,-32.43275999999997
171.1729,3.65,-3.603639999999984,0.0,0.0,0.0,0.0,0.0,0.0,-28.82911999999999
167.56926,3.7333333333333334,-3.603639999999984,0.0,0.0,0.0,0.0,0.0,0.0,-25.225480000000005
163.96562,3.8166666666666664,-3.603640000000013,0.0,0.0,0.0,0.0,0.0,0.0,-21.62183999999999
158.56016000000002,3.9,-5.405459999999977,0.0,0.0,0.0,0.0,0.0,0.0,-18.018200000000036
154.95651999999998,3.9833333333333334,-3.6036400000000417,0.0,0.0,0.0,0.0,0.0,0.0,-16.216379999999987
151.35288,4.066666666666666,-3.603639999999984,0.0,0.0,0.0,0.0,0.0,0.0,-16.216379999999987
147.74924,4.15,-3.603640000000013,0.0,0.0,0.0,0.0,0.0,0.0,-14.414559999999966
144.1456,4.233333333333333,-3.603639999999984,0.0,0.0,0.0,0.0,0.0,0.0,-12.612740000000002
142.34378,4.316666666666666,-1.801819999999992,0.0,0.0,0.0,0.0,0.0,0.0,-14.414560000000009
140.54196,4.4,-1.8018200000000208,0.0,0.0,0.0,0.0,0.0,0.0,-14.414559999999994
140.54196,4.483333333333333,0.0,0.0,0.0,0.0,0.0,0.0,0.0,-16.216379999999987
142.34378,4.566666666666666,1.8018200000000208,0.0,0.0,0.0,0.0,0.0,0.0,-18.018200000000007
142.34378,4.65,0.0,0.0,0.0,0.0,0.0,0.0,0.0,-19.820020000000017
142.34378,4.733333333333333,0.0,0.0,0.0,0.0,0.0,0.0,0.0,-19.820020000000017
142.34378,4.816666666666666,0.0,0.0,0.0,0.0,0.0,0.0,0.0,-21.62184000000001
140.54196,4.9,-1.8018200000000208,0.0,0.0,0.0,0.0,0.0,0.0,-21.62183999999999
138.74014,4.983333333333333,-1.801819999999992,0.0,0.0,0.0,0.0,0.0,0.0,-21.62183999999999
135.1365,5.066666666666666,-3.603639999999984,0.0,0.0,0.0,0.0,0.0,0.0,-19.82002
133.33468000000002,5.15,-1.801819999999992,0.0,0.0,0.0,0.0,0.0,0.0,-19.820020000000028
131.53286,5.233333333333333,-1.8018200000000208,0.0,0.0,0.0,0.0,0.0,0.0,-19.82002
127.92922,5.316666666666666,-3.603639999999998,0.0,0.0,0.0,0.0,0.0,0.0,-18.018200000000007
126.1274,5.4,-1.8018200000000064,0.0,0.0,0.0,0.0,0.0,0.0,-19.820019999999985
124.32558,5.483333333333333,-1.801819999999992,0.0,0.0,0.0,0.0,0.0,0.0,-19.82002
124.32558,5.566666666666666,0.0,0.0,0.0,0.0,0.0,0.0,0.0,-21.62183999999999
122.52376,5.65,-1.8018200000000064,0.0,0.0,0.0,0.0,0.0,0.0,-21.62184000000001
122.52376,5.733333333333333,0.0,0.0,0.0,0.0,0.0,0.0,0.0,-23.42366
120.72194,5.816666666666666,-1.801819999999992,0.0,0.0,0.0,0.0,0.0,0.0,-23.42366
118.92012,5.9,-1.8018200000000064,0.0,0.0,0.0,0.0,0.0,0.0,-23.42366
117.1183,5.983333333333333,-1.801819999999992,0.0,0.0,0.0,0.0,0.0,0.0,-23.42366
115.31648,6.066666666666666,-1.801819999999992,0.0,0.0,0.0,0.0,0.0,0.0,-23.423660000000012
113.51466,6.15,-1.8018200000000208,0.0,0.0,0.0,0.0,0.0,0.0,-21.62183999999999
111.71284,6.233333333333333,-1.801819999999992,0.0,0.0,0.0,0.0,0.0,0.0,-18.018199999999993
109.91102,6.316666666666666,-1.8018200000000064,0.0,0.0,0.0,0.0,0.0,0.0,-12.612739999999988
106.30738,6.4,-3.603639999999984,0.0,0.0,0.0,0.0,0.0,0.0,-3.603639999999998
104.50556,6.483333333333333,-1.8018200000000064,0.0,0.0,0.0,0.0,0.0,0.0,1.8018200000000064
102.70374,6.566666666666666,-1.801819999999992,0.0,0.0,0.0,0.0,0.0,0.0,7.207279999999983
100.90192,6.65,-1.8018200000000208,0.0,0.0,0.0,0.0,0.0,0.0,9.009100000000004
99.1001,6.733333333333333,-1.801819999999992,0.0,0.0,0.0,0.0,0.0,0.0,10.810919999999996
97.29828,6.816666666666666,-1.801819999999992,0.0,0.0,0.0,0.0,0.0,0.0,14.414559999999994
95.49646,6.9,-1.8018200000000064,0.0,0.0,0.0,0.0,0.0,0.0,19.820020000000017
93.69464,6.983333333333333,-1.801819999999992,0.0,0.0,0.0,0.0,0.0,0.0,27.027299999999997
91.89282,7.066666666666666,-1.8018200000000064,0.0,0.0,0.0,0.0,0.0,0.0,36.0364
91.89282,7.15,0.0,0.0,0.0,0.0,0.0,0.0,0.0,43.24368000000001
93.69464,7.233333333333333,1.8018200000000064,0.0,0.0,0.0,0.0,0.0,0.0,50.450959999999995
97.29828,7.316666666666666,3.603639999999998,0.0,0.0,0.0,0.0,0.0,0.0,54.05459999999999
102.70374,7.4,5.405460000000005,0.0,0.0,0.0,0.0,0.0,0.0,54.054599999999965
106.30738,7.483333333333333,3.603639999999998,0.0,0.0,0.0,0.0,0.0,0.0,54.05460000000001
109.91102,7.566666666666666,3.603639999999984,0.0,0.0,0.0,0.0,0.0,0.0,52.252780000000016
109.91102,7.65,0.0,0.0,0.0,0.0,0.0,0.0,0.0,54.05460000000001
109.91102,7.733333333333333,0.0,0.0,0.0,0.0,0.0,0.0,0.0,55.85642
111.71284,7.816666666666666,1.8018200000000064,0.0,0.0,0.0,0.0,0.0,0.0,54.05459999999999
115.31648,7.9,3.603640000000013,0.0,0.0,0.0,0.0,0.0,0.0,52.25278
120.72194,7.983333333333333,5.405459999999991,0.0,0.0,0.0,0.0,0.0,0.0,46.84732000000001
127.92922,8.066666666666666,7.207279999999997,0.0,0.0,0.0,0.0,0.0,0.0,39.64004000000001
135.1365,8.15,7.2072800000000115,0.0,0.0,0.0,0.0,0.0,0.0,32.43276
144.1456,8.233333333333333,9.00909999999999,0.0,0.0,0.0,0.0,0.0,0.0,21.62183999999999
151.35288,8.316666666666666,7.207279999999997,0.0,0.0,0.0,0.0,0.0,0.0,14.414559999999994
156.75833999999998,8.4,5.405459999999977,0.0,0.0,0.0,0.0,0.0,0.0,7.207280000000026
160.36198000000002,8.483333333333333,3.6036400000000417,0.0,0.0,0.0,0.0,0.0,0.0,1.801819999999992
162.1638,8.566666666666666,1.801819999999992,0.0,0.0,0.0,0.0,0.0,0.0,0.0
163.96562,8.65,1.801819999999992,0.0,0.0,0.0,0.0,0.0,0.0,-3.603639999999984
165.76744,8.733333333333333,1.801819999999992,0.0,0.0,0.0,0.0,0.0,0.0,-5.405459999999977
165.76744,8.816666666666666,0.0,0.0,0.0,0.0,0.0,0.0,0.0,-7.207279999999969
167.56926,8.9,1.8018200000000208,0.0,0.0,0.0,0.0,0.0,0.0,-9.00909999999999
167.56926,8.983333333333333,0.0,0.0,0.0,0.0,0.0,0.0,0.0,-7.207279999999997
167.56926,9.066666666666666,0.0,0.0,0.0,0.0,0.0,0.0,0.0,-7.207279999999997
167.56926,9.15,0.0,0.0,0.0,0.0,0.0,0.0,0.0,-1.8018200000000208
165.76744,9.233333333333333,-1.8018200000000208,0.0,0.0,0.0,0.0,0.0,0.0,0.0
165.76744,9.316666666666666,0.0,0.7651713905140267,2.735007787642898,0.0237401685919311,0.6231390477322336,0.3983461286365288,0.0890219120029155,3.603640000000013
163.96562,9.4,-1.801819999999992,0.7651713905140267,2.735007787642898,0.0237401685919311,0.9130203255221738,0.7444646537407129,0.1663720622098933,14.414559999999994
162.1638,9.483333333333333,-1.801819999999992,1.4300203098273256,2.735007787642898,0.0237401685919311,1.187438669358574,1.0410112161701286,0.1663720622098933,25.225480000000005
162.1638,9.566666666666666,0.0,1.4300203098273256,5.2355722105228,0.0237401685919311,1.4456410018143673,1.2906414567823532,0.2326439300342859,37.83821999999998
160.36198000000002,9.65,-1.801819999999992,1.9996479005433223,5.2355722105228,0.0237401685919311,1.6868742454624843,1.496011016434964,0.2884309948894464,52.25278
160.36198000000002,9.733333333333333,0.0,2.4791553052654463,5.2355722105228,0.0237401685919311,1.9103853228758616,1.6597755359855362,0.3343267361887274,66.66733999999997
158.56016000000002,9.816666666666666,-1.801819999999992,2.4791553052654463,7.50708390783834,0.0917953185554669,2.11542115662743,1.7845906562916491,0.3343267361887274,81.08189999999999
158.56016000000002,9.9,0.0,2.873643666597123,7.50708390783834,0.0917953185554669,2.11542115662743,1.873112018210878,0.3709246333454814,91.89281999999996
160.36198000000002,9.983333333333333,1.801819999999992,2.873643666597123,7.50708390783834,0.0917953185554669,2.3012286692901225,1.9279952626007997,0.3988181657730617,97.29827999999998
160.36198000000002,10.066666666666666,0.0,3.188214127141777,9.554933518788156,0.0917953185554669,2.3012286692901225,1.9518960303189916,0.4186008128848208,99.1001
165.76744,10.1,5.405459999999977,3.4279678295028395,9.554933518788156,0.0917953185554669,2.4670547834368723,1.9518960303189916,0.4186008128848208,93.69464000000002
165.76744,10.15,0.0,3.4279678295028395,9.554933518788156,0.0917953185554669,2.6121464216406114,1.9474699622230296,0.4308660540941114,91.89282
169.37108,10.233333333333333,3.603640000000013,3.598005916283735,11.384511682570883,0.0917953185554669,2.6121464216406114,1.917372699170492,0.4362073688142864,86.48736
178.38018,10.316666666666666,9.00909999999999,3.598005916283735,11.384511682570883,0.1994174161722213,2.735750506474273,1.8642598820189549,0.4352182364586983,75.67644000000001
187.38928,10.4,9.009100000000018,3.7034295300878894,11.384511682570883,0.1994174161722213,2.735750506474273,1.7907871516259948,0.4352182364586983,68.46915999999999
200.00202,10.483333333333333,12.612739999999974,3.749339813518731,11.384511682570883,0.1994174161722213,2.735750506474273,1.6996101488491897,0.4284921364407002,57.658240000000006
212.61476,10.566666666666666,12.61274000000003,3.749339813518731,13.001209038385149,0.1994174161722213,2.837113960510792,1.5933845145461154,0.4166225481736448,46.84732
227.02932,10.65,14.414559999999966,3.740837909179686,13.001209038385149,0.1994174161722213,2.837113960510792,1.474765889574349,0.4002029510708847,34.234579999999994
239.64206,10.733333333333333,12.61274000000003,3.6830249596741815,13.001209038385149,0.341858427723808,2.9154837063230987,1.3464099147914677,0.3798268245457731,25.225479999999948
250.45298,10.816666666666666,10.810919999999982,3.6830249596741815,14.410416225429598,0.341858427723808,2.9154837063230987,1.2109722310550477,0.3560876480116623,14.414559999999966
257.66026,10.9,7.207279999999997,3.5810021076056446,14.410416225429598,0.341858427723808,2.970106666484128,1.0711084792226666,0.3295789008819052,7.207279999999969
259.46208,10.983333333333333,1.8018200000000208,3.4398704955775017,14.410416225429598,0.341858427723808,2.970106666484128,0.9294743001519008,0.3295789008819052,3.603639999999984
259.46208,11.066666666666666,0.0,3.4398704955775017,14.410416225429598,0.341858427723808,2.970106666484128,0.7887253347003269,0.3008940625698547,0.0
257.66026,11.15,-1.8018200000000208,3.2647312661931807,15.617523882902857,0.341858427723808,3.0002297635668116,0.6515172237255225,0.2706266124888633,0.0
255.85844,11.233333333333333,-1.801819999999992,3.060685562056107,15.617523882902857,0.5143703194918406,3.0002297635668116,0.5205056080850644,0.2393700300522841,-3.603640000000013
254.05662,11.316666666666666,-1.801819999999992,2.832834525769708,15.617523882902857,0.5143703194918406,3.0002297635668116,0.3983461286365289,0.2077177946734696,-5.405460000000005
255.85844,11.4,1.801819999999992,2.832834525769708,16.627922650003566,0.5143703194918406,3.005099920144083,0.2876944262374933,0.1762633857657727,-12.612740000000002
257.66026,11.483333333333333,1.801819999999992,2.5862792999374107,16.627922650003566,0.5143703194918406,3.005099920144083,0.1912061417455338,0.1456002827425463,-16.216379999999987
259.46208,11.566666666666666,1.8018200000000208,2.3261210271626416,16.627922650003566,0.5143703194918406,3.005099920144083,0.1115369160182281,0.116321965017143,-19.82002
261.2639,11.65,1.801819999999964,2.3261210271626416,16.627922650003566,0.7122050577579332,2.9839640587888745,0.0513423899131526,0.4203812511248792,-23.423659999999984
264.86753999999996,11.733333333333333,3.603639999999984,2.0574608500488276,17.447003165930358,0.7122050577579332,2.9839640587888745,0.0132782042878842,0.7082187666009728,-30.630939999999953
264.86753999999996,11.816666666666666,0.0,1.785399911199396,17.447003165930358,0.7122050577579332,2.9839640587888745,0.0,0.9555018554979602,-34.23457999999994
264.86753999999996,11.9,0.0,1.5150393532177726,17.447003165930358,0.7122050577579332,2.936069102074119,0.0,0.9335431172039076,-37.83821999999998
263.06572,11.983333333333333,-1.801819999999964,1.5150393532177726,18.080156069881863,0.7122050577579332,2.936069102074119,0.0,1.1537239795577856,-41.44185999999999
259.46208,12.066666666666666,-3.603639999999984,1.2514803187073855,18.080156069881863,0.9306146088036994,2.936069102074119,0.0,1.3373069447549095,-41.44186000000002
257.66026,12.15,-1.8018200000000208,0.9998239502716616,18.080156069881863,0.9306146088036994,2.936069102074119,0.0,1.4836985333819257,-43.24367999999998
252.2548,12.233333333333333,-5.405460000000005,0.7651713905140269,18.080156069881863,0.9306146088036994,2.86066197257275,0.0,1.4836985333819257,-39.64003999999997
248.65116,12.316666666666666,-3.603639999999984,0.7651713905140269,18.53277200105672,0.9306146088036994,2.86066197257275,0.0,1.595272663092247,-37.83822000000001
243.2457,12.4,-5.405460000000005,0.5526237820379086,18.53277200105672,0.9306146088036994,2.86066197257275,0.0,1.6744032515392833,-36.036399999999986
241.44388,12.483333333333333,-1.801819999999992,0.3672822674467327,18.53277200105672,1.1648509389107529,2.756989592857701,0.0,1.7234642163764455,-36.036399999999986
239.64206,12.566666666666666,-1.801819999999992,0.2142479893439275,18.53277200105672,1.1648509389107529,2.756989592857701,0.0,1.7234642163764455,-37.838220000000035
237.84024,12.65,-1.8018200000000208,0.2142479893439275,18.81024159865356,1.1648509389107529,2.756989592857701,0.0,1.7448294752571458,-39.64004
234.2366,12.733333333333333,-3.603639999999984,0.0986220903329191,18.81024159865356,1.1648509389107529,2.756989592857701,0.0,1.7408729458347934,-39.64004
230.63296000000005,12.816666666666666,-3.603639999999984,0.0255057130171341,18.81024159865356,1.4101660143607075,2.624298885501903,0.0,1.7139685457628009,-39.64004000000003
227.02932,12.9,-3.6036400000000417,0.0,18.91795550187103,1.4101660143607075,2.624298885501903,0.0,1.7139685457628009,-39.64003999999997
221.62386,12.983333333333333,-5.405459999999977,0.0,18.91795550187103,1.4101660143607075,2.624298885501903,0.0,1.6664901926945792,-37.83822000000001
218.02022,13.066666666666666,-3.603640000000013,0.0,18.91795550187103,1.4101660143607075,2.624298885501903,0.0,1.600811804283539,-36.036399999999986
214.41658,13.15,-3.603639999999984,0.0,18.91795550187103,1.6618118014351777,2.46183677307829,0.0,1.5193072981830924,-32.43276
212.61476,13.233333333333333,-1.801819999999992,0.0,18.861304349907755,1.6618118014351777,2.46183677307829,0.0,1.4243505920466493,-28.829120000000017
210.81294,13.316666666666666,-1.8018200000000208,0.0,18.861304349907755,1.6618118014351777,2.46183677307829,0.0,1.318315603527621,-25.225479999999976
207.2093,13.4,-3.603639999999984,0.0,18.861304349907755,1.6618118014351777,2.46183677307829,0.0,1.2035762502794187,-19.82002
205.40748,13.483333333333333,-1.801819999999992,0.0,18.861304349907755,1.9150402664157764,2.46183677307829,0.0,1.2035762502794187,-14.414560000000025
201.80384,13.566666666666666,-3.6036400000000417,0.0,18.64567878196237,1.9150402664157764,2.268850178159796,0.0,1.0825064499554533,-9.00909999999999
198.2002,13.65,-3.603639999999984,0.0,18.64567878196237,1.9150402664157764,2.268850178159796,0.0,0.9574801202091366,-3.603639999999984
194.59656,13.733333333333333,-3.603639999999984,0.0,18.64567878196237,1.9150402664157764,2.268850178159796,0.0,0.8308711786938787,1.801819999999992
190.99292,13.816666666666666,-3.603640000000013,0.0,18.276469437233505,2.165103375584117,2.268850178159796,0.0,0.7050535430630911,7.207279999999997
187.38928,13.9,-3.603639999999984,0.0,18.276469437233505,2.165103375584117,2.044586023319352,0.0,0.4652878600685721,14.414559999999966
183.78564,13.983333333333333,-3.603640000000013,0.0,18.276469437233505,2.165103375584117,2.044586023319352,0.0,0.3560876480116624,19.820020000000028
181.98382,14.066666666666666,-1.801819999999992,0.0,18.276469437233505,2.4072530952218143,2.044586023319352,0.0,0.2571744124528674,21.62184000000002
181.98382,14.15,0.0,0.0,17.759066954919803,2.4072530952218143,2.044586023319352,0.0,0.1709220710455978,21.62184000000002
183.78564,14.233333333333333,1.801819999999992,0.0,17.759066954919803,2.4072530952218143,2.044586023319352,0.0,0.0997045414432654,18.01819999999998
185.58746,14.316666666666666,1.8018200000000208,0.0,17.759066954919803,2.6367413916104816,1.7882912311298929,0.0,0.0118695882670553,12.612739999999974
187.38928,14.4,1.801819999999992,0.0,17.098861974219897,2.6367413916104816,1.7882912311298929,0.0,0.0,9.00909999999999
190.99292,14.483333333333333,3.603639999999984,0.0,17.098861974219897,2.6367413916104816,1.7882912311298929,0.0,0.0,1.801819999999992
192.79474,14.566666666666666,1.801819999999992,0.0,17.098861974219897,2.8488202310317328,1.7882912311298929,0.0,0.0,-3.603639999999984
194.59656,14.65,1.8018200000000208,0.0,17.098861974219897,2.8488202310317328,1.4992127241643485,0.0,0.0,-9.00909999999999
196.39838,14.733333333333333,1.801819999999992,0.0,16.301245134332415,2.8488202310317328,1.4992127241643485,0.0,0.0,-14.414559999999994
198.2002,14.816666666666666,1.801819999999992,0.0,16.301245134332415,3.0387415797671817,1.4992127241643485,0.0,0.0,-19.82002
201.80384,14.9,3.603639999999984,0.0,16.301245134332415,3.0387415797671817,1.4992127241643485,0.0,0.0,-23.423659999999984
203.60566000000003,14.983333333333333,1.801820000000049,0.0,15.371607074456003,3.201757404098442,1.4992127241643485,0.0,0.0,-27.027300000000025
203.60566000000003,15.066666666666666,0.0,0.0,15.371607074456003,3.201757404098442,1.4992127241643485,0.0,0.0,-27.027300000000025
203.60566000000003,15.15,0.0,0.0,15.371607074456003,3.201757404098442,1.1765974249956552,0.0,0.0,-28.82912000000005
201.80384,15.233333333333333,-1.801820000000049,0.0,14.315338433789282,3.333119670307127,1.1765974249956552,0.0,0.0,-27.027299999999997
198.2002,15.316666666666666,-3.603639999999984,0.0,14.315338433789282,3.333119670307127,1.1765974249956552,0.0,0.0,-27.027299999999997
196.39838,15.4,-1.801819999999992,0.0,14.315338433789282,3.428080344674852,1.1765974249956552,0.0,0.0,-25.225480000000005
192.79474,15.483333333333333,-3.603640000000013,0.0,13.1378298515309,3.428080344674852,1.1765974249956552,0.0,0.0,-23.423659999999984
189.1911,15.566666666666666,-3.603639999999984,0.0,13.1378298515309,3.481891393483229,0.8196922561967441,0.0,0.0,-23.423660000000012
185.58746,15.65,-3.603639999999984,0.0,13.1378298515309,3.481891393483229,0.8196922561967441,0.0,0.0,-21.62184000000002
181.98382,15.733333333333333,-3.603640000000013,0.0,11.844471966879484,3.4898047830138736,0.8196922561967441,0.0,0.0,-19.82002
178.38018,15.816666666666666,-3.603640000000013,0.0,11.844471966879484,3.4898047830138736,0.8196922561967441,0.0,0.0,-18.01819999999998
178.38018,15.9,0.0,0.0,11.844471966879484,3.447072479548397,0.8196922561967441,0.0,0.0,-9.00909999999999
176.57836,15.983333333333333,-1.801819999999992,0.0,11.844471966879484,3.447072479548397,0.8196922561967441,0.0,0.0,-18.01819999999998
176.57836,16.066666666666666,0.0,0.0,10.440655419033677,3.348946449368415,0.4277441403405472,0.0,0.0,-19.820020000000028
174.77653999999998,16.15,-1.8018200000000208,0.0,10.440655419033677,3.348946449368415,0.4277441403405472,0.0,0.0,-16.21637999999996
174.77653999999998,16.233333333333334,0.0,0.0,10.440655419033677,3.190678658755541,0.4277441403405472,0.0,0.0,-14.414559999999966
171.1729,16.316666666666666,-3.603639999999984,0.0,8.931770847192105,2.9675210739913886,0.4277441403405472,0.0,0.0,-5.405460000000005
171.1729,16.4,0.0,0.0,8.931770847192105,2.6747256613575727,0.4277441403405472,0.0,0.0,0.0
169.37108,16.483333333333334,-1.801819999999992,0.0,7.323208890553396,2.3075443871357035,0.4277441403405472,0.0,0.0,9.00909999999999
165.76744,16.566666666666666,-3.603640000000013,0.0,7.323208890553396,1.861229217607399,0.0,0.0,0.0,21.62184000000002
163.96562,16.65,-1.801819999999992,0.0,7.323208890553396,1.3310321190542718,0.0,0.0,0.0,30.63094000000001
162.1638,16.733333333333334,-1.801819999999992,0.0,5.620360188316201,0.7122050577579326,0.0,0.0,0.0,41.44186000000002
160.36198000000002,16.816666666666666,-1.801819999999992,0.0,5.620360188316201,0.0,0.0,0.0,0.0,54.05459999999999
169.37108,16.833333333333332,9.00909999999999,0.0,3.8286153796791487,0.0,0.0,0.0,0.0,54.05459999999999
158.56016000000002,16.9,-10.810919999999982,0.0,3.8286153796791487,0.0,0.0,0.0,0.0,72.0728
156.75833999999998,16.983333333333334,-1.801820000000049,0.0,1.953365103840866,0.0,0.0,0.0,0.0,79.28008000000003
158.56016000000002,17.066666666666666,1.801820000000049,0.0,0.0,0.0,0.0,0.0,0.0,81.08189999999999
160.36198000000002,17.15,1.801819999999992,0.0,0.0,0.0,0.0,0.0,0.0,81.08189999999999
165.76744,17.233333333333334,5.405459999999977,0.0,0.0,0.0,0.0,0.0,0.0,73.87462000000002
171.1729,17.316666666666666,5.405460000000005,0.0,0.0,0.0,0.0,0.0,0.0,66.66734
178.38018,17.4,7.207279999999997,0.0,0.0,0.0,0.0,0.0,0.0,55.856420000000014
187.38928,17.483333333333334,9.009100000000018,0.0,0.0,0.0,0.0,0.0,0.0,43.24368000000001
194.59656,17.566666666666666,7.207279999999997,0.0,0.0,0.0,0.0,0.0,0.0,30.63093999999998
203.60566000000003,17.65,9.009100000000018,0.0,0.0,0.0,0.0,0.0,0.0,16.21637999999996
214.41658,17.733333333333334,10.810919999999982,0.0,0.0,0.0,0.0,0.0,0.0,0.0
223.42568,17.816666666666666,9.00909999999999,0.0,0.0,0.0,0.0,0.0,0.0,-14.414559999999994
230.63296000000005,17.9,7.207280000000026,0.0,0.0,0.0,0.0,0.0,0.0,-25.225480000000005
236.03842,17.983333333333334,5.405459999999977,0.0,0.0,0.0,0.0,0.0,0.0,-34.23458000000002
239.64206,18.066666666666663,3.603640000000013,0.0,0.0,0.0,0.0,0.0,0.0,-39.64004000000003
241.44388,18.15,1.801819999999992,0.0,0.0,0.0,0.0,0.0,0.0,-41.44186000000002
239.64206,18.233333333333334,-1.801819999999992,0.0,0.0,0.0,0.0,0.0,0.0,-41.44186000000002
237.84024,18.316666666666663,-1.8018200000000208,0.0,0.0,0.0,0.0,0.0,0.0,-39.64004
234.2366,18.4,-3.603639999999984,0.0,0.0,0.0,0.0,0.0,0.0,-37.83822000000001
230.63296000000005,18.483333333333334,-3.603639999999984,0.0,0.0,0.0,0.0,0.0,0.0,-32.43276000000003
225.2275,18.566666666666663,-5.4054600000000335,0.0,0.0,0.0,0.0,0.0,0.0,-30.63093999999998
219.82204,18.65,-5.405460000000005,0.0,0.0,0.0,0.0,0.0,0.0,-27.027299999999997
214.41658,18.733333333333334,-5.405459999999977,0.3825856952570133,3.190842418916714,0.0474803371838622,1.8694171431967008,0.3983461286365288,0.0,-25.225480000000005
209.01112,18.816666666666663,-5.405460000000005,0.7150101549136628,3.190842418916714,0.0474803371838622,3.5623160080757224,0.7444646537407129,0.0,-19.82002
205.40748,18.9,-3.603639999999984,0.9445615720678708,6.564002210217084,0.0522283709022484,4.960062053175335,1.4393573448066574,0.0,-16.216380000000015
201.80384,18.983333333333334,-3.6036400000000417,1.4288300432198588,6.564002210217084,0.0522283709022484,5.973643061909628,2.035106110523066,0.0,-10.810919999999982
200.00202,19.066666666666663,-1.801819999999992,1.4288300432198588,6.564002210217084,0.0522283709022484,6.506263738201821,2.537022232605093,0.0,-5.405459999999977
200.00202,19.15,0.0,1.83947202279572,9.630859927565195,0.0522283709022484,7.41803021409007,2.9504169927678894,0.0,1.801819999999992
198.2002,19.233333333333334,-1.801819999999992,1.83947202279572,9.630859927565195,0.1883386708293201,8.033137715344775,3.280601672726613,0.0,12.612740000000002
198.2002,19.316666666666663,0.0,2.1805684248781954,9.630859927565195,0.1883386708293201,8.814071330746229,3.532887554196414,0.0,23.423660000000012
196.39838,19.4,-1.801819999999992,2.3378536551505222,10.00944521045112,0.2019497008220273,9.019107164497797,3.7125859188924486,0.0,41.44185999999999
198.2002,19.466666666666665,1.801819999999992,2.456200163550025,12.398603089892577,0.2019497008220273,9.516585506938046,3.8250080485298694,0.0,55.856420000000014
194.59656,19.483333333333334,-3.603639999999984,2.670448152893953,12.398603089892577,0.2019497008220273,9.70239301960074,3.875465224823829,0.0,75.67644000000001
192.79474,19.566666666666663,-1.8018200000000208,2.670448152893953,12.73991135838421,0.2019497008220273,10.303494048358706,3.8692687294894834,0.0,93.69464
189.1911,19.65,-3.603639999999984,2.827393306992719,14.874419216130724,0.417193896055536,10.303494048358706,3.811729844241985,0.0,111.71283999999996
189.1911,19.733333333333334,0.0,2.880105113894796,14.874419216130724,0.417193896055536,10.81939794106343,3.708159850796487,0.0,122.52376000000004
189.1911,19.816666666666663,0.0,2.9311165399290653,15.179348910094513,0.4387183155788868,10.81939794106343,3.5638700308681446,0.0,129.73104
190.99292,19.9,1.801819999999992,2.985698765785733,17.06549582521115,0.4387183155788868,11.24709238800665,3.38417166617211,0.0,131.53286
194.59656,19.983333333333334,3.603640000000013,2.98144781361621,17.06549582521115,0.4387183155788868,11.24709238800665,3.1743760384235387,0.0,129.73104
201.80384,20.066666666666663,7.207279999999969,2.9952208986454627,17.334945384513528,0.4387183155788868,11.583565079480088,2.9397944293375833,0.0,122.52376000000004
210.81294,20.15,9.009100000000018,2.9637638525909966,17.334945384513528,0.7236003386820602,11.583565079480088,2.685738120629397,0.0,113.51466000000002
221.62386,20.233333333333334,10.81092000000001,2.912752426556728,18.97902043606539,0.7236003386820602,11.583565079480088,2.4175183940141345,0.0,102.70374
237.84024,20.316666666666663,16.216379999999987,2.895408541705077,18.97902043606539,0.7520885409923775,11.82580370577548,2.1404465312069485,0.0,86.48736000000002
254.05662,20.4,16.216380000000015,2.7942358800704445,19.2138883005728,0.7520885409923775,11.82580370577548,1.8598338139229935,0.0,68.46915999999999
270.273,20.483333333333334,16.216380000000015,2.706666265378284,20.622180567624937,0.7520885409923775,11.880426665936511,1.5809915238774233,0.1483698533381926,48.64913999999999
286.48938,20.566666666666663,16.21637999999996,2.664326781769841,20.622180567624937,1.0971123245284429,11.970795957184563,1.3092309427853914,0.2772867703498222,28.82912000000005
300.90394,20.65,14.414559999999994,2.5097621608860075,20.82336517720381,1.0971123245284429,11.970795957184563,1.0498633523620513,0.3877398833904766,9.00909999999999
311.71486000000004,20.733333333333334,10.810920000000069,2.395836642742808,20.82336517720381,1.0971123245284429,12.000919054267246,0.8082000343225577,0.3877398833904766,-7.207280000000083
318.92214,20.816666666666663,7.207279999999969,2.211345318585537,22.002163738821302,1.1316147028820494,12.01552952399906,0.5895522703820628,0.480718324815744,-18.018200000000036
322.52578,20.9,3.603639999999984,2.142990007699618,22.002163738821302,1.1316147028820494,12.01552952399906,0.3992313422557214,0.5572112269812123,-27.027300000000025
324.3276,20.983333333333334,1.8018200000000208,2.0129108713122332,22.17056353333809,1.1316147028820494,12.020399680576332,0.2425485316586865,0.618207722242469,-32.43276000000003
324.3276,21.066666666666663,0.0,1.804614215005637,23.126157468586012,1.5272841794142344,11.956992096510708,0.1248151203061124,0.618207722242469,-36.036400000000015
324.3276,21.15,0.0,1.7265667331732062,23.126157468586012,1.5272841794142344,11.956992096510708,0.0513423899131526,0.664696942955103,-37.838220000000035
324.3276,21.233333333333334,0.0,1.5099382106143464,23.262670887907145,1.566851127067453,11.935856235155498,0.0132782042878842,0.6976680214747013,-39.64004
324.3276,21.316666666666663,0.0,1.3747579316235343,23.262670887907145,1.566851127067453,11.792171365011232,0.0,0.7181100901568522,-41.44186000000002
322.52578,21.4,-1.8018200000000208,1.1613601327135117,24.00134927585057,1.566851127067453,11.792171365011232,0.0,0.7181100901568522,-43.24367999999998
318.92214,21.483333333333334,-3.603639999999984,1.0802519653190246,24.00134927585057,2.0036702291589856,11.744276408296477,0.0,1.7656012547244924,-48.64913999999999
315.31850000000003,21.566666666666663,-3.603639999999984,1.0802519653190246,24.00134927585057,2.0036702291589856,11.744276408296477,0.0,1.7656012547244924,-37.838220000000035
309.91303999999997,21.65,-5.405460000000062,0.8753560707480466,24.106874759842487,2.0036702291589856,11.518055019792367,0.0,2.6663711198799196,-36.03639999999996
304.50757999999996,21.733333333333334,-5.405460000000005,0.7580297908692292,24.106874759842487,2.047352139368139,11.518055019792367,0.0,3.428332744467837,-30.630939999999953
300.90394,21.816666666666663,-3.603639999999984,0.5762590761004528,24.634926679546485,2.047352139368139,11.442647890291,0.0,3.428332744467837,-27.02729999999997
295.49848,21.9,-5.405460000000005,0.4131925508775744,24.634926679546485,2.5158247995822456,11.442647890291,0.0,4.059399187332949,-16.21637999999996
291.89484,21.983333333333334,-3.603639999999984,0.3494282683347389,24.710362668075625,2.5158247995822456,11.131630751145853,0.0,4.56748350731996,-5.405460000000005
288.2912,22.066666666666663,-3.603639999999984,0.2729111292833364,25.03407719860527,2.5626720656036563,11.131630751145853,0.0,4.960498763273571,7.207279999999969
286.48938,22.15,-1.8018200000000208,0.1594957254004794,25.03407719860527,2.5626720656036563,11.027958371430804,0.0,4.920933469050054,18.01819999999998
284.68756,22.233333333333334,-1.801819999999964,0.0770272533117453,25.08032213153808,2.5626720656036563,11.027958371430804,0.0,5.202176768822229,27.027300000000025
282.88574,22.316666666666663,-1.8018200000000208,0.0423394836084428,25.08032213153808,3.0533022165035657,10.629886249363407,0.0,5.385166254606,36.036400000000015
279.2821,22.4,-3.603639999999984,0.0295866270998757,25.20598835195846,3.0533022165035657,10.629886249363407,0.0,5.528260735381057,41.44186000000002
270.273,22.45,-9.00909999999999,0.0076517139051402,25.20598835195846,3.1023652315935566,10.497195542007612,0.0,5.477814985246072,52.25277999999997
277.48028,22.483333333333334,7.207279999999969,0.0,25.223940669161372,3.1023652315935566,10.497195542007612,0.0,5.488036019587148,45.0455
273.87664,22.566666666666663,-3.603639999999984,0.0,25.223940669161372,3.605656805742497,10.009809204736774,0.0,5.423742416473931,48.64913999999999
273.87664,22.65,0.0,0.0,25.157847658537552,3.605656805742497,10.009809204736774,0.0,5.2928472347511235,46.847320000000025
273.87664,22.733333333333334,0.0,0.0,25.157847658537552,3.655985963157391,9.847347092313164,0.0,5.192944866836741,45.0455
279.2821,22.816666666666663,5.405460000000005,0.0,25.148405799877004,3.655985963157391,9.847347092313164,0.0,5.008966248697382,36.036400000000015
286.48938,22.9,7.207279999999969,0.0,24.896842637274055,4.162442893118588,9.268387307557678,0.0,4.776190434349017,27.02729999999997
295.49848,22.983333333333334,9.00909999999999,0.0,24.896842637274055,4.162442893118588,9.268387307557678,0.0,4.502530482636352,14.414559999999994
304.50757999999996,23.066666666666663,9.00909999999999,0.0,24.860905042616498,4.213088586114708,9.075400712639183,0.0,4.195899452404087,0.0
311.71486000000004,23.15,7.207280000000083,0.0,24.860905042616498,4.713214804451389,9.075400712639183,0.0,3.850032838733501,-10.810920000000069
318.92214,23.233333333333334,7.207279999999969,0.0,24.430160807099483,4.713214804451389,9.075400712639183,0.0,3.5104307299816377,-23.42366000000004
320.72396000000003,23.316666666666663,1.8018200000000208,0.0,24.430160807099483,4.763227426285058,8.402608248117852,0.0,3.5104307299816377,-30.63094000000001
322.52578,23.4,1.801819999999964,0.0,24.36862591631134,4.763227426285058,8.402608248117852,0.0,3.157310479036739,-37.83821999999998
322.52578,23.483333333333334,0.0,0.0,23.764989686945356,5.247526865560452,8.178344093277408,0.0,2.792650350609982,-43.24367999999998
322.52578,23.566666666666663,0.0,0.0,23.764989686945356,5.247526865560452,8.178344093277408,0.0,2.42337427119048,-48.64913999999999
320.72396000000003,23.65,-1.801819999999964,0.0,23.764989686945356,5.295956809487992,7.40945971670903,0.0,2.0564061672673493,-54.05459999999999
318.92214,23.733333333333334,-1.8018200000000208,0.0,23.678755939893072,5.754933402265326,7.40945971670903,0.0,1.3570895918666686,-57.658240000000035
315.31850000000003,23.816666666666663,-3.603639999999984,0.0,23.678755939893072,5.754933402265326,7.40945971670903,0.0,1.3570895918666686,-61.26188000000002
313.51667999999995,23.9,-1.8018200000000777,0.0,22.908516795743186,5.754933402265326,7.153164924519571,0.0,1.0385889733673488,-59.46005999999994
309.91303999999997,23.983333333333334,-3.603639999999984,0.0,22.908516795743186,5.800831061543059,7.153164924519571,0.0,0.7500920363208633,-61.26187999999996
304.50757999999996,0.0666666666666666,-5.405460000000005,0.0,22.798482632293197,6.2249887403855615,7.153164924519571,0.0,0.4985227072163271,-63.063699999999955
300.90394,0.15,-3.603639999999984,0.0,21.86792965242447,6.2249887403855615,6.285929403622939,0.0,0.2908049125428577,-63.06369999999998
295.49848,0.2333333333333333,-5.405460000000005,0.0,21.86792965242447,6.64724720574071,6.285929403622939,0.0,0.0346196324455782,-63.063699999999955
290.09302,0.3166666666666666,-5.405459999999948,0.0,21.73499351244322,6.64724720574071,5.996850896657394,0.0,0.0,-64.86552000000003
284.68756,0.4,-5.405460000000005,0.0,21.73499351244322,6.64724720574071,5.996850896657394,0.0,0.0,-64.86552000000003
279.2821,0.4833333333333333,-5.405460000000005,0.0,20.65041577592074,7.011263124150321,5.996850896657394,0.0,0.0,-64.86552
273.87664,0.5666666666666667,-5.405460000000005,0.0,20.65041577592074,7.011263124150321,5.029004999151313,0.0,0.0,-66.66734
266.66936000000004,0.65,-7.207279999999969,0.0,20.495476099274672,7.306590821433943,5.029004999151313,0.0,0.0,-63.06370000000001
261.2639,0.7333333333333333,-5.405460000000062,0.0,19.263162685163497,7.306590821433943,4.706389699982621,0.0,0.0,-63.06369999999998
254.05662,0.75,-7.207279999999969,0.0,19.263162685163497,7.522784623411129,4.706389699982621,0.0,0.0,-59.46006
254.05662,0.8166666666666667,0.0,0.0,19.087117911719044,7.522784623411129,4.706389699982621,0.0,0.0,-64.86552
248.65116,0.9,-5.405460000000005,0.0,17.713357899084265,7.630406721027883,3.635674193585888,0.0,0.0,-63.06369999999998
241.44388,0.9833333333333332,-7.207279999999997,0.0,17.713357899084265,7.6493988559014285,3.635674193585888,0.0,0.0,-61.26187999999999
237.84024,1.0666666666666669,-3.603640000000013,0.0,17.51710646870787,7.665225634962717,3.635674193585888,0.0,0.0,-63.06370000000001
232.43478,1.15,-5.405459999999977,0.0,16.008188936614552,7.675987844724393,3.2787690247869765,0.0,0.0,-63.06370000000001
225.2275,1.2333333333333334,-7.207280000000026,0.0,16.008188936614552,7.590523237793439,3.2787690247869765,0.0,0.0,-61.26187999999999
219.82204,1.3166666666666669,-5.405460000000005,0.0,15.792629289172648,7.592105915699569,3.2787690247869765,0.0,0.0,-61.26187999999996
214.41658,1.4,-5.405459999999977,0.0,14.154843316685872,7.38730739464651,2.102924677218386,0.0,0.0,-61.26188000000002
207.2093,1.4833333333333334,-7.207279999999997,0.0,14.154843316685872,7.0707718134207616,2.102924677218386,0.0,0.0,-57.658240000000006
203.60566000000003,1.5666666666666669,-3.603639999999984,0.0,12.160508558229736,7.051146607384765,1.7109765613621888,0.0,0.0,-59.46006000000003
198.2002,1.65,-5.4054600000000335,0.0,12.160508558229736,6.573177879733885,1.7109765613621888,0.0,0.0,-59.46006
194.59656,1.7333333333333334,-3.603639999999984,0.0,11.90902779625614,5.987587054466253,1.7109765613621888,0.0,0.0,-61.26187999999999
189.1911,1.8166666666666669,-5.405460000000005,0.0,10.032372180177646,5.208592989069685,1.7109765613621888,0.0,0.0,-63.06370000000001
185.58746,1.9,-3.603639999999984,0.0,10.032372180177646,4.257403567486312,0.4277441403405472,0.0,0.0,-64.86552000000002
180.182,1.9833333333333336,-5.405460000000005,0.0,7.777621701461133,3.123573115535684,0.4277441403405472,0.0,0.0,-66.66734000000002
174.77653999999998,2.066666666666667,-5.4054600000000335,0.0,7.777621701461133,1.796655959037345,0.0,0.0,0.0,-68.46915999999997
169.37108,2.15,-5.405459999999977,0.0,5.403444641011707,0.2662064238108543,0.0,0.0,0.0,-68.46916000000002
163.96562,2.2333333333333334,-5.405460000000005,0.0,5.403444641011707,0.1424410115515865,0.0,0.0,0.0,-68.46916
158.56016000000002,2.3166666666666664,-5.405459999999977,0.0,2.917028517760869,0.0,0.0,0.0,0.0,-66.66734000000002
153.1547,2.4,-5.4054600000000335,0.0,2.917028517760869,0.0,0.0,0.0,0.0,-66.66734
149.55106,2.4833333333333334,-3.603639999999984,0.0,0.3255608506401443,0.0,0.0,0.0,0.0,-66.66734000000001
144.1456,2.5666666666666664,-5.405460000000005,0.0,0.3255608506401443,0.0,0.0,0.0,0.0,-64.86551999999999
138.74014,2.65,-5.405460000000005,0.0,0.0,0.0,0.0,0.0,0.0,-63.0637
133.33468000000002,2.7333333333333334,-5.405459999999977,0.0,0.0,0.0,0.0,0.0,0.0,-59.46006000000003
126.1274,2.8166666666666664,-7.207280000000026,0.0,0.0,0.0,0.0,0.0,0.0,-55.85642
120.72194,2.9,-5.405459999999991,0.0,0.0,0.0,0.0,0.0,0.0,-52.25278
113.51466,2.9833333333333334,-7.2072800000000115,0.0,0.0,0.0,0.0,0.0,0.0,-48.64913999999999
106.30738,3.066666666666667,-7.207279999999983,0.0,0.0,0.0,0.0,0.0,0.0,-43.24368000000001
100.90192,3.15,-5.405460000000019,0.0,0.0,0.0,0.0,0.0,0.0,-39.64003999999999
95.49646,3.2333333333333334,-5.405459999999991,0.0,0.0,0.0,0.0,0.0,0.0,-37.83821999999999
91.89282,3.3166666666666664,-3.603639999999998,0.0,0.0,0.0,0.0,0.0,0.0,-36.0364
86.48736,3.4,-5.405460000000005,0.0,0.0,0.0,0.0,0.0,0.0,-32.432759999999995
82.88372,3.4833333333333334,-3.603639999999998,0.0,0.0,0.0,0.0,0.0,0.0,-30.630939999999995
79.28008000000001,3.5666666666666664,-3.603639999999984,0.0,0.0,0.0,0.0,0.0,0.0,-28.829120000000017
75.67644,3.65,-3.603640000000013,0.0,0.0,0.0,0.0,0.0,0.0,-27.027299999999997
73.87462,3.7333333333333334,-1.8018200000000064,0.0,0.0,0.0,0.0,0.0,0.0,-27.02729999999999
70.27098,3.8166666666666664,-3.603639999999998,0.0,0.0,0.0,0.0,0.0,0.0,-23.42365999999999
68.46916,3.9,-1.801819999999992,0.0,0.0,0.0,0.0,0.0,0.0,-23.42366
64.86552,3.9833333333333334,-3.603639999999998,0.0,0.0,0.0,0.0,0.0,0.0,-21.62184000000001
63.0637,4.066666666666666,-1.8018200000000064,0.0,0.0,0.0,0.0,0.0,0.0,-19.82002
61.26188,4.15,-1.801819999999999,0.0,0.0,0.0,0.0,0.0,0.0,-18.0182
57.658240000000006,4.233333333333333,-3.603639999999991,0.0,0.0,0.0,0.0,0.0,0.0,-14.414560000000009
55.85642,4.316666666666666,-1.8018200000000064,0.0,0.0,0.0,0.0,0.0,0.0,-10.810919999999996
54.0546,4.4,-1.801819999999999,0.0,0.0,0.0,0.0,0.0,0.0,-9.009099999999997
52.25278,4.483333333333333,-1.801819999999999,0.0,0.0,0.0,0.0,0.0,0.0,-7.207279999999997
50.450959999999995,4.566666666666666,-1.8018200000000064,0.0,0.0,0.0,0.0,0.0,0.0,-5.405459999999991
48.64914,4.65,-1.801819999999992,0.0,0.0,0.0,0.0,0.0,0.0,-3.603639999999998
46.84732,4.733333333333333,-1.801819999999999,0.0,0.0,0.0,0.0,0.0,0.0,-1.801819999999999
46.84732,4.816666666666666,0.0,0.0,0.0,0.0,0.0,0.0,0.0,-1.801819999999999
45.0455,4.9,-1.801819999999999,0.0,0.0,0.0,0.0,0.0,0.0,-1.8018200000000064
43.24368,4.983333333333333,-1.8018200000000064,0.0,0.0,0.0,0.0,0.0,0.0,0.0
43.24368,5.066666666666666,0.0,0.0,0.0,0.0,0.0,0.0,0.0,0.0
43.24368,5.15,0.0,0.0,0.0,0.0,0.0,0.0,0.0,0.0
43.24368,5.233333333333333,0.0,0.0,0.0,0.0,0.0,0.0,0.2670657360087467,-1.801819999999999
45.0455,5.316666666666666,1.8018200000000064,0.0,0.0,0.0,0.0,0.0,0.49911618662968,-3.6036400000000057
45.0455,5.4,0.0,0.0,0.0,0.0,0.0,0.0,0.49911618662968,-3.6036400000000057
45.0455,5.483333333333333,0.0,0.0,0.0,0.0,0.0,0.0,0.6979317901028579,-5.405459999999998
45.0455,5.566666666666666,0.0,0.0,0.0,0.0,0.0,0.0,0.8652929846683393,-5.405459999999998
45.0455,5.65,0.0,0.0,0.0,0.0,0.0,0.0,1.002980208566182,-5.405459999999998
45.0455,5.733333333333333,0.0,0.0,0.0,0.0,0.0,0.0,1.002980208566182,-5.405459999999998
45.0455,5.816666666666666,0.0,0.0,0.0,0.0,0.0,0.0,1.1127739000364445,-5.405459999999998
43.24368,5.9,-1.8018200000000064,0.0,0.0,0.0,0.0,0.0,1.1964544973191853,-3.603639999999991
43.24368,5.983333333333333,0.0,0.0,0.0,0.0,0.0,0.0,1.1964544973191853,-3.603639999999991
43.24368,6.066666666666666,0.0,0.0,0.0,0.0,0.0,0.0,1.2558024386544624,-3.603639999999991
43.24368,6.15,0.0,0.0,0.0,0.0,0.0,0.0,1.2925981622823342,-3.603639999999991
41.44186,6.233333333333333,-1.801819999999999,0.0,0.0,0.0,0.0,0.0,1.3086221064428594,-1.801819999999992
41.44186,6.316666666666666,0.0,0.0,0.0,0.0,0.0,0.0,1.305654709376095,-1.801819999999992
41.44186,6.4,0.0,0.0,0.0,0.0,0.0,0.0,1.305654709376095,-1.801819999999992
39.640040000000006,6.483333333333333,-1.801819999999992,0.0,0.0,0.0,0.0,0.0,1.2854764093221007,0.0
39.640040000000006,6.566666666666666,0.0,0.0,0.0,0.0,0.0,0.0,1.2498676445209345,0.0
39.640040000000006,6.65,0.0,0.0,0.0,0.0,0.0,0.0,1.2006088532126544,0.0
39.640040000000006,6.733333333333333,0.0,0.0,0.0,0.0,0.0,0.0,1.1394804736373194,0.0
39.640040000000006,6.816666666666666,0.0,0.0,0.0,0.0,0.0,0.0,1.1394804736373194,0.0
39.640040000000006,6.9,0.0,0.0,0.0,0.0,0.0,0.0,1.068262944034987,0.0
39.640040000000006,6.983333333333333,0.0,0.0,0.0,0.0,0.0,0.0,0.9887367026457156,1.801819999999992
39.640040000000006,7.066666666666666,0.0,0.0,0.0,0.0,0.0,0.0,0.902682187709564,1.801819999999992
39.640040000000006,7.15,0.0,0.0,0.0,0.0,0.0,0.0,0.8118798374665901,0.0
39.640040000000006,7.233333333333333,0.0,0.0,0.0,0.0,0.0,0.0,0.7181100901568525,0.0
39.640040000000006,7.316666666666666,0.0,0.0,0.0,0.0,0.0,0.0,0.6231533840204091,0.0
39.640040000000006,7.4,0.0,0.0,0.0,0.0,0.0,0.0,0.5287901572973184,0.0
39.640040000000006,7.483333333333333,0.0,0.0,0.0,0.0,0.0,0.0,0.4368008482276389,0.0
39.640040000000006,7.566666666666666,0.0,0.0,0.0,0.0,0.0,0.0,0.348965895051429,0.0
39.640040000000006,7.65,0.0,0.0,0.0,0.0,0.0,0.0,0.2670657360087468,0.0
39.640040000000006,7.733333333333333,0.0,0.0,0.0,0.0,0.0,0.0,0.1281915532841984,0.0
39.640040000000006,7.816666666666666,0.0,0.0,0.0,0.0,0.0,0.0,0.0747784060824491,0.0
39.640040000000006,7.9,0.0,0.0,0.0,0.0,0.0,0.0,0.0344218059744607,0.0
41.44186,7.983333333333333,1.801819999999992,0.0,0.0,0.0,0.0,0.0,0.0,0.0
41.44186,8.066666666666666,0.0,0.0,0.0,0.0,0.0,0.0,0.0,3.6036400000000057
39.640040000000006,8.15,-1.801819999999992,0.0,0.0,0.0,0.0,0.0,0.0,10.810919999999989
39.640040000000006,8.233333333333333,0.0,0.0,0.0,0.0,0.0,0.0,0.0,16.216379999999994
39.640040000000006,8.316666666666666,0.0,0.0,0.0,0.0,0.0,0.0,0.0,21.62183999999999
39.640040000000006,8.4,0.0,0.0,0.0,0.0,0.0,0.0,0.0,23.42365999999999
39.640040000000006,8.483333333333333,0.0,0.0,0.0,0.0,0.0,0.0,0.0,25.225479999999997
39.640040000000006,8.566666666666666,0.0,0.0,0.0,0.0,0.0,0.0,0.0890219120029155,23.42365999999999
39.640040000000006,8.65,0.0,0.0,0.0,0.0,0.0,0.0,0.1663720622098933,21.62183999999999
39.640040000000006,8.733333333333333,0.0,0.0,0.0,0.0,0.0,0.0,0.1663720622098933,21.62183999999999
39.640040000000006,8.816666666666666,0.0,0.0,0.0,0.0,0.0,0.0,0.2326439300342859,19.820019999999992
39.640040000000006,8.9,0.0,0.0,0.0,0.0,0.0,0.0,0.2884309948894464,19.820019999999992
41.44186,8.983333333333333,1.801819999999992,0.0,0.0,0.0,0.0,0.0,0.3343267361887274,19.82002
45.0455,9.066666666666666,3.6036400000000057,0.0,0.0,0.0,0.0,0.0,0.3343267361887274,18.018199999999993
50.450959999999995,9.15,5.405459999999991,0.0765171390514026,2.735007787642898,0.0189921348735448,0.1274191653663279,0.1195038385909586,0.3709246333454814,16.216380000000015
55.85642,9.233333333333333,5.405460000000005,0.0765171390514026,2.735007787642898,0.0189921348735448,0.1274191653663279,0.1195038385909586,0.3709246333454814,16.21638
61.26188,9.316666666666666,5.405459999999998,0.0765171390514026,2.735007787642898,0.0189921348735448,0.2492556190928934,0.1195038385909586,0.3988181657730617,7.207280000000004
63.0637,9.4,1.801819999999999,0.1430020309827325,2.735007787642898,0.0189921348735448,0.4749754677434296,0.2233393961222138,0.4186008128848208,7.207279999999997
64.86552,9.483333333333333,1.8018200000000064,0.1430020309827325,5.2355722105228,0.0189921348735448,0.5782564007257469,0.3123033648510385,0.4186008128848208,9.00909999999999
63.0637,9.566666666666666,-1.8018200000000064,0.1999647900543322,5.2355722105228,0.0189921348735448,0.6747496981849939,0.3871924370347059,0.4308660540941114,12.612740000000002
61.26188,9.65,-1.801819999999999,0.1999647900543322,5.2355722105228,0.0189921348735448,0.7641541291503448,0.4488033049304892,0.4362073688142864,18.018200000000014
61.26188,9.733333333333333,0.0,0.2479155305265446,7.50708390783834,0.0189921348735448,0.7641541291503448,0.4979326607956609,0.4352182364586983,25.225479999999997
59.46006,9.816666666666666,-1.801819999999999,0.2479155305265446,7.50708390783834,0.0734362548443735,0.846168462650972,0.5353771968874947,0.4352182364586983,34.23458000000001
59.46006,9.9,0.0,0.2873643666597122,7.50708390783834,0.0734362548443735,0.920491467716049,0.5619336054632633,0.4284921364407002,41.44185999999999
61.26188,9.983333333333333,1.801819999999999,0.3188214127141777,7.50708390783834,0.0734362548443735,0.920491467716049,0.5783985787802399,0.4166225481736448,48.64914
63.0637,10.066666666666666,1.801819999999999,0.3188214127141777,9.554933518788156,0.0734362548443735,0.9868219133747488,0.5855688090956975,0.4002029510708847,54.05460000000001
66.66734000000001,10.15,3.603640000000013,0.3427967829502839,9.554933518788156,0.0734362548443735,0.9868219133747488,0.584240988666909,0.3798268245457731,59.460059999999984
72.0728,10.166666666666666,5.405459999999991,0.3598005916283734,9.554933518788156,0.0734362548443735,1.0448585686562446,0.5752118097511475,0.3560876480116623,63.06370000000001
68.46916,10.233333333333333,-3.603639999999998,0.3598005916283734,11.384511682570883,0.159533932937777,1.0448585686562446,0.5592779646056865,0.3295789008819052,75.67644
70.27098,10.316666666666666,1.801819999999992,0.3703429530087889,11.384511682570883,0.159533932937777,1.0943002025897093,0.5372361454877985,0.3295789008819052,82.88372
73.87462,10.4,3.603639999999998,0.3703429530087889,11.384511682570883,0.159533932937777,1.0943002025897093,0.5098830446547569,0.3008940625698547,86.48736000000002
75.67644,10.483333333333333,1.8018200000000064,0.3749339813518731,13.001209038385149,0.159533932937777,1.1348455842043168,0.4780153543638346,0.2706266124888633,91.89282
79.28008000000001,10.566666666666666,3.603640000000013,0.3740837909179686,13.001209038385149,0.159533932937777,1.1348455842043168,0.4424297668723047,0.2393700300522841,95.49645999999996
86.48736,10.65,7.207279999999983,0.3740837909179686,13.001209038385149,0.159533932937777,1.1661934825292395,0.4039229744374403,0.2077177946734696,91.89282
93.69464,10.733333333333333,7.2072800000000115,0.3683024959674181,13.001209038385149,0.2734867421790464,1.1661934825292395,0.3632916693165143,0.1762633857657727,88.28918
100.90192,10.816666666666666,7.207279999999983,0.3581002107605645,14.410416225429598,0.2734867421790464,1.1661934825292395,0.3213325437668,0.1456002827425463,82.88372000000001
109.91102,10.9,9.009100000000004,0.3581002107605645,14.410416225429598,0.2734867421790464,1.1880426665936512,0.2788422900455702,0.116321965017143,73.87462000000001
117.1183,10.983333333333333,7.2072800000000115,0.3439870495577501,14.410416225429598,0.2734867421790464,1.1880426665936512,0.236617600410098,0.0642936031132168,64.86552
126.1274,11.066666666666666,9.00909999999999,0.326473126619318,15.617523882902857,0.2734867421790464,1.1880426665936512,0.1954551671176567,0.0427305177613994,54.05460000000002
135.1365,11.15,9.009100000000018,0.326473126619318,15.617523882902857,0.4114962555934725,1.2000919054267247,0.1561516824255193,0.0249261353608163,43.24367999999998
144.1456,11.233333333333333,9.00909999999999,0.3060685562056107,15.617523882902857,0.4114962555934725,1.2000919054267247,0.1195038385909587,0.0029673970667638,32.43276
153.1547,11.316666666666666,9.00909999999999,0.2832834525769708,15.617523882902857,0.4114962555934725,1.2000919054267247,0.0863083278712479,0.0,21.62183999999999
160.36198000000002,11.4,7.207280000000026,0.258627929993741,16.627922650003566,0.4114962555934725,1.2020399680576332,0.0573618425236601,0.0,10.810919999999982
167.56926,11.483333333333333,7.207279999999997,0.258627929993741,16.627922650003566,0.4114962555934725,1.2020399680576332,0.0334610748054684,0.0,3.603639999999984
174.77653999999998,11.566666666666666,7.207279999999969,0.2326121027162641,16.627922650003566,0.4114962555934725,1.2020399680576332,0.0154027169739458,0.0,-16.21637999999996
178.38018,11.65,3.603640000000013,0.2326121027162641,16.627922650003566,0.4114962555934725,1.2020399680576332,0.0154027169739458,0.0,-7.207279999999997
181.98382,11.733333333333333,3.603640000000013,0.5883317802618961,18.35867242847799,0.5816341305023122,1.3210047888818777,0.6015026542411586,0.0,-10.81092000000001
183.78564,11.816666666666666,1.801819999999992,0.5611256863769529,18.35867242847799,0.5816341305023122,1.5587937537244194,1.1166969806110694,0.0,-9.009100000000018
183.78564,11.9,0.0,0.8935501460336024,18.35867242847799,0.5816341305023122,1.6685610912589794,1.561516824255193,0.0,-5.405460000000005
181.98382,11.983333333333333,-1.801819999999992,0.86651409023544,19.19219390277129,0.5816341305023122,1.7526840415553946,1.9359621851735296,0.0,1.801819999999992
180.182,12.066666666666666,-1.801819999999992,1.2780062602452051,23.472023856913328,0.6884648891660021,4.71610855975702,2.363520363243405,0.0,9.00909999999999
178.38018,12.15,-1.8018200000000208,1.5691114648140974,26.662866275830044,0.9106728671864772,9.416250342766796,2.688836368296569,0.0,18.018200000000007
176.57836,12.233333333333333,-1.801819999999992,1.7685661406080868,27.42003684160189,0.9106728671864772,16.239697283982963,2.861895630848661,0.0,25.225479999999976
174.77653999999998,12.316666666666666,-1.8018200000000208,1.9423450652981615,33.67144789880165,0.9447004421682452,19.33812527345248,3.1973915925225382,0.0,28.82912000000005
171.1729,12.4,-3.603639999999984,2.091978581665349,34.12406382997651,0.9447004421682452,22.307247202294963,3.4549887557074936,0.0,34.23458000000002
171.1729,12.483333333333333,0.0,2.2307296604785587,34.806680366959775,1.132089506253888,22.307247202294963,3.6399984021186818,0.0,37.83822000000001
158.56016000000002,12.566666666666666,-12.612739999999974,2.494458733075727,40.485459610248625,1.132089506253888,25.01424162502817,3.757731813471256,0.0,54.05459999999999
171.1729,12.566666666666666,12.612739999999974,2.4791553052654463,40.76292920784546,1.574447981016871,27.47467163004699,3.813500271480369,0.0,45.0455
171.1729,12.65,0.0,2.6709582671542957,41.37278859577304,1.574447981016871,29.76239843728079,3.812615057861177,0.0,48.64913999999999
174.77653999999998,12.733333333333333,3.603639999999984,2.758017767586114,41.37278859577304,1.6282590298252484,29.76239843728079,3.760387454328832,0.0,48.64914000000002
178.38018,12.816666666666666,3.603640000000013,4.723658050773258,46.49241262314759,1.8316331407627913,31.99793277712583,3.8613018069167526,0.0,46.84732
183.78564,12.9,5.405460000000005,4.815988731895285,46.60012652636505,1.8316331407627913,32.1138852882418,3.895382531255656,0.0,41.44185999999999
189.1911,12.983333333333333,5.405460000000005,6.478111030178532,47.139025644969806,1.8316331407627913,34.00529766583585,3.869268729489483,0.0,37.83821999999998
196.39838,13.066666666666666,7.207279999999997,6.524871504043277,51.712971054426625,2.5311767752716947,34.10857859881816,3.7895995037621777,0.0,32.43275999999997
201.80384,13.15,5.405459999999977,7.951661090221765,51.712971054426625,2.7324934049312706,35.65468396763683,3.663013956217681,0.0,28.82912000000005
203.60566000000003,13.233333333333333,1.801820000000049,9.150429602027074,52.12605563147817,2.8037139107070637,35.74408839860218,3.4961511889999346,0.0,30.63093999999998
205.40748,13.316666666666666,1.801819999999992,9.113191261022058,56.16779902101382,2.8241304556961246,37.04246418054103,3.295650304252882,0.0,32.43275999999997
209.01112,13.4,3.603639999999984,10.026295787035464,56.16779902101382,2.8241304556961246,37.06431336460544,3.068150404120465,0.0,32.43276
212.61476,13.483333333333333,3.603640000000013,10.026295787035464,55.95217345306844,3.0267132276806037,38.001878681450805,2.820290590746624,0.0,34.234579999999966
216.2184,13.566666666666666,3.603639999999984,10.707808438853286,56.35454267222619,3.952579802765917,38.080258365942576,2.5587099662753037,0.0,34.234579999999994
219.82204,13.65,3.603639999999984,11.174562987066846,59.87756063983731,4.038835748649934,38.080258365942576,2.290047632850445,0.0,32.43276
223.42568,13.733333333333333,3.603640000000013,11.174562987066846,59.87756063983731,4.238886235984606,38.79377054315643,2.0209426926159897,0.0,32.43276
225.2275,13.816666666666666,1.801819999999992,11.443393202267442,59.845150884142015,4.238886235984606,38.70601294385116,1.7845906562916491,0.0,30.63094000000001
225.2275,13.9,0.0,11.267573820535995,62.86292002782517,4.271172865269632,38.75545457778462,1.5446977654905394,0.0,28.829120000000017
227.02932,13.983333333333333,1.801819999999992,11.401053718658998,62.86292002782517,5.392500161761844,39.11693174277683,1.322951753882872,0.0,27.027300000000025
228.83114,14.066666666666666,1.801819999999992,11.454615715994985,62.34551754551147,5.685137306605048,39.10847739823474,1.1259917236125885,0.0,25.225480000000033
230.63296000000005,14.15,1.801820000000049,11.251930316552157,62.618544384153736,5.685137306605048,39.149022779849346,0.9604567768236308,0.0,27.02729999999997
234.2366,14.233333333333333,3.603639999999984,11.020678518530136,65.1445413019055,5.685137306605048,39.10494674190082,0.8329860156599413,0.0,27.02729999999997
237.84024,14.316666666666666,3.603639999999984,10.740965865775564,65.1445413019055,5.9114602471814575,39.117136657539845,0.728973415404848,0.0,32.43276000000003
241.44388,14.4,3.603640000000013,10.662918383943133,64.4843363212056,5.9114602471814575,39.117136657539845,0.6311573104841002,0.0,37.83822000000001
246.84934,14.483333333333333,5.405459999999977,10.195483683382454,66.74308857900641,7.306590821433943,38.88535550534175,0.5421933417552754,0.0,41.44186000000002
250.45298,14.566666666666666,3.603640000000013,9.716826469094231,66.74308857900641,7.476253892970943,38.88535550534175,0.4647371500759504,0.0,48.64914000000002
252.2548,14.65,1.801819999999992,9.517881907560586,65.94547173911893,7.476253892970943,38.73956125075498,0.3943626673501634,0.0,57.65823999999998
255.85844,14.733333333333333,3.603640000000013,8.998925666705297,66.09634371617722,7.628190971959302,38.176871009010995,0.3257586118627612,0.0,61.26188000000005
255.85844,14.816666666666666,0.0,8.303469891771437,67.67922597605599,7.679944539489712,38.176871009010995,0.2602528040425322,0.0,68.46916000000002
254.05662,14.9,-1.801819999999992,7.641171543759851,66.74958791617958,9.21672478634072,38.176871009010995,0.1991730643182644,0.0,75.67644000000001
254.05662,14.983333333333333,0.0,7.489157494177732,66.74958791617958,9.347137445805728,37.23246456573945,0.1438472131187466,0.0,82.88371999999998
254.05662,15.066666666666666,0.0,6.802373661669699,66.84207778204518,9.347137445805728,37.10341844607197,0.0956030708727669,0.0,90.091
257.66026,15.15,3.603639999999984,6.0304007476844355,67.97361760998231,9.452227258772677,37.10341844607197,0.055768458009114,0.0,95.49646
261.2639,15.233333333333333,3.603639999999984,5.93824010464919,66.91734896931561,11.156771363673329,37.04188781858757,0.0256711949565763,0.0,102.70374000000004
270.273,15.316666666666666,9.009100000000046,5.253836805356089,66.91734896931561,11.23273990316751,35.79781926200698,0.0066391021439421,0.0,106.30737999999997
279.2821,15.4,9.00909999999999,4.527774174801668,67.64692759771353,11.23273990316751,35.79781926200698,0.0,0.0,109.91102
288.2912,15.483333333333333,9.00909999999999,3.817185010144307,66.46941901545514,11.27578874221421,35.63589921180152,0.0,0.0,111.71283999999996
299.10212,15.566666666666666,10.81092000000001,3.7952500969495713,66.46941901545514,11.401611635751443,35.57091436683208,0.0,0.0,100.90191999999996
309.91303999999997,15.65,10.810919999999951,3.136352510673604,66.45053529813406,13.068013203114395,33.9786258785625,0.0,0.0,90.091
317.12032000000005,15.733333333333333,7.207280000000083,2.499559875679154,65.42646217152631,13.068013203114395,33.9786258785625,0.0,0.0,82.88371999999993
324.3276,15.816666666666666,7.207279999999969,1.9129284762850676,65.42646217152631,13.033827360342016,33.94846302676195,0.0,0.0,75.67643999999996
329.73306,15.9,5.405460000000005,1.9129284762850676,65.42646217152631,13.160441592832315,33.94846302676195,0.0,0.0,70.27097999999995
336.94034,15.983333333333333,7.207279999999969,1.3815594550947716,63.95077043436537,14.717638384672384,31.76494379336872,0.0,0.0,63.06369999999998
344.14762,16.066666666666666,7.207280000000026,0.918205668616832,63.80914255445718,14.661295051214202,31.723474841482705,0.0,0.0,55.85641999999996
353.15672,16.15,9.00909999999999,0.5356199733598189,62.30025798261561,14.48276898340288,31.723474841482705,0.0,0.0,46.84731999999997
363.96764,16.233333333333334,10.81092000000001,0.2465552258322979,62.17718820103932,14.60780053798705,31.723474841482705,0.0,0.0,36.03639999999996
376.58038,16.316666666666666,12.612739999999974,0.2465552258322979,61.63812428117586,16.01954923025389,29.31793004052459,0.0,0.0,23.423659999999984
389.19312,16.4,12.61274000000003,0.0637642825428354,60.02956232453715,15.79939873351138,29.26485375758227,0.0,0.0,10.810919999999951
400.00404,16.483333333333334,10.810919999999951,0.0,60.02956232453715,15.563421457707587,29.09375610144605,0.0,0.0,0.0
400.00404,16.566666666666666,0.0,0.0,58.15424612819539,16.764673988459297,29.09375610144605,0.0,0.0,0.0
400.00404,16.65,0.0,0.0,57.23122276637323,16.269612339422224,29.09375610144605,0.0,0.0,0.0
400.00404,16.733333333333334,0.0,0.0,55.43947795773617,15.890086177532554,26.2350834815155,0.0,0.0,0.0
400.00404,16.816666666666666,0.0,0.0,55.21940963083621,15.890086177532554,26.2350834815155,0.0,0.0,0.0
400.00404,16.9,0.0,0.0,52.05065314921367,17.46405935517759,26.2350834815155,0.0,0.0,0.0
400.00404,16.983333333333334,0.0,0.0,52.05065314921367,17.570098774888212,26.2350834815155,0.0,0.0,0.0
400.00404,17.066666666666666,0.0,0.0,50.09728804537281,17.646067314382393,23.082351337274595,0.0,0.0,0.0
400.00404,17.15,0.0,0.0,49.83141576541031,19.137741240908728,22.966719934488378,0.0,0.0,0.0
400.00404,17.233333333333334,0.0,0.0,48.180903313660544,19.232701915276454,22.966719934488378,0.0,0.0,0.0
400.00404,17.316666666666666,0.0,0.0,48.180903313660544,19.232701915276454,22.966719934488378,0.0,0.0,0.0
400.00404,17.4,0.0,0.0,47.8710239603684,20.686233304265087,22.966719934488378,0.0,0.0,0.0
400.00404,17.483333333333334,0.0,0.0,45.87698186064971,20.76774121643072,19.40807218896566,0.0,0.0,0.0
400.00404,17.566666666666666,0.0,0.0,45.87698186064971,22.002229983211137,19.279026069298187,0.0,0.0,0.0
400.00404,17.65,0.0,0.0,45.5248923137608,22.14055603220679,19.279026069298187,0.0,0.0,0.0
400.00404,17.733333333333334,0.0,0.0,45.5248923137608,22.14055603220679,19.279026069298187,0.0,0.0,0.0
400.00404,17.816666666666666,0.0,0.0,43.20079716406977,23.247639227543843,19.279026069298187,0.0,0.0,0.0
400.00404,17.9,0.0,0.0,42.80829430331698,23.31648571646044,15.30512456239808,0.0,0.0,0.0
400.00404,17.983333333333334,0.0,0.0,42.80829430331698,24.197245971221086,15.162362494878517,0.0,0.0,0.0
400.00404,18.066666666666663,0.0,0.0,40.167622701650174,24.197245971221086,15.162362494878517,0.0,0.0,0.0
400.00404,18.15,0.0,0.0,39.73650340676636,24.882070701202995,15.162362494878517,0.0,0.2077177946734696,0.0
400.00404,18.233333333333334,0.0,0.0,39.73650340676636,24.882070701202995,15.046731092092298,0.0,0.3882014784897511,0.0
400.00404,18.316666666666663,0.0,0.0,36.792731951120416,25.210476366724706,10.763869066505368,0.0,0.3882014784897511,0.0
400.00404,18.4,0.0,0.0,36.32479310183848,25.21838975625535,10.763869066505368,0.0,0.5428358367466672,0.0
400.00404,18.483333333333334,0.0,0.0,36.32479310183848,25.269826788204536,10.607089820162887,0.0,0.6730056547420415,0.0
400.00404,18.566666666666663,0.0,0.0,33.091398390209946,25.23959764019748,10.607089820162887,0.0,0.7800957177736972,-1.801819999999964
400.00404,18.65,0.0,0.0,32.588436866262754,24.850258875289807,10.607089820162887,0.0,0.7800957177736972,-9.00909999999999
400.00404,18.733333333333334,0.0,0.0,32.588436866262754,24.7038611689729,10.478043700495412,0.0,0.8654908111394566,-16.21637999999996
400.00404,18.816666666666663,0.0,0.0,28.54270817776866,23.92186001555469,5.774666310221047,0.0,0.930575720137144,-21.621839999999963
400.00404,18.9,0.0,0.0,28.54270817776866,22.893119376571008,5.603568654084828,0.0,0.976735230064582,-25.225479999999948
400.00404,18.983333333333334,0.0,0.0,24.770496748164728,21.694240862678484,5.603568654084828,0.0,0.976735230064582,-30.630939999999953
400.00404,19.066666666666663,0.0,0.0,24.202880514085663,20.67341361322545,5.603568654084828,0.0,1.005354126219593,-32.43275999999997
400.00404,19.15,0.0,0.0,24.202880514085663,18.43028421686919,5.460806586565264,0.0,1.0178171939000016,-34.23457999999994
400.00404,19.233333333333334,0.0,0.0,19.58422735294321,16.043605934427042,5.460806586565264,0.0,1.0155092184036294,-37.83821999999992
400.00404,19.316666666666663,0.0,0.0,19.58422735294321,13.144931349352255,0.3278769024786976,0.0,1.0155092184036294,-41.44186000000002
400.00404,19.4,0.0,0.0,14.70202217207079,9.685830517717283,0.3278769024786976,0.0,0.9998149850283004,-46.84731999999997
400.00404,19.483333333333334,0.0,0.0,14.050900470790502,5.663454619291081,0.3278769024786976,0.0,0.9721192790718378,-52.25277999999997
398.20222,19.566666666666663,-1.801819999999964,0.0,9.571538449197872,1.0046839348105243,0.1710976561362188,0.0,0.9338068858320644,-57.658240000000035
390.99494,19.65,-7.207280000000026,0.0,9.571538449197872,1.0046839348105243,0.1710976561362188,0.0,0.8862625906068039,-54.05459999999999
383.78766,19.733333333333334,-7.207279999999969,0.0,4.883412759602164,0.9572035976266622,0.1710976561362188,0.0,0.8308711786938787,-50.45096000000001
378.3822,19.816666666666663,-5.405460000000005,0.0,4.883412759602164,0.8902563221974167,0.1710976561362188,0.0,0.7690174353911121,-46.847320000000025
374.77856,19.9,-3.603639999999984,0.0,0.0,0.8024176984072717,0.1710976561362188,0.0,0.7690174353911121,-45.0455
369.3731,19.983333333333334,-5.405460000000005,0.0,0.0,0.692263316140711,0.1710976561362188,0.0,0.7020861459963276,-39.64004
367.57128,20.066666666666663,-1.8018200000000208,0.0,0.0,0.5583687652822198,0.0,0.0,0.6314620958073478,-39.64004
365.76946,20.15,-1.801819999999964,0.0,0.0,0.3993096357162815,0.0,0.0,0.5585300701219964,-37.838220000000035
362.16582000000005,20.233333333333334,-3.603639999999984,0.0,0.0,0.2136615173273798,0.0,0.0,0.4846748542380959,-34.23458000000005
358.56217999999996,20.316666666666663,-3.603640000000098,0.0,0.0,0.0,0.0,0.0,0.4112812334534698,-30.630939999999953
353.15672,20.4,-5.405459999999948,0.0,0.0,0.0,0.0,0.0,0.3397339930659414,-16.216380000000015
347.75126,20.483333333333334,-5.405460000000005,0.0,0.0,0.0,0.0,0.0,0.3397339930659414,-19.82002
340.54398,20.566666666666663,-7.207280000000026,0.0,0.0,0.0,0.0,0.0,0.2714179183733337,-12.612739999999974
336.94034,20.65,-3.603639999999984,0.0,0.0,0.0,0.0,0.0,0.1500184072641726,-9.00909999999999
333.3367,20.733333333333334,-3.603639999999984,0.0,0.0,0.0,0.0,0.0,0.0997045414432654,-7.207279999999969
331.53488,20.816666666666663,-1.8018200000000208,0.0,0.0,0.0,0.0,0.0,0.0581609825085715,-7.207279999999969
329.73306,20.9,-1.801819999999964,0.0,0.0,0.0,0.0,0.0,0.0069239264891156,-7.207280000000026
329.73306,20.983333333333334,0.0,0.0,0.0,0.0,0.0,0.0,0.0,-9.00909999999999
327.93124,21.066666666666663,-1.8018200000000208,0.0,0.0,0.0,0.0,0.0,0.0,-12.612739999999974
327.93124,21.15,0.0,0.0,0.0,0.0,0.0,0.0,0.0,-16.21637999999996
327.93124,21.233333333333334,0.0,0.0,0.0,0.0,0.0,0.0,0.0,-19.82002
327.93124,21.316666666666663,0.0,0.0,0.0,0.0,0.0,0.0,0.0,-23.42366000000004
336.94034,21.4,9.00909999999999,0.0,0.0,0.0,0.0,0.0,0.0,-36.036400000000015
327.93124,21.4,-9.00909999999999,0.0,0.0,0.0,0.0,0.0,0.0,-27.027300000000025
327.93124,21.483333333333334,0.0,0.0,0.0,0.0,0.0,0.0,0.0,-28.82911999999999
327.93124,21.566666666666663,0.0,0.0,0.0,0.0,0.0,0.0,0.0,-27.027300000000025
326.12942000000004,21.65,-1.801819999999964,0.0,0.0,0.0,0.0,0.0,0.0,-23.42366000000004
324.3276,21.733333333333334,-1.8018200000000208,0.0,0.0,0.0,0.0,0.0,0.9792410320320714,-19.820020000000056
322.52578,21.816666666666663,-1.8018200000000208,0.0,0.0,0.0,0.0,0.0,1.8300926843088268,-12.61274000000003
320.72396000000003,21.9,-1.801819999999964,0.0,0.0,0.0,0.0,0.0,1.8300926843088268,-9.00909999999999
315.31850000000003,21.983333333333334,-5.405460000000005,0.0,0.0,0.0,0.0,0.0,2.5590832303771456,0.0
311.71486000000004,22.066666666666663,-3.603639999999984,0.0,0.0,0.0,0.0,0.0,3.1727409437839103,3.603639999999984
308.11122,22.15,-3.6036400000000417,0.0,0.0,0.0,0.0,0.0,3.677594098076001,5.405459999999948
304.50757999999996,22.233333333333334,-3.6036400000000417,0.0,0.0,0.0,0.0,0.0,3.677594098076001,5.405460000000005
300.90394,22.316666666666663,-3.603639999999984,0.0,0.0,0.0,0.0,0.0,4.080170966800296,5.405460000000005
300.90394,22.4,0.0,0.0,0.0,0.0,0.0,0.0,4.386999823503679,1.8018200000000208
299.10212,22.4,-1.801819999999964,0.0,0.0,0.0,0.0,0.0,4.604608941733029,0.0
300.90394,22.483333333333334,1.801819999999964,0.0,0.0,0.0,0.0,0.0,4.604608941733029,-5.405460000000005
302.70576,22.566666666666663,1.8018200000000208,0.0,0.0,0.0,0.0,0.0,4.739526595035225,-9.00909999999999
304.50757999999996,22.65,1.801819999999964,0.0,0.0,0.0,0.0,0.0,4.79828105695715,-12.612739999999974
309.91303999999997,22.733333333333334,5.405460000000005,0.0,0.0,0.0,0.0,0.0,4.7874006010456815,-18.01819999999998
311.71486000000004,22.816666666666663,1.8018200000000777,0.0,0.0,0.0,0.0,0.0,4.7874006010456815,-19.820020000000056
315.31850000000003,22.9,3.603639999999984,0.0,0.0,0.0,0.0,0.0,4.713413500847702,-23.42366000000004
315.31850000000003,22.983333333333334,0.0,0.0,0.0,0.0,0.0,0.0,4.582848029910092,-21.62184000000002
313.51667999999995,23.066666666666663,-1.8018200000000777,0.0,0.0,0.0,0.0,0.0,4.402232461779732,-19.820019999999943
309.91303999999997,23.15,-3.603639999999984,0.0,0.0,0.0,0.0,0.0,4.178095070003504,-18.01819999999998
306.3094,23.233333333333334,-3.603639999999984,0.0,0.0,0.0,0.0,0.0,3.9169641281282854,-14.414559999999994
302.70576,23.316666666666663,-3.603639999999984,0.0,0.0,0.0,0.0,0.0,3.6253679097009575,-14.414559999999994
299.10212,23.4,-3.603639999999984,0.0,0.0,0.0,0.0,0.0,3.6253679097009575,-12.61274000000003
295.49848,23.483333333333334,-3.6036400000000417,0.0,0.0,0.0,0.0,0.0,3.3098346882684013,-10.810919999999951
293.69666,23.566666666666663,-1.801819999999964,0.0,0.0,0.0,0.0,0.0,2.9768927373774967,-14.414559999999994
291.89484,23.65,-1.8018200000000208,0.0,0.0,0.0,0.0,0.0,2.633070330575126,-14.414559999999994
291.89484,23.733333333333334,0.0,0.0,0.0,0.0,0.0,0.0,2.2848957414081665,-18.01819999999998
291.89484,23.816666666666663,0.0,0.0,0.0,0.0,0.0,0.0,1.9388972434235008,-21.621839999999963
291.89484,23.9,0.0,0.0,0.0,0.0,0.0,0.0,1.6016031101680093,-23.423659999999984
293.69666,23.983333333333334,1.8018200000000208,0.0,0.0,0.0,0.0,0.0,1.2795416151885732,-27.02729999999997
293.69666,0.0666666666666666,0.0,0.0,0.0,0.0,0.0,0.0,0.7072296342453854,-28.82912000000005
291.89484,0.15,-1.8018200000000208,0.0,0.0,0.0,0.0,0.0,0.4700356953753941,-27.027300000000025
291.89484,0.2333333333333333,0.0,0.0,0.0,0.0,0.0,0.0,0.2741874889689801,-28.82911999999999
288.2912,0.3166666666666666,-3.603639999999984,0.0,0.0,0.0,0.0,0.0,0.0326413677344023,-27.027300000000025
286.48938,0.4,-1.8018200000000208,0.0,0.0,0.0,0.0,0.0,0.0,-25.225480000000005
284.68756,0.4833333333333333,-1.801819999999964,0.0,0.0,0.0,0.0,0.0,0.0,-23.42366000000004
279.2821,0.5666666666666667,-5.405460000000005,0.0,0.0,0.0,0.0,0.0,0.0,-19.82002
277.48028,0.65,-1.8018200000000208,0.0,0.0,0.0,0.0,0.0,0.0,-19.82002
273.87664,0.7333333333333333,-3.603639999999984,0.0,0.0,0.0,0.0,0.0,0.0,-18.018200000000007
270.273,0.8166666666666667,-3.603639999999984,0.0,0.0,0.0,0.0,0.0,0.0,-16.216380000000015
268.47118,0.9,-1.8018200000000208,0.0,0.0,0.0,0.0,0.0,0.0,-18.018200000000007
266.66936000000004,0.9833333333333332,-1.801819999999964,0.0,0.0,0.0,0.0,0.0,0.0,-18.018200000000036
264.86753999999996,1.0666666666666669,-1.8018200000000777,0.0,0.0,0.0,0.0,0.0,0.0,-18.01819999999998
264.86753999999996,1.15,0.0,0.0,0.0,0.0,0.0,0.0,0.0,-21.621839999999963
263.06572,1.2333333333333334,-1.801819999999964,0.0,0.0,0.0,0.0,0.0,0.0,-21.62183999999999
261.2639,1.3166666666666669,-1.8018200000000208,0.0,0.0,0.0,0.0,0.0,0.0,-21.621839999999963
261.2639,1.4,0.0,0.0,0.0,0.0,0.0,0.0,0.0,-23.423659999999984
261.2639,1.4833333333333334,0.0,0.0,0.0,0.0,0.0,0.0,0.0,-27.02729999999997
259.46208,1.5666666666666669,-1.801819999999964,0.0,0.0,0.0,0.0,0.0,0.0,-27.027299999999997
257.66026,1.65,-1.8018200000000208,0.0,0.0,0.0,0.0,0.0,0.0,-27.02729999999997
255.85844,1.7333333333333334,-1.801819999999992,0.0,0.0,0.0,0.0,0.0,0.0,-27.027300000000025
254.05662,1.8166666666666669,-1.801819999999992,0.0,0.0,0.0,0.0,0.0,0.0,-28.829120000000017
250.45298,1.9,-3.603640000000013,0.0,0.0,0.0,0.0,0.0,0.0,-28.82911999999999
248.65116,1.9833333333333336,-1.801819999999992,0.0,0.0,0.0,0.0,0.0,0.0,-32.43276
246.84934,2.066666666666667,-1.8018200000000208,0.0,0.0,0.0,0.0,0.0,0.0,-34.234579999999966
243.2457,2.15,-3.603639999999984,0.0,0.0,0.0,0.0,0.0,0.0,-36.036399999999986
241.44388,2.2333333333333334,-1.801819999999992,0.0,0.0,0.0,0.0,0.0,0.0,-37.83821999999998
239.64206,2.3166666666666664,-1.801819999999992,0.0,0.0,0.0,0.0,0.0,0.0,-39.64004000000003
237.84024,2.4,-1.8018200000000208,0.0,0.0,0.0,0.0,0.0,0.0,-41.44185999999999
234.2366,2.4833333333333334,-3.603639999999984,0.0,0.0,0.0,0.0,0.0,0.0,-39.64004
232.43478,2.5666666666666664,-1.801819999999992,0.0,0.0,0.0,0.0,0.0,0.0,-39.64004000000003
230.63296000000005,2.65,-1.801819999999992,0.0,0.0,0.0,0.0,0.0,0.0,-37.838220000000035
228.83114,2.7333333333333334,-1.801820000000049,0.0,0.0,0.0,0.0,0.0,0.0,-36.036399999999986
225.2275,2.8166666666666664,-3.603639999999984,0.0,0.0,0.0,0.0,0.0,0.0,-36.036399999999986
221.62386,2.9,-3.603639999999984,0.0,0.0,0.0,0.0,0.0,0.0,-32.43276
216.2184,2.9833333333333334,-5.405460000000005,0.0,0.0,0.0,0.0,0.0,0.0,-28.82911999999999
212.61476,3.066666666666667,-3.603639999999984,0.0,0.0,0.0,0.0,0.0,0.0,-27.027299999999997
207.2093,3.15,-5.405460000000005,0.0,0.0,0.0,0.0,0.0,0.0,-23.423660000000012
203.60566000000003,3.2333333333333334,-3.603639999999984,0.0,0.0,0.0,0.0,0.0,0.0,-23.423660000000012
200.00202,3.3166666666666664,-3.6036400000000417,0.0,0.0,0.0,0.0,0.0,0.0,-21.62183999999999
196.39838,3.4,-3.603639999999984,0.0,0.0,0.0,0.0,0.0,0.0,-21.62184000000002
194.59656,3.4833333333333334,-1.801819999999992,0.0,0.0,0.0,0.0,0.0,0.0,-23.423660000000012
192.79474,3.5666666666666664,-1.8018200000000208,0.0,0.0,0.0,0.0,0.0,0.0,-27.027299999999997
192.79474,3.65,0.0,0.0,0.0,0.0,0.0,0.0,0.0,-30.63093999999998
192.79474,3.7333333333333334,0.0,0.0,0.0,0.0,0.0,0.0,0.0,-36.036400000000015
189.1911,3.8166666666666664,-3.603639999999984,0.0,0.0,0.0,0.0,0.0,0.0,-36.036400000000015
189.1911,3.9,0.0,0.0,0.0,0.0,0.0,0.0,0.0,-37.83822000000001
187.38928,3.9833333333333334,-1.801819999999992,0.0,0.0,0.0,0.0,0.0,0.0,-37.83822000000001
185.58746,4.066666666666666,-1.801819999999992,0.0,0.0,0.0,0.0,0.0,0.0,-37.838220000000035
183.78564,4.15,-1.8018200000000208,0.0,0.0,0.0,0.0,0.0,0.0,-39.64004
180.182,4.233333333333333,-3.603639999999984,0.0,0.0,0.0,0.0,0.0,0.0,-36.036400000000015
178.38018,4.316666666666666,-1.8018200000000208,0.0,0.0,0.0,0.0,0.0,0.0,-36.036399999999986
174.77653999999998,4.4,-3.603640000000013,0.0,0.0,0.0,0.0,0.0,0.0,-32.43275999999997
171.1729,4.483333333333333,-3.603639999999984,0.0,0.0,0.0,0.0,0.0,0.0,-30.63094000000001
165.76744,4.566666666666666,-5.405460000000005,0.0,0.0,0.0,0.0,0.0,0.0,-27.027299999999997
162.1638,4.65,-3.603639999999984,0.0,0.0,0.0,0.0,0.0,0.0,-27.027299999999997
156.75833999999998,4.733333333333333,-5.4054600000000335,0.0,0.0,0.0,0.0,0.0,0.0,-23.423659999999956
153.1547,4.816666666666666,-3.603639999999984,0.0,0.0,0.0,0.0,0.0,0.0,-21.62183999999999
151.35288,4.9,-1.801819999999992,0.0,0.0,0.0,0.0,0.0,0.0,-21.62183999999999
149.55106,4.983333333333333,-1.801819999999992,0.0,0.0,0.0,0.0,0.0,0.0,-21.62184000000001
147.74924,5.066666666666666,-1.8018200000000208,0.0,0.0,0.0,0.0,0.0,0.0,-21.62183999999999
144.1456,5.15,-3.603639999999984,0.0,0.0,0.0,0.0,0.0,0.0,-19.82002
144.1456,5.233333333333333,0.0,0.0,0.0,0.0,0.0,0.0,0.3560876480116623,-30.63094000000001
142.34378,5.316666666666666,-1.801819999999992,0.0,0.0,0.0,0.0,0.0,0.3560876480116623,-19.820020000000017
142.34378,5.4,0.0,0.0,0.0,0.0,0.0,0.0,0.6654882488395734,-21.62184000000001
140.54196,5.483333333333333,-1.8018200000000208,0.0,0.0,0.0,0.0,0.0,0.6654882488395734,-23.423659999999984
138.74014,5.566666666666666,-1.801819999999992,0.0,0.0,0.0,0.0,0.0,0.9305757201371438,-21.62183999999999
135.1365,5.65,-3.603639999999984,0.0,0.0,0.0,0.0,0.0,1.1537239795577856,-16.216380000000015
133.33468000000002,5.733333333333333,-1.801819999999992,0.0,0.0,0.0,0.0,0.0,1.3373069447549095,-9.009100000000018
131.53286,5.816666666666666,-1.8018200000000208,0.0,0.0,0.0,0.0,0.0,1.3373069447549095,0.0
129.73104,5.9,-1.801819999999992,0.0,0.0,0.0,0.0,0.0,1.4836985333819257,10.810919999999982
127.92922,5.983333333333333,-1.8018200000000064,0.0,0.0,0.0,0.0,0.0,1.595272663092247,21.62184000000001
126.1274,6.066666666666666,-1.8018200000000064,0.0,0.0,0.0,0.0,0.0,1.6744032515392833,32.43276000000003
124.32558,6.15,-1.801819999999992,0.0,0.0,0.0,0.0,0.0,1.6744032515392833,37.83822000000001
113.51466,6.183333333333334,-10.81092000000001,0.0,0.0,0.0,0.0,0.0,1.7234642163764455,48.64914000000002
122.52376,6.233333333333333,9.009100000000004,0.0,0.0,0.0,0.0,0.0,1.7448294752571458,39.64004000000001
120.72194,6.316666666666666,-1.801819999999992,0.0,0.0,0.0,0.0,0.0,1.7408729458347934,37.83822000000002
117.1183,6.4,-3.603639999999998,0.0,0.0,0.0,0.0,0.0,1.7408729458347934,36.036399999999986
117.1183,6.483333333333333,0.0,0.0,0.0,0.0,0.0,0.0,1.7139685457628009,32.43276
118.92012,6.566666666666666,1.801819999999992,0.0,0.0,0.0,0.0,0.0,1.6664901926945792,28.82911999999999
124.32558,6.65,5.405460000000005,0.0,0.0,0.0,0.0,0.0,1.600811804283539,21.62183999999999
131.53286,6.733333333333333,7.207279999999997,0.0,0.0,0.0,0.0,0.0,1.5193072981830924,12.612740000000002
140.54196,6.816666666666666,9.00909999999999,0.0,0.0,0.0,0.0,0.0,1.4243505920466493,3.603640000000013
149.55106,6.9,9.009100000000018,0.0,0.0,0.0,0.0,0.0,1.318315603527621,-7.207279999999997
158.56016000000002,6.983333333333333,9.009100000000018,0.0,0.0,0.0,0.0,0.0,1.318315603527621,-19.820020000000028
162.1638,7.066666666666666,3.603639999999984,0.0,0.0,0.0,0.0,0.0,1.2035762502794187,-28.82911999999999
162.1638,7.15,0.0,0.0,0.0,0.0,0.0,0.0,1.0825064499554533,-34.23458000000001
162.1638,7.233333333333333,0.0,0.0,0.0,0.0,0.0,0.0,0.9574801202091366,-41.441860000000005
158.56016000000002,7.316666666666666,-3.603639999999984,0.0,0.0,0.0,0.0,0.0,0.8308711786938787,-45.04550000000003
153.1547,7.4,-5.4054600000000335,0.0,0.0,0.0,0.0,0.0,0.7050535430630911,-46.84731999999998
149.55106,7.483333333333333,-3.603639999999984,0.0,0.0,0.0,0.0,0.0,0.5824011309701852,-48.64914000000002
147.74924,7.566666666666666,-1.8018200000000208,0.0,0.0,0.0,0.0,0.0,0.4652878600685721,-52.25277999999999
145.94742,7.65,-1.801819999999992,0.0,0.0,0.0,0.0,0.0,0.2571744124528674,-54.05459999999999
144.1456,7.733333333333333,-1.801819999999992,0.0,0.0,0.0,0.0,0.0,0.1709220710455978,-57.658240000000006
144.1456,7.816666666666666,0.0,0.0,0.0,0.0,0.0,0.0,0.0997045414432654,-59.46006
142.34378,7.9,-1.801819999999992,0.0,0.0,0.0,0.0,0.0,0.0118695882670553,-61.261880000000005
138.74014,7.983333333333333,-3.603640000000013,0.0,0.0,0.0,0.0,0.0,0.0,-61.261880000000005
133.33468000000002,8.066666666666666,-5.405459999999977,0.0,0.0,0.0,0.0,0.0,0.0,-57.65824000000002
127.92922,8.15,-5.405460000000019,0.0,0.0,0.0,0.0,0.0,0.0,-54.05460000000001
120.72194,8.233333333333333,-7.207279999999997,0.0,0.0,0.0,0.0,0.0,0.0,-45.0455
113.51466,8.316666666666666,-7.2072800000000115,0.0,0.0,0.0,0.0,0.0,0.0,-45.04549999999999
106.30738,8.4,-7.207279999999983,0.3825856952570133,0.0,0.0,0.0,0.0,0.0,-28.829120000000017
100.90192,8.483333333333333,-5.405460000000019,0.3825856952570133,0.0,0.0,0.0,0.0,0.0,-19.820019999999985
95.49646,8.566666666666666,-5.405459999999991,0.7150101549136628,0.0,0.0,0.0,0.0,0.0,-9.009100000000004
91.89282,8.65,-3.603639999999998,1.862767240684703,0.0,0.0118700842959655,0.3738834286393402,0.0,0.0,1.8018200000000064
86.48736,8.733333333333333,-5.405460000000005,2.147581036042701,0.0,0.0118700842959655,0.5478121953133044,0.0,0.0,12.612740000000002
84.68554,8.816666666666666,-1.801819999999992,3.3846081173737117,0.0,0.0118700842959655,0.8673846010886204,0.0,0.0,21.62184000000001
81.0819,8.9,-3.603639999999998,4.239049503447707,0.0,0.0118700842959655,0.8673846010886204,0.0,0.0,32.43275999999999
77.47825999999999,8.983333333333333,-3.603640000000013,4.436293684113545,0.0,0.0118700842959655,1.012124547277491,0.0,0.0,43.24368000000001
75.67644,9.066666666666666,-1.801819999999992,5.155554791196731,0.0,0.0118700842959655,1.1462311937255172,0.0,0.0,52.25278
73.87462,9.15,-1.8018200000000064,5.312840021469058,0.0,0.0458976592777334,1.269252693976458,0.0,0.0,59.46006000000003
75.67644,9.233333333333333,1.8018200000000064,6.024449414647103,0.0,0.0458976592777334,1.269252693976458,0.0,0.0,63.0637
68.46916,9.25,-7.207279999999997,6.496305105464085,0.0,0.0458976592777334,1.380737201574073,0.0,0.0,72.07279999999999
77.47825999999999,9.316666666666666,9.00909999999999,6.581324148854533,0.0,0.0458976592777334,1.4802328700621232,0.0,0.0,61.261880000000005
81.0819,9.4,3.603640000000013,6.940954702396127,0.0,0.0458976592777334,1.4802328700621232,0.0,0.0,52.252780000000016
86.48736,9.483333333333333,5.405459999999991,6.993666509298204,0.0,0.0458976592777334,1.567287852984367,0.0,0.0,39.64004
93.69464,9.566666666666666,7.2072800000000115,7.271678781184967,0.0,0.0997087080861106,1.567287852984367,0.0,0.0,23.42366
99.1001,9.65,5.405459999999991,7.429814201891199,0.0,0.0997087080861106,1.641450303884564,0.0,0.0,10.810919999999996
106.30738,9.733333333333333,7.2072800000000115,7.425563249721677,0.0,0.0997087080861106,1.641450303884564,0.0,0.0,-3.603639999999998
113.51466,9.816666666666666,7.207279999999983,7.465522200115188,0.0,0.0997087080861106,1.7022683763064752,0.0,0.0,-18.018199999999993
120.72194,9.9,7.2072800000000115,7.4527693436066205,0.0,0.0997087080861106,1.7022683763064752,0.0,0.0,-32.43276
127.92922,9.983333333333333,7.207279999999997,7.401757917572352,0.0,0.0997087080861106,1.7022683763064752,0.0,0.0,-45.0455
133.33468000000002,10.066666666666666,5.405460000000019,7.244472687300023,0.0,0.170929213861904,1.7492902237938592,0.0,0.0,-55.85642000000003
138.74014,10.15,5.405459999999977,7.091438409197218,0.0,0.170929213861904,1.7492902237938592,0.0,0.0,-64.86552
140.54196,10.233333333333333,1.801819999999992,7.003868794505057,0.0,0.170929213861904,1.7820639998904768,0.0,0.0,-70.27098
138.74014,10.316666666666666,-1.801819999999992,6.690148524394306,0.0,0.170929213861904,1.7820639998904768,0.0,0.0,-70.27098
133.33468000000002,10.4,-5.405459999999977,6.427439680317825,0.0,0.170929213861904,1.7820639998904768,0.0,0.0,-66.66734000000001
126.1274,10.483333333333333,-7.207280000000026,6.313514162174625,0.0,0.170929213861904,1.800137858140087,0.0,0.0,-61.26187999999999
117.1183,10.566666666666666,-9.00909999999999,5.884167993052865,0.0,0.2571851597459203,1.800137858140087,0.0,0.0,-55.85642000000001
109.91102,10.65,-7.2072800000000115,5.4123123022358826,0.0,0.2571851597459203,1.800137858140087,0.0,0.0,-50.450959999999995
102.70374,10.733333333333333,-7.207279999999983,5.4123123022358826,0.0,0.2571851597459203,1.80305995208645,0.0,0.0,-45.0455
95.49646,10.816666666666666,-7.2072800000000115,4.908149374930529,0.0,0.2571851597459203,1.80305995208645,0.0,0.0,-39.64004
88.28918,10.9,-7.207279999999997,4.38188149634366,0.0,0.2571851597459203,1.80305995208645,0.0,0.0,-36.0364
82.88372,10.983333333333333,-5.405460000000005,3.843710951682128,0.0,0.3561025288789666,1.7903784352733243,0.0,0.0,-32.43276
77.47825999999999,11.066666666666666,-5.405460000000005,3.843710951682128,0.0,0.3561025288789666,1.7903784352733243,0.0,0.0,-28.82911999999999
73.87462,11.15,-3.603639999999998,3.3038400261527867,0.0,0.3561025288789666,1.7903784352733243,0.0,0.2077177946734696,-12.612739999999995
70.27098,11.233333333333333,-3.603639999999998,3.3038400261527867,0.0,0.3561025288789666,1.7903784352733243,0.0,0.2077177946734696,-23.42365999999999
68.46916,11.316666666666666,-1.801819999999992,2.7724710049624894,0.0,0.3561025288789666,1.7616414612444715,0.0,0.3882014784897511,-23.42366
66.66734000000001,11.4,-1.801819999999992,2.2598061733180916,0.0,0.3561025288789666,1.7616414612444715,0.0,0.3882014784897511,-21.62184000000001
64.86552,11.483333333333333,-1.8018200000000064,2.642391868575105,3.6466770501905303,0.5127876415857119,3.631058604441172,0.3983461286365288,0.5428358367466672,-19.82002
61.26188,11.566666666666666,-3.6036400000000057,2.4910579713401093,3.6466770501905303,0.5127876415857119,5.323957469320193,0.7444646537407129,0.6730056547420415,-14.414559999999994
59.46006,11.65,-1.801819999999999,2.0464083744080694,6.9807629473637345,0.5127876415857119,6.053320188986752,1.0410112161701286,0.7800957177736972,-12.612739999999995
57.658240000000006,11.733333333333333,-1.801819999999992,1.935883618000488,6.9807629473637345,0.5127876415857119,6.777019919931104,1.2906414567823532,0.7800957177736972,-9.009100000000004
55.85642,11.816666666666666,-1.8018200000000064,1.935883618000488,6.9807629473637345,0.6299058066392387,6.777019919931104,1.496011016434964,0.8654908111394566,-3.603639999999998
52.25278,11.9,-3.603639999999998,1.839812098969282,10.00944521045112,0.6299058066392387,7.385349724342205,1.6597755359855362,0.930575720137144,3.603639999999998
50.450959999999995,11.983333333333333,-1.8018200000000064,1.5737024931571817,10.00944521045112,0.7660161065663104,8.00045722559691,1.7845906562916491,0.976735230064582,9.009100000000004
48.64914,12.066666666666666,-1.801819999999992,1.58475496879794,10.00944521045112,0.7660161065663104,8.557879763584987,1.873112018210878,0.976735230064582,18.018200000000007
61.26188,12.116666666666667,12.612739999999995,1.7420401990702672,10.00944521045112,0.7660161065663104,8.557879763584987,1.9279952626007997,1.005354126219593,10.810920000000005
46.84732,12.15,-14.414559999999994,1.6323656330965897,12.73991135838421,0.8886736442912877,8.975743681611759,1.9518960303189916,1.0178171939000016,32.43276000000001
45.0455,12.233333333333333,-1.801819999999999,1.7139839147514198,12.73991135838421,0.8886736442912877,8.975743681611759,1.9474699622230296,1.0155092184036294,43.24368
45.0455,12.316666666666666,0.0,1.7139839147514198,12.73991135838421,0.8886736442912877,9.411018596222975,1.917372699170492,1.0155092184036294,52.25278
45.0455,12.4,0.0,1.7990029581418674,15.179348910094513,1.1039178395247964,9.411018596222975,1.8642598820189549,0.9998149850283004,61.261880000000005
46.84732,12.483333333333333,1.801819999999999,1.8517147650439447,15.179348910094513,1.2297407330620316,9.684353583269791,1.7907871516259948,0.9721192790718378,66.66734
46.84732,12.566666666666666,0.0,1.8517147650439447,15.179348910094513,1.2297407330620316,9.684353583269791,1.6996101488491897,0.9338068858320644,73.87462
48.64914,12.65,1.801819999999999,1.8746699067593655,17.334945384513528,1.2297407330620316,9.98844394537935,1.5933845145461154,0.8862625906068039,77.47825999999999
52.25278,12.733333333333333,3.603639999999998,1.870418954589843,17.334945384513528,1.2297407330620316,9.98844394537935,1.474765889574349,0.8308711786938787,79.28008
55.85642,12.816666666666666,3.603639999999998,1.870418954589843,17.334945384513528,1.3563549655523308,10.107761225865175,1.3464099147914677,0.7690174353911121,81.0819
59.46006,12.9,3.603639999999998,1.8415124798370908,17.334945384513528,1.6412369886555045,10.107761225865175,1.2109722310550477,0.7690174353911121,81.08189999999999
66.66734000000001,12.983333333333333,7.2072800000000115,1.7905010538028223,19.2138883005728,1.6412369886555045,10.107761225865175,1.0711084792226666,0.7020861459963276,75.67644
72.0728,13.066666666666666,5.405459999999991,1.7905010538028223,19.2138883005728,1.7662685432396743,10.271630106348262,0.9294743001519008,0.6314620958073478,72.0728
79.28008000000001,13.15,7.2072800000000115,1.7199352477887508,19.2138883005728,1.7662685432396743,10.271630106348262,0.7887253347003269,0.5585300701219964,68.46915999999997
88.28918,13.233333333333333,9.00909999999999,1.6323656330965903,20.82336517720381,1.7662685432396743,10.137071613443997,0.6515172237255225,0.4846748542380959,63.0637
97.29828,13.316666666666666,9.009100000000004,1.6323656330965903,20.82336517720381,2.1112923267757395,10.227440904692047,0.5205056080850644,0.4112812334534698,57.65823999999998
106.30738,13.4,9.009100000000004,1.5303427810280534,20.82336517720381,2.2323671865945887,10.227440904692047,0.3983461286365289,0.3397339930659414,52.252780000000016
113.51466,13.483333333333333,7.207279999999983,1.416417262884854,20.82336517720381,2.2323671865945887,10.227440904692047,0.2876944262374933,0.2714179183733337,46.847320000000025
120.72194,13.566666666666666,7.2072800000000115,1.2931396499687051,22.17056353333809,2.2323671865945887,10.088274499110184,0.1912061417455338,0.1500184072641726,41.441860000000005
126.1274,13.65,5.405459999999991,1.2931396499687051,22.17056353333809,2.347111334788922,10.088274499110184,0.1115369160182281,0.0997045414432654,36.036400000000015
131.53286,13.733333333333333,5.405460000000005,1.1630605135813208,22.17056353333809,2.347111334788922,10.088274499110184,0.0513423899131526,0.0581609825085715,30.63094000000001
136.93832,13.816666666666666,5.405460000000005,1.0287304250244138,23.262670887907145,2.742780811321107,10.02486691504456,0.0132782042878842,0.0069239264891156,25.225480000000005
140.54196,13.9,3.603639999999984,1.0287304250244138,23.262670887907145,2.8488202310317328,10.02486691504456,0.0,0.0,21.62184000000002
142.34378,13.983333333333333,1.8018200000000208,0.892699955599698,23.262670887907145,2.8488202310317328,9.851419810865233,0.0,0.0,21.62183999999999
144.1456,14.066666666666666,1.801819999999992,0.7575196766088863,23.262670887907145,2.8488202310317328,9.707734940720966,0.0,0.0,23.423660000000012
147.74924,14.15,3.603639999999984,0.6257401593536928,24.106874759842487,2.943780905399457,9.707734940720966,0.0,0.0,21.62184000000002
151.35288,14.233333333333333,3.603640000000013,0.6257401593536928,24.106874759842487,3.3806000074909894,9.707734940720966,0.0,0.0,19.82002
154.95651999999998,14.316666666666666,3.603639999999984,0.4999119751358308,24.106874759842487,3.46210791965662,9.48151355221686,0.0,0.0,18.018200000000007
158.56016000000002,14.4,3.6036400000000417,0.3825856952570134,24.106874759842487,3.46210791965662,9.287944372715645,0.0,0.0,16.21637999999996
160.36198000000002,14.483333333333333,1.801819999999992,0.2763118910189543,24.710362668075625,3.527789052760962,9.287944372715645,0.0,0.0,14.414559999999966
162.1638,14.566666666666666,1.801819999999992,0.1836411337233663,24.710362668075625,3.9962617129750697,9.287944372715645,0.0,0.0,14.414559999999994
162.1638,14.65,0.0,0.1836411337233663,24.710362668075625,3.9962617129750697,8.976927233570496,0.0,0.0,16.216379999999987
162.1638,14.733333333333333,0.0,0.1071239946719637,25.08032213153808,4.043742050158931,8.976927233570496,0.0,0.0,16.216379999999987
162.1638,14.816666666666666,0.0,0.0493110451664595,25.08032213153808,4.043742050158931,8.976927233570496,0.0,0.0,14.414559999999994
162.1638,14.9,0.0,0.012752856508567,25.08032213153808,4.07064757456312,8.762784132291149,0.0,0.0,14.414559999999994
163.96562,14.983333333333333,1.801819999999992,0.012752856508567,25.08032213153808,4.56127772546303,8.364712010223755,0.0,0.0,10.810919999999982
167.56926,15.066666666666666,3.603640000000013,0.0,25.223940669161372,4.565234420228352,8.364712010223755,0.0,0.0,9.00909999999999
169.37108,15.15,1.801819999999992,0.0,25.223940669161372,4.543868268495613,8.364712010223755,0.0,0.0,7.207279999999997
171.1729,15.233333333333333,1.801819999999992,0.0,25.223940669161372,4.543868268495613,8.364712010223755,0.0,0.0,5.405460000000005
172.97472,15.316666666666666,1.801819999999992,0.0,25.223940669161372,4.998096827554563,7.6421568034392,0.0,0.0,3.603640000000013
174.77653999999998,15.4,1.801819999999992,0.0,25.148405799877004,4.918962932248126,7.6421568034392,0.0,0.0,1.8018200000000208
174.77653999999998,15.483333333333333,0.0,0.0,25.148405799877004,4.918962932248126,7.6421568034392,0.0,0.0,10.810920000000038
176.57836,15.566666666666666,1.8018200000000208,0.0,25.148405799877004,4.918962932248126,7.6421568034392,0.0,0.0,-1.8018200000000208
178.38018,15.65,1.801819999999992,0.0,25.148405799877004,4.80738413986605,7.6421568034392,0.0,0.0,-3.603640000000013
178.38018,15.733333333333333,0.0,0.0,24.860905042616498,5.167443363510339,7.063197018683716,0.0,0.0,-3.603640000000013
176.57836,15.816666666666666,-1.801819999999992,0.0,24.860905042616498,4.983852726399404,7.063197018683716,0.0,0.0,-1.8018200000000208
176.57836,15.9,0.0,0.0,24.860905042616498,4.760695141635252,6.8065505344793875,0.0,0.0,-1.8018200000000208
174.77653999999998,15.983333333333333,-1.8018200000000208,0.0,24.860905042616498,4.995722810695369,6.8065505344793875,0.0,0.0,0.0
176.57836,16.066666666666666,1.8018200000000208,0.0,24.368625916311338,4.6863092800472,6.8065505344793875,0.0,0.0,-1.8018200000000208
176.57836,16.15,0.0,0.0,24.368625916311338,4.330206751168234,6.1337580699580565,0.0,0.0,-3.603640000000013
176.57836,16.233333333333334,0.0,0.0,24.368625916311338,4.330206751168234,6.1337580699580565,0.0,0.0,-5.405460000000005
176.57836,16.316666666666666,0.0,0.0,23.678755939893072,4.814506190443629,6.1337580699580565,0.0,0.0,-7.207279999999997
176.57836,16.4,0.0,0.0,23.678755939893072,4.814506190443629,6.1337580699580565,0.0,0.0,-7.207279999999997
185.58746,16.416666666666668,9.009100000000018,0.0,23.678755939893072,4.814506190443629,5.364873693389678,0.0,0.0,-16.216380000000015
174.77653999999998,16.483333333333334,-10.810920000000038,0.0,23.678755939893072,5.273482783220963,5.364873693389678,0.0,0.0,-3.603639999999984
174.77653999999998,16.566666666666666,0.0,0.0,22.798482632293194,5.273482783220963,5.364873693389678,0.0,0.0,-1.801819999999992
174.77653999999998,16.65,0.0,0.0,22.798482632293194,5.273482783220963,5.364873693389678,0.0,0.0,0.0
174.77653999999998,16.733333333333334,0.0,0.0,22.798482632293194,5.6976404620634655,5.364873693389678,0.0,0.0,0.0
174.77653999999998,16.816666666666666,0.0,0.0,21.73499351244322,5.6976404620634655,4.497638172493046,0.0,0.0,0.0
174.77653999999998,16.9,0.0,0.0,21.73499351244322,6.0774831595343635,4.497638172493046,0.0,0.0,0.0
174.77653999999998,16.983333333333334,0.0,0.0,21.73499351244322,6.0774831595343635,4.497638172493046,0.0,0.0,-1.801819999999992
172.97472,17.066666666666666,-1.801819999999992,0.0,21.73499351244322,6.0774831595343635,4.497638172493046,0.0,0.0,-1.801819999999992
171.1729,17.15,-1.801819999999992,0.0,20.495476099274672,6.403514808196884,4.497638172493046,0.0,0.0,-3.603639999999984
169.37108,17.233333333333334,-1.801819999999992,0.0,20.495476099274672,6.403514808196884,3.5297922749869652,0.0,0.0,-1.801819999999992
169.37108,17.316666666666666,0.0,0.0,20.495476099274672,6.666239340614254,3.5297922749869652,0.0,0.0,-3.603640000000013
169.37108,17.4,0.0,0.0,19.08711791171904,6.666239340614254,3.5297922749869652,0.0,0.0,-1.801819999999992
171.1729,17.483333333333334,1.801819999999992,0.0,19.08711791171904,6.856160689349704,3.5297922749869652,0.0,0.0,-1.801819999999992
172.97472,17.566666666666666,1.801819999999992,0.0,19.08711791171904,6.856160689349704,3.5297922749869652,0.0,0.0,-1.801819999999992
174.77653999999998,17.65,1.801819999999992,0.0,17.51710646870787,6.963782786966458,2.4590767685902324,0.0,0.0,0.0
174.77653999999998,17.733333333333334,0.0,0.0,17.51710646870787,6.963782786966458,2.4590767685902324,0.0,0.0,3.603640000000013
174.77653999999998,17.816666666666666,0.0,0.0,17.51710646870787,6.979609566027747,2.4590767685902324,0.0,0.0,10.810920000000038
174.77653999999998,17.9,0.0,0.0,15.792629289172648,6.979609566027747,2.4590767685902324,0.0,0.0,16.216380000000015
172.97472,17.983333333333334,-1.801819999999992,0.0,15.792629289172648,6.894144959096794,2.4590767685902324,0.0,0.0,27.027299999999997
171.1729,18.066666666666663,-1.801819999999992,0.0,15.792629289172648,6.894144959096794,2.4590767685902324,0.0,0.0,39.64004
167.56926,18.15,-3.603639999999984,0.0,13.920873892044902,6.69789289873683,2.4590767685902324,0.0,0.0,73.87462
167.56926,18.233333333333334,0.0,0.0,13.920873892044902,6.69789289873683,1.2832324210216417,0.0,0.0,55.856419999999986
165.76744,18.316666666666663,-1.8018200000000208,0.0,13.920873892044902,6.381357317511082,1.2832324210216417,0.0,0.0,72.0728
167.56926,18.4,1.8018200000000208,0.0,11.90902779625614,5.935042147982777,1.2832324210216417,0.0,0.0,86.48736
169.37108,18.483333333333334,1.801819999999992,0.0,11.90902779625614,5.935042147982777,1.2832324210216417,0.0,0.0,100.90192000000002
171.1729,18.566666666666663,1.801819999999992,0.0,11.90902779625614,5.3494513227151455,1.2832324210216417,0.0,0.0,118.92012000000004
174.77653999999998,18.65,3.603639999999984,2.7546170058504966,12.043451677106942,4.662569111455269,2.2388761612691015,0.3983461286365288,0.0,135.13649999999998
178.38018,18.733333333333334,3.603640000000013,2.7546170058504966,12.043451677106942,3.769938772398661,1.8694171431967008,0.3983461286365288,0.0,151.35288000000003
185.58746,18.816666666666663,7.207280000000026,5.148073115378372,9.772986740790682,2.709544575292406,3.5623160080757224,0.7444646537407129,0.0,162.16379999999998
190.99292,18.9,5.405459999999977,7.084806923812762,11.856790426523936,1.4718904526997274,4.336923005443102,1.0410112161701286,0.0,171.17290000000006
200.00202,18.983333333333334,9.00909999999999,7.198732441955961,9.4677973483412,0.0474803371838622,5.060622736387454,1.2906414567823532,0.0,172.97472000000002
210.81294,19.066666666666663,10.81092000000001,8.829057618011182,9.4677973483412,0.0474803371838622,5.7311559686275855,1.496011016434964,0.0,167.56926
241.44388,19.083333333333332,30.63094000000001,8.924959098955606,8.860390061653105,0.0474803371838622,5.7311559686275855,1.6597755359855362,0.0,140.54196
223.42568,19.15,-18.018200000000007,10.345117199749644,8.860390061653105,0.1835906371109339,6.34626346988229,1.7845906562916491,0.2373917653411082,160.36198000000002
237.84024,19.233333333333334,14.414559999999994,10.345117199749644,6.25590325653195,0.1835906371109339,6.903686007870367,1.873112018210878,0.4436588325597155,142.34378000000004
254.05662,19.316666666666663,16.216380000000015,11.477570857710395,7.962444598990132,0.1835906371109339,6.903686007870367,1.9279952626007997,0.4436588325597155,124.32558
270.273,19.4,16.216380000000015,12.292733445738008,7.962444598990132,0.1835906371109339,7.401164350310617,1.9518960303189916,0.6203838134247626,106.30737999999997
290.09302,19.483333333333334,19.82002,12.340684186210222,7.962444598990132,0.1835906371109339,7.401164350310617,1.9474699622230296,0.7691493197051904,84.68554
309.91303999999997,19.566666666666663,19.820019999999943,12.952821298621446,7.962444598990132,0.1835906371109339,7.836439264921834,1.917372699170492,0.8915379631699397,64.86552000000006
329.73306,19.65,19.820020000000056,13.311261585555572,9.48709306880907,0.3988348323444426,7.836439264921834,1.8642598820189549,0.8915379631699397,46.84731999999997
347.75126,19.733333333333334,18.01819999999998,13.332346308316405,9.48709306880907,0.3988348323444426,8.207251519422819,1.7907871516259948,0.9891323555879504,28.82911999999999
362.16582000000005,19.816666666666663,14.414560000000051,13.488441271981266,9.48709306880907,0.3988348323444426,8.207251519422819,1.6996101488491897,1.063515108728165,12.612739999999974
372.97674,19.9,10.810919999999951,13.497623328667434,10.834340865320955,0.3988348323444426,8.511341881532376,1.5933845145461154,1.063515108728165,1.8018200000000208
378.3822,19.983333333333334,5.405460000000005,13.467016473046868,10.834340865320955,0.3988348323444426,8.511341881532376,1.474765889574349,1.1162688343595222,-5.405460000000005
381.98584,20.066666666666663,3.603639999999984,13.270452444728154,10.834340865320955,0.3988348323444426,8.746451118969297,1.3464099147914677,1.1489761442509636,-10.810919999999951
383.78766,20.15,1.8018200000000208,13.258889854827054,10.834340865320955,0.683716855447616,8.746451118969297,1.2109722310550477,1.1632196501714305,-9.00909999999999
380.18402,20.233333333333334,-3.603639999999984,12.891607587380324,12.008680187857998,0.683716855447616,8.746451118969297,1.0711084792226666,1.1605819638898622,-3.6036400000000417
378.3822,20.316666666666663,-1.8018200000000208,12.411760106484635,12.008680187857998,0.683716855447616,8.910319999452383,0.9294743001519008,1.1605819638898622,1.8018200000000208
376.58038,20.4,-1.8018200000000208,11.788060404172311,12.008680187857998,0.683716855447616,8.910319999452383,0.7887253347003269,1.1426456971752006,7.207280000000026
374.77856,20.483333333333334,-1.801819999999964,11.753032558295448,13.01460323575238,0.683716855447616,8.910319999452383,0.6515172237255225,1.110993461796386,12.612739999999974
374.77856,20.566666666666663,0.0,11.018468023401986,13.01460323575238,1.0287406389836813,9.000689290700436,0.5205056080850644,1.0672078695223597,14.414559999999994
376.58038,20.65,1.801819999999964,10.243774500028229,13.01460323575238,1.0287406389836813,9.000689290700436,0.3983461286365289,1.0128715321220616,16.216380000000015
376.58038,20.733333333333334,0.0,10.198204292770948,13.01460323575238,1.0287406389836813,9.01529976043225,0.2876944262374933,1.0128715321220616,18.01819999999998
374.77856,20.816666666666663,-1.801819999999964,9.31060547977468,13.856602208336303,1.0287406389836813,9.01529976043225,0.1912061417455338,0.9495670613644328,21.621839999999963
374.77856,20.9,0.0,8.426067352340462,13.856602208336303,1.0287406389836813,9.01529976043225,0.1115369160182281,0.8788770690184139,23.423659999999984
372.97674,20.983333333333334,-1.8018200000000208,7.460591095598542,13.856602208336303,1.0287406389836813,9.01529976043225,0.0513423899131526,0.8023841668529458,25.225480000000005
371.17492,21.066666666666663,-1.801819999999964,7.40685906017578,14.539169304941964,1.4244101155158664,8.951892176366623,0.0132782042878842,0.721670966636969,28.829119999999932
374.77856,21.15,3.603639999999984,6.427439680317826,14.539169304941964,1.4244101155158664,8.951892176366623,0.0,0.6383200801394244,25.225479999999948
376.58038,21.233333333333334,1.801819999999964,5.508213783180306,14.539169304941964,1.4244101155158664,8.951892176366623,0.0,0.5539141191292525,19.82002
380.18402,21.316666666666663,3.6036400000000417,4.558040954248666,14.539169304941964,1.4244101155158664,8.808207306222357,0.0,0.4700356953753941,12.612739999999974
383.78766,21.4,3.603639999999984,4.505329147346589,15.066796724901554,1.4244101155158664,8.808207306222357,0.0,0.3882674206467901,3.603639999999984
387.3913,21.483333333333334,3.603639999999984,3.5993662209779815,15.066796724901554,1.8612292176073988,8.808207306222357,0.0,0.3101919067123814,-5.405460000000005
389.19312,21.566666666666663,1.8018200000000208,2.801547517802024,15.066796724901554,1.8612292176073988,8.58198591771825,0.0,0.2373917653411082,-10.81092000000001
392.79676,21.65,3.603639999999984,2.801547517802024,15.066796724901554,1.8612292176073988,8.58198591771825,0.0,0.1714496083019116,-36.036400000000015
394.59858,21.733333333333334,1.801819999999964,2.031955137031695,15.066796724901554,1.8612292176073988,8.58198591771825,0.0,0.1139480473637319,-23.423659999999927
396.4004,21.816666666666663,1.8018200000000208,1.9894456153364712,15.443976667547265,1.8612292176073988,8.58198591771825,0.0,0.0664696942955103,-28.82911999999999
398.20222,21.9,1.8018200000000208,1.3222161628082378,15.443976667547265,2.3297018778215057,8.58198591771825,0.0,0.0305971608661873,-37.83821999999998
398.20222,21.983333333333334,0.0,0.8018996172587003,15.443976667547265,2.3297018778215057,8.270968778573103,0.0,0.0,-43.24368000000004
400.00404,22.066666666666663,1.801819999999964,0.3781647050007106,15.675201332211303,2.3297018778215057,8.270968778573103,0.0,0.0,-52.25277999999997
400.00404,22.15,0.0,0.3550395251985089,15.675201332211303,2.3297018778215057,8.270968778573103,0.0,0.0,-57.65823999999998
396.4004,22.233333333333334,-3.603639999999984,0.091820566861683,15.675201332211303,2.3297018778215057,8.270968778573103,0.0,0.0,-59.46006
392.79676,22.316666666666663,-3.603639999999984,0.0051011426034268,15.675201332211303,2.820332028721415,7.872896656505708,0.0,0.0,-63.06369999999998
387.3913,22.4,-5.405460000000005,0.0,15.76496291822586,2.820332028721415,7.872896656505708,0.0,0.0,-63.06369999999998
381.98584,22.483333333333334,-5.405460000000005,0.0,15.76496291822586,2.820332028721415,7.872896656505708,0.0,0.0,-63.06369999999998
378.3822,22.566666666666663,-3.603639999999984,0.0,15.76496291822586,2.820332028721415,7.872896656505708,0.0,0.0,-64.86552000000006
356.76036,22.583333333333332,-21.62184000000002,0.0,15.76496291822586,3.3236236028703554,7.385510319234872,0.0,0.0,-50.45096000000001
371.17492,22.65,14.414560000000051,0.0,15.717753624923128,3.3236236028703554,7.385510319234872,0.0,0.0,-68.46916000000004
367.57128,22.733333333333334,-3.6036400000000417,0.0,15.717753624923128,3.3236236028703554,7.385510319234872,0.0,0.0,-70.27098000000001
360.364,22.816666666666663,-7.207279999999969,0.0,15.717753624923128,3.830080532831553,7.385510319234872,0.0,0.0,-66.66734000000002
354.95853999999997,22.9,-5.405460000000062,0.0,15.538065651635309,3.830080532831553,6.8065505344793875,0.0,0.0,-66.66733999999997
347.75126,22.983333333333334,-7.207279999999969,0.0,15.538065651635309,3.830080532831553,6.8065505344793875,0.0,0.0,-63.06369999999998
342.3458,23.066666666666663,-5.405460000000005,0.0,15.538065651635309,3.830080532831553,6.8065505344793875,0.0,0.0,-61.26188000000002
336.94034,23.15,-5.405460000000005,0.0,15.538065651635309,4.330206751168234,6.8065505344793875,0.0,0.0,-59.46006
329.73306,23.233333333333334,-7.207279999999969,0.0,15.230391197694589,4.330206751168234,6.1337580699580565,0.0,0.0,-57.658240000000035
324.3276,23.316666666666663,-5.405460000000005,0.0,15.230391197694589,4.330206751168234,6.1337580699580565,0.0,0.0,-55.856420000000014
318.92214,23.4,-5.405460000000005,0.0,15.230391197694589,4.814506190443629,6.1337580699580565,0.0,0.0,-54.05460000000005
313.51667999999995,23.483333333333334,-5.405460000000062,0.0,14.799222462433171,4.814506190443629,6.1337580699580565,0.0,0.0,-54.05459999999994
306.3094,23.566666666666663,-7.207279999999969,0.0,14.799222462433171,4.814506190443629,6.1337580699580565,0.0,0.0,-50.45095999999998
302.70576,23.65,-3.603639999999984,0.0,14.799222462433171,4.814506190443629,5.364873693389678,0.0,0.0,-48.64913999999999
297.3003,23.733333333333334,-5.405460000000005,0.0,14.799222462433171,5.273482783220963,5.364873693389678,0.0,0.0,-46.84732
293.69666,23.816666666666663,-3.603639999999984,0.0,14.249051645183249,5.273482783220963,5.364873693389678,0.0,0.0,-45.0455
288.2912,23.9,-5.405460000000005,0.0,14.249051645183249,5.273482783220963,5.364873693389678,0.0,0.0,-41.44186000000002
284.68756,23.983333333333334,-3.603639999999984,0.0,14.249051645183249,5.6976404620634655,5.364873693389678,0.0,0.0,-41.44186000000002
281.08392,0.0666666666666666,-3.6036400000000417,0.0,13.584370945277014,5.6976404620634655,4.497638172493046,0.0,0.0,-39.64003999999997
277.48028,0.15,-3.603639999999984,0.0,13.584370945277014,6.0774831595343635,4.497638172493046,0.0,0.0,-37.83821999999998
272.07482,0.2333333333333333,-5.405460000000005,0.0,13.584370945277014,6.0774831595343635,4.497638172493046,0.0,0.0,-34.234579999999994
268.47118,0.3166666666666666,-3.603639999999984,0.0,12.80967256204667,6.0774831595343635,4.497638172493046,0.0,0.0,-34.234579999999994
264.86753999999996,0.4,-3.6036400000000417,0.0,12.80967256204667,6.403514808196884,4.497638172493046,0.0,0.0,-32.432759999999945
259.46208,0.4833333333333333,-5.405459999999948,0.0,12.80967256204667,6.403514808196884,3.5297922749869652,0.0,0.0,-30.63094000000004
255.85844,0.5666666666666667,-3.603640000000013,0.0,12.80967256204667,6.666239340614254,3.5297922749869652,0.0,0.0,-30.63094000000001
254.05662,0.65,-1.801819999999992,0.0,11.9294486948244,6.666239340614254,3.5297922749869652,0.0,0.0,-32.43276
250.45298,0.7333333333333333,-3.603640000000013,0.0,11.9294486948244,6.856160689349704,3.5297922749869652,0.0,0.0,-30.63094000000001
248.65116,0.8166666666666667,-1.801819999999992,0.0,11.9294486948244,6.856160689349704,3.5297922749869652,0.0,0.0,-32.43276
246.84934,0.9,-1.8018200000000208,0.0,10.948191542942418,6.963782786966458,2.4590767685902324,0.0,0.0,-34.234579999999966
243.2457,0.9833333333333332,-3.603639999999984,0.0,10.948191542942418,6.963782786966458,2.4590767685902324,0.0,0.0,-32.43276
241.44388,1.0666666666666669,-1.801819999999992,0.0,10.948191542942418,6.979609566027747,2.4590767685902324,0.0,0.0,-34.234579999999994
239.64206,1.15,-1.801819999999992,0.0,9.870393305732906,6.979609566027747,2.4590767685902324,0.0,0.0,-36.036399999999986
237.84024,1.2333333333333334,-1.8018200000000208,0.0,9.870393305732906,6.894144959096794,2.4590767685902324,0.0,0.0,-36.036400000000015
234.2366,1.3166666666666669,-3.603639999999984,0.0,8.700546182528065,6.894144959096794,2.4590767685902324,0.0,0.0,-36.036400000000015
232.43478,1.4,-1.801819999999992,0.0,8.700546182528065,6.69789289873683,1.2832324210216417,0.0,0.0,-36.036400000000015
228.83114,1.4833333333333334,-3.6036400000000417,0.0,8.700546182528065,6.381357317511082,1.2832324210216417,0.0,0.0,-34.234579999999966
225.2275,1.5666666666666669,-3.603639999999984,0.0,7.443142372660088,5.935042147982777,1.2832324210216417,0.0,0.0,-32.43276
221.62386,1.65,-3.603639999999984,0.0,7.443142372660088,5.935042147982777,1.2832324210216417,0.0,0.0,-32.43276
219.82204,1.7333333333333334,-1.8018200000000208,0.0,7.443142372660088,5.3494513227151455,1.2832324210216417,0.0,0.0,-32.43275999999997
216.2184,1.8166666666666669,-3.603639999999984,0.0,6.102674075461163,4.615088774271407,1.2832324210216417,0.0,0.0,-30.63093999999998
212.61476,1.9,-3.603639999999984,0.0,6.102674075461163,3.722458435214798,0.0,0.0,0.0,-28.829120000000017
210.81294,1.9833333333333336,-1.8018200000000208,0.0,4.683633490263501,2.6620642381085435,0.0,0.0,0.0,-28.82911999999999
207.2093,2.066666666666667,-3.603639999999984,0.0,4.683633490263501,1.4244101155158653,0.0,0.0,0.0,-27.027299999999997
203.60566000000003,2.15,-3.603639999999984,0.0,3.190512816399291,0.0,0.0,0.0,0.0,-25.225480000000033
201.80384,2.2333333333333334,-1.801820000000049,0.0,3.190512816399291,0.0,0.0,0.0,0.0,-25.225479999999976
198.2002,2.3166666666666664,-3.603639999999984,0.0,1.6278042532007215,0.0,0.0,0.0,0.0,-25.225480000000005
196.39838,2.4,-1.801819999999992,0.0,1.6278042532007215,0.0,0.0,0.0,0.0,-25.225480000000005
194.59656,2.4833333333333334,-1.801819999999992,0.0,0.0,0.0,0.0,0.0,0.0,-25.225480000000005
192.79474,2.5666666666666664,-1.8018200000000208,0.0,0.0,0.0,0.0,0.0,0.0,-27.027299999999997
189.1911,2.65,-3.603639999999984,0.0,0.0,0.0,0.0,0.0,0.0,-25.225480000000005
187.38928,2.7333333333333334,-1.801819999999992,0.0,0.0,0.0,0.0,0.0,0.0,-27.027299999999997
185.58746,2.8166666666666664,-1.801819999999992,0.0,0.0,0.0,0.0,0.0,0.0,-27.027299999999997
183.78564,2.9,-1.8018200000000208,0.0,0.0,0.0,0.0,0.0,0.0,-27.027300000000025
181.98382,2.9833333333333334,-1.801819999999992,0.0,0.0,0.0,0.0,0.0,0.0,-28.829120000000017
180.182,3.066666666666667,-1.801819999999992,0.0,0.0,0.0,0.0,0.0,0.0,-28.829120000000017
178.38018,3.15,-1.8018200000000208,0.0,0.0,0.0,0.0,0.0,0.0,-27.027299999999997
176.57836,3.2333333333333334,-1.801819999999992,0.0,0.0,0.0,0.0,0.0,0.0,-27.027299999999997
172.97472,3.3166666666666664,-3.603640000000013,0.0,0.0,0.0,0.0,0.0,0.0,-25.225480000000005
171.1729,3.4,-1.801819999999992,0.0,0.0,0.0,0.0,0.0,0.0,-25.225480000000005
169.37108,3.4833333333333334,-1.801819999999992,0.0,0.0,0.0,0.0,0.0,0.0,-25.225480000000005
165.76744,3.5666666666666664,-3.603640000000013,0.0,0.0,0.0,0.0,0.0,0.0,-21.62183999999999
163.96562,3.65,-1.801819999999992,0.0,0.0,0.0,0.0,0.0,0.0,-21.62183999999999
160.36198000000002,3.7333333333333334,-3.603639999999984,0.0,0.0,0.0,0.0,0.0,0.0,-19.820020000000028
158.56016000000002,3.8166666666666664,-1.801819999999992,0.0,0.0,0.0,0.0,0.0,0.0,-19.820020000000028
156.75833999999998,3.9,-1.801820000000049,0.0,0.0,0.0,0.0,0.0,0.0,-19.82001999999997
153.1547,3.9833333333333334,-3.603639999999984,0.0,0.0,0.0,0.0,0.0,0.0,-19.82001999999997
151.35288,4.066666666666666,-1.801819999999992,0.0,0.0,0.0,0.0,0.0,0.0,-19.82002
151.35288,4.15,0.0,0.0,0.0,0.0,0.0,0.0,0.0,-21.62183999999999
149.55106,4.233333333333333,-1.801819999999992,0.0,0.0,0.0,0.0,0.0,0.0,-23.423660000000012
147.74924,4.316666666666666,-1.8018200000000208,0.0,0.0,0.0,0.0,0.0,0.0,-23.423659999999984
145.94742,4.4,-1.801819999999992,0.0,0.0,0.0,0.0,0.0,0.0,-23.42366
144.1456,4.483333333333333,-1.801819999999992,0.0,0.0,0.0,0.0,0.0,0.0,-23.42366
144.1456,4.566666666666666,0.0,0.0,0.0,0.0,0.0,0.0,0.0,-25.225480000000005
142.34378,4.65,-1.801819999999992,0.0,0.0,0.0,0.0,0.0,0.0,-25.225480000000005
140.54196,4.733333333333333,-1.8018200000000208,0.0,0.0,0.0,0.0,0.0,0.0,-25.225479999999976
138.74014,4.816666666666666,-1.801819999999992,0.0,0.0,0.0,0.0,0.0,0.0,-23.423659999999984
136.93832,4.9,-1.801819999999992,0.0,0.0,0.0,0.0,0.0,0.0,-23.423660000000012
133.33468000000002,4.983333333333333,-3.603639999999984,0.0,0.0,0.0,0.0,0.0,0.0,-19.820020000000028
131.53286,5.066666666666666,-1.8018200000000208,0.0,0.0,0.0,0.0,0.0,0.0,-18.018200000000007
129.73104,5.15,-1.801819999999992,0.0,0.0,0.0,0.0,0.0,0.0,-16.216380000000015
126.1274,5.233333333333333,-3.603640000000013,0.0,0.0,0.0,0.0,0.0,0.0,-12.612740000000002
124.32558,5.316666666666666,-1.801819999999992,0.0,0.0,0.0,0.0,0.0,0.3560876480116623,-12.612740000000002
122.52376,5.4,-1.8018200000000064,0.0,0.0,0.0,0.0,0.0,0.3560876480116623,-10.810919999999996
120.72194,5.483333333333333,-1.801819999999992,0.0,0.0,0.0,0.0,0.0,0.6654882488395734,-10.81092000000001
118.92012,5.566666666666666,-1.8018200000000064,0.0,0.0,0.0,0.0,0.0,0.9305757201371438,-7.207279999999997
117.1183,5.65,-1.801819999999992,1.7598941981822611,3.190842418916714,0.0356102528878966,0.3185479134158198,0.318676902909223,1.1537239795577856,-3.603640000000013
115.31648,5.733333333333333,-1.801819999999992,1.7598941981822611,3.190842418916714,0.0356102528878966,0.9130203255221738,0.5955717229925703,1.1537239795577856,5.405459999999991
115.31648,5.816666666666666,0.0,3.289046712602849,3.190842418916714,0.0356102528878966,1.187438669358574,0.5955717229925703,1.3373069447549095,14.414559999999994
113.51466,5.9,-1.8018200000000208,3.289046712602849,6.1081675789432675,0.0356102528878966,1.4456410018143673,0.8328089729361028,1.4836985333819257,28.829120000000017
113.51466,5.983333333333333,0.0,4.599190171249642,6.1081675789432675,0.0356102528878966,1.6868742454624843,1.0325131654258826,1.595272663092247,45.04550000000003
113.51466,6.066666666666666,0.0,4.599190171249642,6.1081675789432675,0.0356102528878966,1.9103853228758616,1.1968088131479713,1.595272663092247,63.06370000000001
113.51466,6.15,0.0,5.7020572021105265,8.75826455914473,0.0356102528878966,1.9103853228758616,1.327820428788429,1.6744032515392833,79.28008
113.51466,6.166666666666667,0.0,6.609380433173382,8.75826455914473,0.1376929778332004,2.11542115662743,1.427672525033319,1.7234642163764455,97.29828
111.71284,6.233333333333333,-1.801819999999992,6.609380433173382,8.75826455914473,0.1376929778332004,2.3012286692901225,1.4984896145687023,1.7448294752571458,113.51466
111.71284,6.316666666666666,0.0,7.332892492426087,11.147422438586185,0.1376929778332004,2.3012286692901225,1.5423962100806397,1.7448294752571458,126.1274
109.91102,6.4,-1.8018200000000064,7.332892492426087,11.147422438586185,0.1376929778332004,2.4670547834368723,1.5615168242551931,1.7408729458347934,136.93831999999998
111.71284,6.483333333333333,1.8018200000000064,7.88432600785653,11.147422438586185,0.1376929778332004,2.4670547834368723,1.557975969778424,1.7139685457628009,140.54196
113.51466,6.566666666666666,1.801819999999992,8.27541360745259,11.147422438586185,0.1376929778332004,2.6121464216406114,1.5338981593363934,1.6664901926945792,140.54196000000002
120.72194,6.65,7.2072800000000115,8.27541360745259,13.281930296332698,0.2991261242583319,2.6121464216406114,1.491407905615164,1.600811804283539,133.33468
129.73104,6.733333333333333,9.009100000000004,8.517887919202145,13.281930296332698,0.2991261242583319,2.735750506474273,1.432629721300796,1.600811804283539,120.72194
142.34378,6.816666666666666,12.612740000000002,8.517887919202145,13.281930296332698,0.2991261242583319,2.735750506474273,1.3596881190793515,1.5193072981830924,104.50555999999996
158.56016000000002,6.9,16.216380000000015,8.623481571093082,15.168077211449338,0.2991261242583319,2.837113960510792,1.2747076116368925,1.4243505920466493,84.68553999999997
176.57836,6.983333333333333,18.01819999999998,8.603927191113279,15.168077211449338,0.2991261242583319,2.837113960510792,1.1798127116594792,1.318315603527621,64.86552
192.79474,7.066666666666666,16.216379999999987,8.603927191113279,15.168077211449338,0.2991261242583319,2.9154837063230987,1.077127931833174,1.2035762502794187,46.847320000000025
210.81294,7.15,18.018200000000007,8.470957407250618,15.168077211449338,0.512787641585712,2.9154837063230987,0.9687777848440382,1.0825064499554533,25.225480000000005
225.2275,7.233333333333333,14.414559999999994,8.236304847492983,16.8121522630012,0.512787641585712,2.9154837063230987,0.8568867833781333,0.9574801202091366,5.4054600000000335
237.84024,7.316666666666666,12.612740000000002,8.236304847492983,16.8121522630012,0.512787641585712,2.970106666484128,0.7435794401215207,0.8308711786938787,-16.216379999999987
246.84934,7.4,9.00909999999999,7.911702139828254,16.8121522630012,0.512787641585712,2.970106666484128,0.6309802677602615,0.7050535430630911,-34.234579999999966
252.2548,7.483333333333333,5.405460000000005,7.508881912244315,18.220444530053335,0.512787641585712,2.970106666484128,0.521213778980418,0.5824011309701852,-50.45096000000001
254.05662,7.566666666666666,1.8018200000000208,7.039576792729045,18.220444530053335,0.771555479237761,3.0002297635668116,0.4164044864680515,0.4652878600685721,-63.06370000000001
254.05662,7.65,0.0,7.039576792729045,18.220444530053335,0.771555479237761,3.0002297635668116,0.3186769029092232,0.3560876480116624,-73.87462
250.45298,7.733333333333333,-3.603640000000013,6.515519409270328,18.220444530053335,0.771555479237761,3.005099920144083,0.2301555409899946,0.2571744124528674,-79.28008
246.84934,7.816666666666666,-3.603640000000013,5.948442389856044,19.399243091670822,0.771555479237761,3.005099920144083,0.152964913396427,0.0997045414432654,-84.68553999999997
243.2457,7.9,-3.603639999999984,5.948442389856044,19.399243091670822,0.771555479237761,3.005099920144083,0.0892295328145825,0.0458957412992809,-90.091
241.44388,7.983333333333333,-1.801819999999992,5.3500783624740755,19.399243091670822,0.771555479237761,3.005099920144083,0.0410739119305221,0.0118695882670553,-93.69464000000002
239.64206,8.066666666666666,-1.801819999999992,4.732159955112304,20.35483702691875,1.0683075866368998,2.9839640587888745,0.0106225634303074,0.0,-99.10010000000004
236.03842,8.15,-3.603640000000013,4.106419795758611,20.35483702691875,1.0683075866368998,2.9839640587888745,0.0,0.0,-102.70373999999998
230.63296000000005,8.233333333333333,-5.405459999999977,4.106419795758611,20.35483702691875,1.0683075866368998,2.9839640587888745,0.0,0.0,-104.50556000000005
221.62386,8.316666666666666,-9.009100000000018,3.4845905124008767,20.35483702691875,1.0683075866368998,2.936069102074119,0.0,0.0,-104.50556
212.61476,8.4,-9.00909999999999,2.878404733026987,21.093515414862175,1.3959219132055491,2.936069102074119,0.0,0.0,-102.70374000000002
201.80384,8.483333333333333,-10.810920000000038,2.2995950856248215,21.093515414862175,1.3959219132055491,2.936069102074119,0.0,0.0,-100.90192
190.99292,8.566666666666666,-10.810919999999982,2.2995950856248215,21.093515414862175,1.3959219132055491,2.86066197257275,0.0,0.0,-99.1001
180.182,8.65,-10.810919999999982,1.759894198182262,21.093515414862175,1.3959219132055491,2.86066197257275,0.0,0.0,-95.49646
171.1729,8.733333333333333,-9.009100000000018,1.27103469868719,21.621567334566173,1.3959219132055491,2.86066197257275,0.0,0.0,-91.89282
162.1638,8.816666666666666,-9.00909999999999,0.8447492151274854,21.621567334566173,1.7472764083661294,2.86066197257275,0.0,0.0,-88.28918000000002
153.1547,8.9,-9.009100000000018,0.8447492151274854,21.621567334566173,1.7472764083661294,2.756989592857701,0.0,0.0,-81.08189999999999
147.74924,8.983333333333333,-5.405460000000005,0.4927703754910333,21.621567334566173,1.7472764083661294,2.756989592857701,0.0,0.0,-81.08189999999998
140.54196,9.066666666666666,-7.207279999999997,2.4056988517761004,21.945281865095826,1.7472764083661294,2.756989592857701,0.1991730643182644,0.0,-68.46915999999999
133.33468000000002,9.15,-7.207279999999969,2.139759284050781,21.945281865095826,1.7472764083661294,2.756989592857701,0.3722323268703564,0.0,-59.46006000000003
126.1274,9.233333333333333,-7.207280000000026,3.633713914507722,21.945281865095826,1.7472764083661294,2.756989592857701,0.5205056080850643,0.0,-48.64914
117.1183,9.316666666666666,-9.00909999999999,3.633713914507722,21.945281865095826,2.1152490215410613,2.624298885501903,0.6453207283911766,0.0,-34.23458000000001
109.91102,9.4,-7.2072800000000115,4.9991197513583066,22.0709480855162,2.1152490215410613,2.624298885501903,0.748005508217482,0.0,-21.62183999999999
100.90192,9.483333333333333,-9.009100000000004,6.197888263163616,22.0709480855162,2.1152490215410613,2.624298885501903,0.8298877679927681,0.0,-7.207279999999983
91.89282,9.566666666666666,-9.00909999999999,6.197888263163616,22.0709480855162,2.1152490215410613,2.624298885501903,0.8922953281458246,0.0,3.603639999999998
84.68554,9.65,-7.207279999999997,7.1841091664928065,22.0709480855162,2.4927177021527664,2.46183677307829,0.936556009105439,0.0,12.612740000000002
79.28008000000001,9.733333333333333,-5.405459999999991,7.1841091664928065,22.00485507489238,2.4927177021527664,2.46183677307829,0.9639976313003996,0.0,18.018199999999993
73.87462,9.816666666666666,-5.405460000000019,7.970535317854442,22.00485507489238,2.4927177021527664,2.46183677307829,0.9759480151594958,0.0,21.62184000000001
72.0728,9.9,-1.801819999999992,8.569919573757097,22.00485507489238,2.872560399623665,2.46183677307829,0.9737349811115148,0.0,19.82002
66.66734000000001,9.916666666666666,-5.405459999999991,8.569919573757097,21.75329191228943,2.872560399623665,2.268850178159796,0.958686349585246,0.0,23.42366
72.0728,9.983333333333333,5.405459999999991,8.995014790709337,21.75329191228943,2.872560399623665,2.268850178159796,0.958686349585246,0.0,14.414559999999994
73.87462,10.066666666666666,1.801819999999992,8.995014790709337,21.75329191228943,2.872560399623665,2.268850178159796,0.9321299410094774,0.0,9.009100000000004
77.47825999999999,10.15,3.603639999999998,9.258573825219724,21.75329191228943,3.247655063376175,2.268850178159796,0.8953935758129974,0.0,1.8018200000000208
82.88372,10.233333333333333,5.405460000000005,9.37334953379683,21.322547676772423,3.247655063376175,2.044586023319352,0.8498050744245949,0.0,-7.207279999999997
88.28918,10.316666666666666,5.405460000000005,9.37334953379683,21.322547676772423,3.247655063376175,2.044586023319352,0.7966922572730577,0.0,-14.414560000000009
93.69464,10.4,5.405460000000005,9.352094772949217,21.322547676772423,3.6108796428327214,2.044586023319352,0.7373829447871745,0.0,-23.423660000000012
95.49646,10.483333333333333,1.801819999999992,9.207562399185454,20.71891144740644,3.6108796428327214,2.044586023319352,0.6732049573957338,0.0,-27.027299999999997
97.29828,10.566666666666666,1.8018200000000064,9.207562399185454,20.71891144740644,3.6108796428327214,2.044586023319352,0.6054861155275238,0.3264136773440237,-28.829120000000003
97.29828,10.65,0.0,8.952505269014113,20.71891144740644,3.6108796428327214,1.7882912311298929,0.5355542396113333,0.6100308947696089,-30.630939999999995
95.49646,10.733333333333333,-1.8018200000000064,8.599676238943754,20.71891144740644,3.9551120874157224,1.7882912311298929,0.4647371500759504,0.6100308947696089,-30.630939999999995
91.89282,10.816666666666666,-3.603639999999998,8.599676238943754,19.948672303256547,3.9551120874157224,1.7882912311298929,0.3943626673501634,0.8530277434590485,-27.027299999999997
90.091,10.9,-1.801819999999992,8.161828165482952,19.948672303256547,3.9551120874157224,1.7882912311298929,0.3257586118627612,1.0575803145946368,-25.225480000000005
86.48736,10.983333333333333,-3.603640000000013,7.651713905140268,19.948672303256547,4.273230346547599,1.7882912311298929,0.2602528040425322,1.225864699358667,-23.42366
82.88372,11.066666666666666,-3.603639999999998,7.651713905140268,19.948672303256547,4.273230346547599,1.7882912311298929,0.1991730643182644,1.225864699358667,-18.018199999999993
79.28008000000001,11.15,-3.603639999999984,7.08208631442427,19.01811932338782,4.273230346547599,1.4992127241643485,0.1991730643182644,1.225864699358667,-18.018200000000014
75.67644,11.233333333333333,-3.603640000000013,7.08208631442427,19.01811932338782,4.558112369650773,1.4992127241643485,0.1438472131187466,1.3600569889334315,-12.612740000000002
73.87462,11.316666666666666,-1.8018200000000064,6.465698249843527,19.01811932338782,4.558112369650773,1.4992127241643485,0.0956030708727669,1.4623332745012263,-10.810919999999996
70.27098,11.4,-3.603639999999998,5.968336846009409,21.580218637055868,4.629332875426566,2.9947464387217093,0.2947761351910313,1.534869647244343,-5.405459999999991
68.46916,11.483333333333333,-1.801819999999992,5.968336846009409,21.580218637055868,4.873856611923456,3.690461505417566,0.4723499872010041,1.534869647244343,0.0
68.46916,11.566666666666666,0.0,5.429656187087534,21.580218637055868,4.873856611923456,4.0264502314562325,0.6312458318460192,1.579842198345075,3.603639999999998
66.66734000000001,11.65,-1.801819999999992,5.6286007486211815,27.19347769059816,5.0827700955324495,5.155812490815448,0.9337233255240236,1.599427018985717,9.00909999999999
64.86552,11.733333333333333,-1.8018200000000064,4.952699353667122,25.961164276486983,5.0827700955324495,6.222118090477193,1.05694506131559,1.5958002003485603,18.018199999999993
64.86552,11.816666666666666,0.0,5.713449753924847,25.961164276486983,5.225211107084037,7.661424070871442,1.293651183087607,1.5958002003485603,23.42366
64.86552,11.9,0.0,5.054552167648879,31.073650225307617,5.429376556974645,8.566633803804475,1.4871588802430409,1.5711378336159008,32.43276
63.0637,11.983333333333333,-1.8018200000000064,5.073936509541901,29.699890212672837,5.510093130187211,8.595701824842552,1.640123793639468,1.5276160099700309,45.0455
64.86552,12.0,1.8018200000000064,4.4873051101478145,29.699890212672837,5.510093130187211,9.041639855233012,1.7552015641344654,1.4674108205932443,52.25278
61.26188,12.066666666666666,-3.6036400000000057,5.029726606978869,34.323282775035544,5.521963214483177,9.797240253046615,1.8350478325856097,1.3926983566678346,66.66734
63.0637,12.15,1.801819999999999,4.546308326260786,32.81436524294223,5.555990789464945,10.125297587049126,1.8823182398504776,1.305654709376095,75.67644
63.0637,12.233333333333333,0.0,4.4774429011145225,32.81436524294223,5.491892334266731,10.770809538998408,1.8996684267866464,1.208455969900319,81.0819
64.86552,12.316666666666666,1.8018200000000064,4.443435283758342,33.616016822165754,5.491892334266731,10.770809538998408,1.8897540342516927,1.208455969900319,86.48736
68.46916,12.4,3.603639999999998,4.1754552589916525,35.322558164623935,5.66756958184702,10.940833009377798,1.8552307031031936,1.1032782294228003,86.48735999999998
72.0728,12.483333333333333,3.603639999999998,4.415208961352715,35.322558164623935,5.430167895927709,10.940833009377798,1.7987540741987256,0.9922975791258324,84.68553999999997
75.67644,12.566666666666666,3.603639999999998,4.411638161530316,33.56219283080877,5.0954315187814805,11.416251920191426,1.722979788395866,0.8776901101917086,79.28007999999998
82.88372,12.65,7.207279999999997,4.347873878987481,37.24243777504672,5.149242567589857,11.416251920191426,1.6305634865521914,0.7616319138027221,70.27098
88.28918,12.733333333333333,5.405460000000005,4.451597111923826,37.24243777504672,4.710049448639133,11.614018455925285,1.5241608095252783,0.6462990811411669,63.0637
97.29828,12.816666666666666,9.009100000000004,4.440034522022726,35.36578215896823,4.58660057196109,11.80210584587482,1.4064273981727045,0.5338677033893364,50.45095999999998
108.1092,12.9,10.810919999999996,4.485944805453568,38.59197287153938,3.9171278176686335,11.536543231992704,1.2800188933520462,0.4265138717295244,34.23458000000001
117.1183,12.983333333333333,9.009100000000004,4.457038330700815,36.60531605226265,3.1218321698389424,11.667638336379174,1.14759093592088,0.2357432114151284,21.62183999999999
127.92922,13.066666666666666,10.810919999999996,4.4288120082951865,36.60531605226265,2.1935915778944333,11.793029929678866,1.0117991667367832,0.1566785651251314,5.405460000000019
138.74014,13.15,10.810919999999996,4.370999058789682,34.51494710885276,1.196504497033328,11.793029929678866,0.8752992266573326,0.0913958296563266,-9.00909999999999
144.1456,13.233333333333333,5.405460000000005,4.2339483608442805,37.29876330802082,1.196504497033328,11.865325362677307,0.7407467565401052,0.0108804559114674,-14.414559999999994
151.35288,13.316666666666666,7.207279999999997,4.193139220016866,35.11097131954282,1.714040172337426,11.952722098934952,0.6107973972426777,0.0,-21.62183999999999
154.95651999999998,13.4,3.603639999999984,4.006437400731444,35.11097131954282,1.714040172337426,11.952722098934952,0.5544978110620482,0.0,-23.423659999999984
156.75833999999998,13.483333333333333,1.801819999999992,3.831298171347122,35.18516676909047,1.714040172337426,11.964410474720404,0.4332235452327049,0.0,-19.82001999999997
154.95651999999998,13.566666666666666,-1.801819999999992,3.781987126180663,35.18516676909047,1.8002961182214423,12.012607430052698,0.322925928281346,0.0,-14.414559999999994
153.1547,13.65,-1.801819999999992,3.5259097674886353,35.18516676909047,1.8002961182214423,12.012607430052698,0.2262606010655484,0.0,-7.207279999999997
151.35288,13.733333333333333,-1.801819999999992,3.298058731202236,35.18516676909047,2.39380033301972,11.961881362800195,0.1458832044428889,0.0,-1.801819999999992
147.74924,13.816666666666666,-3.603640000000013,2.9977714699471765,37.11927309624345,2.39380033301972,11.969673613323833,0.084449379270944,0.0,5.405460000000005
142.34378,13.9,-5.405459999999977,2.94335928217729,37.11927309624345,2.39380033301972,11.969673613323833,0.0446147664072912,0.0,14.414559999999966
138.74014,13.983333333333333,-3.603640000000013,2.629128897806196,37.11927309624345,2.39380033301972,11.85472571720842,0.020536955965261,0.0,18.01819999999998
133.33468000000002,14.066666666666666,-5.405459999999977,2.3604687206923822,38.64604406478445,2.4927177021527664,11.820908339040084,0.0053112817151537,0.0,21.621839999999963
129.73104,14.15,-3.603640000000013,2.035695974940873,38.64604406478445,3.147946355290065,11.820908339040084,0.0,0.0,21.62183999999999
129.73104,14.233333333333333,0.0,1.985364701253728,38.64604406478445,3.147946355290065,11.820908339040084,0.0,0.0,18.01819999999998
129.73104,14.316666666666666,0.0,1.668073631320578,38.64604406478445,3.147946355290065,11.563299297493192,0.0,0.0,12.612740000000002
131.53286,14.4,1.801819999999992,1.4045145968101909,39.77715939297718,3.147946355290065,11.563299297493192,0.0,0.0,7.207279999999997
136.93832,14.483333333333333,5.405460000000005,1.1103487066792432,39.77715939297718,3.257151130812948,11.563299297493192,0.0,0.0,1.801819999999992
140.54196,14.566666666666666,3.603639999999984,1.0732804037610082,39.77715939297718,3.959860121134109,11.193834178974882,0.0,0.0,-1.801819999999992
145.94742,14.65,5.405460000000005,0.8080209883828124,39.77715939297718,3.959860121134109,11.193834178974882,0.0,0.0,-5.405460000000005
149.55106,14.733333333333333,3.603640000000013,0.5723482001044925,40.524298799085344,3.959860121134109,11.193834178974882,0.0,0.0,-7.207279999999997
153.1547,14.816666666666666,3.603639999999984,0.3870066855133166,40.524298799085344,4.076978286187635,11.193834178974882,0.0,0.0,-7.207279999999997
156.75833999999998,14.9,3.603639999999984,0.3723834100501595,40.524298799085344,4.812923512537499,10.709500673776889,0.0,0.0,-9.00909999999999
156.75833999999998,14.983333333333333,0.0,0.2142479893439275,40.899142001372674,4.812923512537499,10.709500673776889,0.0,0.0,-7.207279999999969
154.95651999999998,15.066666666666666,-1.801819999999992,0.0986220903329191,40.899142001372674,4.812923512537499,10.709500673776889,0.0,0.0,-5.405459999999977
151.35288,15.15,-3.603639999999984,0.0255057130171341,40.899142001372674,4.812923512537499,10.709500673776889,0.0,0.0,-3.603640000000013
147.74924,15.233333333333333,-3.603640000000013,0.0255057130171341,40.899142001372674,5.690518411485886,10.107286472190944,0.0,0.0,-3.603639999999984
142.34378,15.316666666666666,-5.405459999999977,0.0,40.91336871810286,5.690518411485886,10.107286472190944,0.0,0.0,0.0
138.74014,15.4,-3.603640000000013,0.0,40.91336871810286,5.690518411485886,10.107286472190944,0.0,0.0,0.0
138.74014,15.483333333333333,0.0,0.0,40.91336871810286,5.690518411485886,10.107286472190944,0.0,0.0,-5.405459999999977
138.74014,15.566666666666666,0.0,0.0,40.91336871810286,6.576026699964919,9.384179264508775,0.0,0.0,-7.207279999999997
140.54196,15.65,1.801819999999992,0.0,40.57865866753962,6.576026699964919,9.384179264508775,0.0,0.0,-10.810919999999982
142.34378,15.733333333333333,1.8018200000000208,0.0,40.57865866753962,6.576026699964919,9.384179264508775,0.0,0.0,-14.414560000000009
145.94742,15.816666666666666,3.603639999999984,0.0,40.57865866753962,6.576026699964919,9.384179264508775,0.0,0.0,-19.82002
147.74924,15.9,1.801819999999992,0.0,39.906691567946645,7.452830259960238,9.075400712639183,0.0,0.0,-21.62183999999999
149.55106,15.983333333333333,1.8018200000000208,0.0,39.906691567946645,7.452830259960238,8.53716674102212,0.0,0.0,-23.423660000000012
149.55106,16.066666666666666,0.0,0.0,39.906691567946645,7.452830259960238,8.53716674102212,0.0,0.0,-23.423660000000012
147.74924,16.15,-1.8018200000000208,0.0,39.906691567946645,8.3043109734575,8.53716674102212,0.0,0.0,-21.62183999999999
144.1456,16.233333333333334,-3.603639999999984,0.0,38.90914713758766,8.3043109734575,8.178344093277408,0.0,0.0,-16.21638
142.34378,16.316666666666666,-1.801819999999992,0.0,38.90914713758766,8.3043109734575,8.178344093277408,0.0,0.0,-12.612740000000002
138.74014,16.4,-3.603640000000013,0.0,38.90914713758766,8.992775862623503,7.563236592022706,0.0,0.0,-5.405459999999977
133.33468000000002,16.483333333333334,-5.405459999999977,0.0,37.597705094726365,9.113850722442352,7.563236592022706,0.0,0.0,1.801819999999992
131.53286,16.566666666666666,-1.8018200000000208,0.0,37.597705094726365,9.113850722442352,7.563236592022706,0.0,0.0,3.603640000000013
129.73104,16.65,-1.801819999999992,0.0,37.597705094726365,9.750087240706106,7.153164924519572,0.0,0.0,5.405460000000005
127.92922,16.733333333333334,-1.8018200000000064,0.0,37.597705094726365,9.86483138890044,6.459376507802265,0.0,0.0,7.2072800000000115
126.1274,16.816666666666666,-1.8018200000000064,0.0,35.98404515762647,9.86483138890044,6.459376507802265,0.0,0.0,7.207280000000026
126.1274,16.9,0.0,0.0,35.98404515762647,10.434595435106786,6.459376507802265,0.0,0.0,5.405460000000005
126.1274,16.983333333333334,0.0,0.0,35.98404515762647,10.540634854817412,6.459376507802265,0.0,0.0,3.603640000000013
126.1274,17.066666666666666,0.0,0.0,34.079847044551684,11.029682327811193,5.996850896657394,0.0,0.0,1.8018200000000064
126.1274,17.15,0.0,0.0,34.079847044551684,11.124643002178916,5.22257417865253,0.0,0.0,1.8018200000000064
127.92922,17.233333333333334,1.8018200000000064,0.0,34.079847044551684,11.124643002178916,5.22257417865253,0.0,0.0,1.8018200000000064
129.73104,17.316666666666666,1.8018200000000064,0.0,31.896790473765712,11.518729800804971,5.22257417865253,0.0,0.0,3.603640000000013
133.33468000000002,17.4,3.603640000000013,3.4432712573131203,31.896790473765712,11.602611729829794,5.22257417865253,0.0398346128636528,0.0,7.207279999999969
135.1365,17.483333333333334,1.801819999999992,3.4432712573131203,31.896790473765712,11.887493752932969,4.706389699982621,0.0744464653740712,0.0,18.01819999999998
135.1365,17.566666666666666,0.0,6.435091394222965,30.326779030754537,11.953174886037312,4.706389699982621,0.1041011216170128,0.0,32.43276
135.1365,17.65,0.0,6.435091394222965,29.44655516353227,11.953174886037312,4.706389699982621,0.1041011216170128,0.0,102.70373999999998
135.1365,17.733333333333334,0.0,6.435091394222965,29.44655516353227,12.114608032462444,3.8498172948652343,0.1290641456782353,0.0,52.25278
133.33468000000002,17.816666666666666,-1.801819999999992,8.998415552444952,29.44655516353227,12.162088369646304,3.8498172948652343,0.1496011016434964,0.0,72.0728
131.53286,17.9,-1.8018200000000208,11.156198873694509,27.72207798399705,12.18582853823824,3.8498172948652343,0.1659775535985536,0.0,91.89282
129.73104,17.983333333333334,-1.801819999999992,11.156198873694509,26.740820832115062,12.084537152246,3.2787690247869765,0.1784590656291649,0.0,108.1092
127.92922,18.066666666666663,-1.8018200000000064,12.931396499687052,26.740820832115062,12.091342667242351,3.2787690247869765,0.1784590656291649,0.0,120.72194
127.92922,18.15,0.0,12.931396499687052,24.86906543498732,11.800921271467727,2.338093546732104,0.1873112018210878,0.0,127.92922
129.73104,18.233333333333334,1.8018200000000064,14.346963572137996,23.79126719777781,11.800921271467727,2.338093546732104,0.1927995262600799,0.0,127.92922
133.33468000000002,18.316666666666663,3.603640000000013,15.425855232762776,23.79126719777781,11.304751747896368,2.338093546732104,0.1951896030318991,0.0,124.32557999999996
140.54196,18.4,7.207279999999969,15.425855232762776,21.779421101989044,10.63527899360391,2.338093546732104,0.194746996222303,0.0,115.31648
153.1547,18.483333333333334,12.612740000000002,16.191026623276805,20.609573978784205,9.707829740612471,1.7109765613621888,0.1917372699170491,0.0,97.29828
167.56926,18.566666666666663,14.414560000000025,16.191026623276805,18.46482470326593,8.537914232402102,1.7109765613621888,0.1864259882018955,0.0,79.28007999999997
237.84024,18.583333333333332,70.27097999999998,16.665432885395504,17.20742089339795,7.087389931435114,0.6843906245448755,0.1790787151625995,0.0,1.8018200000000208
187.38928,18.65,-50.45095999999998,16.87202916083429,14.93695595708169,5.496798635775732,0.6843906245448755,0.1699610148849189,0.0,46.84732
205.40748,18.733333333333334,18.018200000000007,16.87202916083429,14.93695595708169,3.4939197455698063,0.6843906245448755,0.1593384514546115,0.0,25.225480000000005
223.42568,18.816666666666663,18.01819999999998,16.83377059130859,13.596487659882763,1.1737139351850738,0.6843906245448755,0.1474765889574349,0.0,0.0
237.84024,18.9,14.414559999999994,16.57361231853382,11.207494581700027,0.9648004515760804,0.0,0.1346409914791467,0.0,-18.018200000000007
248.65116,18.983333333333334,10.81092000000001,16.57361231853382,9.788453996502366,0.6997019022995167,0.0,0.1210972231055047,0.0,-36.036399999999986
255.85844,19.066666666666663,7.207279999999997,16.1145094842254,7.288120295384656,0.3902883716513471,0.0,0.1071108479222666,0.0,-50.45095999999998
257.66026,19.15,1.801819999999992,16.1145094842254,7.288120295384656,0.0341858427723808,0.0,0.09294743001519,0.0,-84.68554
257.66026,19.233333333333334,0.0,15.479417230098758,3.190512816399291,0.0341858427723808,0.0,0.09294743001519,0.0,-59.46006
255.85844,19.316666666666663,-1.801819999999992,15.479417230098758,3.190512816399291,0.0341858427723808,0.0,0.0788725334700326,0.0,-63.06370000000001
250.45298,19.4,-5.405460000000005,14.691290697869311,1.6278042532007215,0.0341858427723808,0.0,0.0651517223725522,0.0,-64.86551999999998
246.84934,19.483333333333334,-3.603640000000013,13.77308502925248,1.6278042532007215,0.051437031949184,0.0,0.0520505608085064,0.0,-63.06369999999998
239.64206,19.566666666666663,-7.207279999999969,13.77308502925248,0.0,0.051437031949184,0.0,0.0398346128636529,0.0,-55.856420000000014
234.2366,19.65,-5.405460000000005,13.512926756477713,3.190842418916714,0.1345276220209429,1.5927395670790994,0.4271155712602781,0.0,-48.64913999999999
230.63296000000005,19.733333333333334,-3.603639999999984,12.403428240232374,3.190842418916714,0.1345276220209429,4.565101627610869,0.7635852679152663,0.0,-41.44186000000002
223.42568,19.816666666666663,-7.207280000000026,11.897564932059211,3.190842418916714,0.1345276220209429,5.937193346792871,1.0521649077719517,0.0,-30.63094000000001
219.82204,19.9,-3.603640000000013,11.897564932059211,6.1081675789432675,0.1543110958475522,7.228205009071837,1.2957756957736686,0.0,-25.225479999999976
212.61476,19.983333333333334,-7.207279999999969,11.258221725763049,6.1081675789432675,0.1543110958475522,8.434371227312424,1.2919692772111415,0.0,-16.216380000000015
205.40748,20.066666666666663,-7.207279999999997,10.033947500940604,6.1081675789432675,0.1543110958475522,9.55192661437931,1.496011016434964,0.0,-9.009100000000018
172.97472,20.1,-32.43276000000003,9.296832394745422,8.75826455914473,0.1543110958475522,9.55192661437931,1.6597755359855362,0.0,23.423660000000012
198.2002,20.15,25.225480000000005,9.6913207560771,8.75826455914473,0.3925041207199276,10.57710578313715,1.7845906562916491,0.0,0.0
192.79474,20.233333333333334,-5.405460000000005,8.505305100780358,8.75826455914473,0.4143450758245042,11.506143346450612,1.873112018210878,0.0,9.00909999999999
185.58746,20.316666666666663,-7.207279999999969,7.687421903364255,11.147422438586185,0.4143450758245042,11.506143346450612,1.9279952626007997,0.0,19.82002
183.78564,20.4,-1.8018200000000208,6.631485384454899,11.147422438586185,0.4143450758245042,12.33527391718436,1.9518960303189916,0.0,30.63094000000001
183.78564,20.483333333333334,0.0,6.871239086815962,11.147422438586185,0.4143450758245042,12.33527391718436,1.9474699622230296,0.0,39.64004
185.58746,20.566666666666663,1.8018200000000208,6.084812935454323,11.147422438586185,0.4143450758245042,13.060732108203055,1.917372699170492,0.0,46.84732
189.1911,20.65,3.603639999999984,5.250776119794033,13.281930296332698,0.8144460504938499,13.060732108203055,1.8642598820189549,0.0,52.25278
192.79474,20.733333333333334,3.603639999999984,4.667545482135563,13.281930296332698,0.8144460504938499,13.678752532371366,1.7907871516259948,0.0,57.658240000000006
194.59656,20.816666666666663,1.8018200000000208,4.7134557655664056,13.281930296332698,0.8144460504938499,13.678752532371366,1.6996101488491897,0.0,59.46006
196.39838,20.9,1.801819999999992,4.193139220016867,15.168077211449338,0.8144460504938499,14.18556980255396,1.5933845145461154,0.0,59.46006
196.39838,20.983333333333334,0.0,3.85561361775679,15.168077211449338,0.8389775580388453,14.18556980255396,1.474765889574349,0.0,57.658240000000006
196.39838,21.066666666666663,0.0,3.6830249596741815,15.168077211449338,0.8389775580388453,14.577418531615493,1.3464099147914677,0.0,54.05459999999999
198.2002,21.15,1.801819999999992,3.6830249596741815,16.8121522630012,1.3375210984693988,14.577418531615493,1.2109722310550477,0.0,50.45096000000001
201.80384,21.233333333333334,3.603639999999984,3.5810021076056446,16.8121522630012,1.3375210984693988,14.577418531615493,1.0711084792226666,0.0,45.0455
205.40748,21.316666666666663,3.6036400000000417,3.4398704955775017,16.8121522630012,1.362685677176846,14.85053333242064,0.9294743001519008,0.0,43.24367999999998
214.41658,21.4,9.00909999999999,3.4398704955775017,16.8121522630012,1.362685677176846,14.85053333242064,0.7887253347003269,0.0,36.036399999999986
223.42568,21.483333333333334,9.00909999999999,3.2647312661931807,18.220444530053335,1.362685677176846,15.00114881783406,0.6515172237255225,0.0,28.82911999999999
232.43478,21.566666666666663,9.009100000000018,3.060685562056107,18.220444530053335,1.96647729836496,15.00114881783406,0.5205056080850644,0.0,21.62183999999999
241.44388,21.65,9.00909999999999,3.060685562056107,18.220444530053335,1.96647729836496,15.00114881783406,0.5205056080850644,0.0,7.207279999999997
250.45298,21.733333333333334,9.00909999999999,3.060685562056107,18.220444530053335,1.99180014486302,15.00114881783406,0.3983461286365289,0.0,1.801819999999992
254.05662,21.816666666666663,3.603640000000013,2.832834525769708,19.399243091670822,1.99180014486302,15.025499600720416,0.2876944262374933,0.0,-5.405460000000005
255.85844,21.9,1.801819999999992,2.5862792999374107,19.399243091670822,1.99180014486302,15.025499600720416,0.1912061417455338,0.0,-12.612740000000002
254.05662,21.983333333333334,-1.801819999999992,2.3261210271626416,19.399243091670822,1.99180014486302,15.025499600720416,0.1115369160182281,0.0,-14.414559999999994
250.45298,22.066666666666663,-3.603640000000013,2.3261210271626416,19.399243091670822,2.7092280397111783,14.919820293944372,0.0513423899131526,0.0,-12.612740000000002
248.65116,22.15,-1.801819999999992,2.0574608500488276,20.35483702691875,2.7092280397111783,14.919820293944372,0.0132782042878842,0.0,-12.612740000000002
246.84934,22.233333333333334,-1.8018200000000208,1.785399911199396,20.35483702691875,2.7092280397111783,14.919820293944372,0.0,0.0,-12.612739999999974
248.65116,22.316666666666663,1.8018200000000208,1.785399911199396,20.35483702691875,2.733443011674948,14.919820293944372,0.0,0.0,-14.414559999999994
250.45298,22.4,1.801819999999992,1.5150393532177726,20.35483702691875,2.733443011674948,14.680345510370596,0.0,0.0,-16.216379999999987
252.2548,22.483333333333334,1.801819999999992,1.2514803187073855,21.093515414862175,3.4978764403351295,14.680345510370596,0.0,0.0,-19.82001999999997
254.05662,22.566666666666663,1.8018200000000208,0.9998239502716616,21.093515414862175,3.520825269973996,14.680345510370596,0.0,0.0,-23.423659999999984
248.65116,22.583333333333332,-5.405460000000005,0.9998239502716616,21.093515414862175,3.520825269973996,14.30330986286375,0.0,0.0,-19.820020000000028
252.2548,22.65,3.603639999999984,0.7651713905140269,21.621567334566173,3.520825269973996,14.30330986286375,0.0,0.0,-28.82911999999999
248.65116,22.733333333333334,-3.603639999999984,0.5526237820379086,21.621567334566173,3.542033153916121,14.30330986286375,0.0,0.0,-28.829120000000017
243.2457,22.816666666666663,-5.405460000000005,0.3672822674467327,21.621567334566173,4.361860309290808,14.30330986286375,0.0,0.0,-27.027299999999997
239.64206,22.9,-3.603639999999984,0.2142479893439275,21.621567334566173,4.361860309290808,13.784947964288504,0.0,0.0,-27.027299999999997
237.84024,22.983333333333334,-1.8018200000000208,0.2142479893439275,21.945281865095826,4.380852444164353,13.784947964288504,0.0,0.0,-27.027299999999997
236.03842,23.066666666666663,-1.801819999999992,0.0986220903329191,21.945281865095826,4.380852444164353,13.784947964288504,0.0,0.0,-28.82911999999999
234.2366,23.15,-1.801819999999992,0.0255057130171341,21.945281865095826,5.25575679067232,13.121494427509514,0.0,0.0,-28.82911999999999
234.2366,23.233333333333334,0.0,0.0,21.945281865095826,5.25575679067232,13.121494427509514,0.0,0.0,-28.82911999999999
234.2366,23.316666666666663,0.0,0.0,22.0709480855162,5.25575679067232,13.121494427509514,0.0,0.0,-30.63093999999998
232.43478,23.4,-1.801819999999992,0.0,22.0709480855162,5.2688930172931885,13.121494427509514,0.0,0.0,-27.027299999999997
230.63296000000005,23.483333333333334,-1.801819999999992,0.0,22.0709480855162,6.149653272053834,13.121494427509514,0.0,0.0,-25.225480000000005
228.83114,23.566666666666663,-1.801820000000049,0.0,22.00485507489238,6.159149339490607,12.309183865391454,0.0,0.0,-21.621839999999963
223.42568,23.65,-5.405459999999977,0.0,22.00485507489238,6.159149339490607,12.309183865391454,0.0,0.0,-14.414559999999994
219.82204,23.733333333333334,-3.603640000000013,0.0,22.00485507489238,6.164530444371445,12.309183865391454,0.0,0.0,-10.810919999999982
216.2184,23.816666666666663,-3.603639999999984,0.0,22.00485507489238,7.05083007180354,12.309183865391454,0.0,0.0,-10.810919999999982
212.61476,23.9,-3.603639999999984,0.0,21.75329191228943,7.051621410756605,11.344250890798978,0.0,0.0,-9.00909999999999
210.81294,23.983333333333334,-1.8018200000000208,0.0,21.75329191228943,7.051621410756605,11.344250890798978,0.0,0.0,-10.81092000000001
207.2093,0.0666666666666666,-3.603639999999984,0.0,21.75329191228943,7.047348180410057,11.344250890798978,0.0,0.0,-10.81092000000001
205.40748,0.15,-1.801819999999992,0.0,21.322547676772423,7.912756459481249,11.344250890798978,0.0,0.0,-12.61274000000003
205.40748,0.2333333333333333,0.0,0.0,21.322547676772423,7.912756459481249,10.22293011659676,0.0,0.0,-16.216380000000015
203.60566000000003,0.3166666666666666,-1.801819999999992,0.0,21.322547676772423,7.896929680419962,10.22293011659676,0.0,0.0,-16.216380000000015
205.40748,0.4,1.801819999999992,0.0,21.322547676772423,8.722137940675488,10.22293011659676,0.0,0.0,-19.82002
205.40748,0.4833333333333333,0.0,0.0,20.71891144740644,8.692858399412106,10.22293011659676,0.0,0.0,-21.62184000000002
207.2093,0.5666666666666667,1.801819999999992,0.0,20.71891144740644,8.65614027198992,10.22293011659676,0.0,0.0,-27.027299999999997
209.01112,0.65,1.801819999999992,0.0,20.71891144740644,9.459349309350255,8.941456155649465,0.0,0.0,-30.63094000000001
209.01112,0.7333333333333333,0.0,0.0,19.948672303256547,9.361698082542112,8.941456155649465,0.0,0.0,-34.23458000000002
205.40748,0.8166666666666667,-3.603639999999984,0.0,19.948672303256547,9.29981537641248,8.941456155649465,0.0,0.0,-34.23458000000002
203.60566000000003,0.9,-1.801819999999992,0.0,19.948672303256547,9.970870808611066,8.941456155649465,0.0,0.0,-34.23458000000002
200.00202,0.9833333333333332,-3.6036400000000417,0.0,19.948672303256547,9.970870808611066,8.941456155649465,0.0,0.0,-32.43275999999997
196.39838,1.0666666666666669,-3.603639999999984,0.0,19.01811932338782,9.970870808611066,7.496063620821743,0.0,0.0,-30.63094000000001
192.79474,1.15,-3.603640000000013,0.0,19.01811932338782,10.635595529185135,7.496063620821743,0.0,0.0,-27.027299999999997
189.1911,1.2333333333333334,-3.603639999999984,0.0,19.01811932338782,10.635595529185135,7.496063620821743,0.0,0.0,-23.423660000000012
187.38928,1.3166666666666669,-1.801819999999992,0.0,17.93354158686534,10.635595529185135,7.496063620821743,0.0,0.0,-21.62184000000002
185.58746,1.4,-1.801819999999992,0.0,17.93354158686534,11.206150914344548,7.496063620821743,0.0,0.0,-19.820020000000028
183.78564,1.4833333333333334,-1.8018200000000208,0.0,17.93354158686534,11.206150914344548,5.882987124978276,0.0,0.0,-19.82002
180.182,1.5666666666666669,-3.603639999999984,0.0,16.701228172754163,11.665918846074945,5.882987124978276,0.0,0.0,-18.018200000000007
178.38018,1.65,-1.8018200000000208,0.0,16.701228172754163,11.665918846074945,5.882987124978276,0.0,0.0,-16.216379999999987
174.77653999999998,1.7333333333333334,-3.603640000000013,0.0,16.701228172754163,11.998281206361982,5.882987124978276,0.0,0.0,-14.414559999999966
171.1729,1.8166666666666669,-3.603639999999984,0.0,15.327468160119384,11.998281206361982,5.882987124978276,0.0,0.0,-12.612739999999974
169.37108,1.9,-1.801819999999992,0.0,15.327468160119384,12.1866198771913,4.098461280983721,0.0,0.0,-12.61274000000003
167.56926,1.9833333333333336,-1.801819999999992,0.0,15.327468160119384,12.1866198771913,4.098461280983721,0.0,0.0,-10.810920000000038
165.76744,2.066666666666667,-1.8018200000000208,0.0,13.818550628026069,12.214316740548558,4.098461280983721,0.0,0.0,-12.612740000000002
165.76744,2.15,0.0,0.0,13.818550628026069,12.214316740548558,4.098461280983721,0.0,0.0,-14.414559999999994
165.76744,2.2333333333333334,0.0,0.0,13.818550628026069,12.06475367841939,4.098461280983721,0.0,0.0,-16.216379999999987
165.76744,2.3166666666666664,0.0,0.0,12.18076465553929,11.721312572789452,4.098461280983721,0.0,0.0,-18.018200000000007
165.76744,2.4,0.0,0.0,12.18076465553929,11.721312572789452,2.138720701702736,0.0,0.0,-21.62183999999999
163.96562,2.4833333333333334,-1.801819999999992,0.0,12.18076465553929,11.167375305644391,2.138720701702736,0.0,0.0,-23.423660000000012
162.1638,2.5666666666666664,-1.801819999999992,0.0,10.420399321724124,10.38632375896986,2.138720701702736,0.0,0.0,-25.225480000000005
162.1638,2.65,0.0,0.0,10.420399321724124,9.361539814751504,2.138720701702736,0.0,0.0,-27.027299999999997
160.36198000000002,2.7333333333333334,-1.801819999999992,0.0,8.543743705645628,9.361539814751504,2.138720701702736,0.0,0.0,-28.829120000000017
158.56016000000002,2.8166666666666664,-1.801819999999992,0.0,8.543743705645628,8.076405354974963,0.0,0.0,0.0,-28.829120000000017
156.75833999999998,2.9,-1.801820000000049,0.0,8.543743705645628,6.514302261625897,0.0,0.0,0.0,-27.02729999999997
156.75833999999998,2.9833333333333334,0.0,0.0,6.557086886368901,4.658612416689952,0.0,0.0,0.0,-28.829119999999975
153.1547,3.066666666666667,-3.603639999999984,0.0,6.557086886368901,0.0,0.0,0.0,0.0,-27.027299999999997
151.35288,3.15,-1.801819999999992,0.0,4.466717942959007,0.0,0.0,0.0,0.0,-25.225480000000005
149.55106,3.2333333333333334,-1.801819999999992,0.0,4.466717942959007,0.0,0.0,0.0,0.0,-25.225480000000005
147.74924,3.3166666666666664,-1.8018200000000208,0.0,2.2789259544810103,0.0,0.0,0.0,0.0,-25.22547999999999
144.1456,3.4,-3.603639999999984,0.0,2.2789259544810103,0.0,0.0,0.0,0.0,-21.62184000000001
140.54196,3.4833333333333334,-3.603640000000013,0.0,0.0,0.0,0.0,0.0,0.0,-19.820019999999985
136.93832,3.5666666666666664,-3.603639999999984,0.0,0.0,0.0,0.0,0.0,0.0,-18.018200000000007
135.1365,3.65,-1.801819999999992,0.0,0.0,0.0,0.0,0.0,0.0,-18.018200000000007
131.53286,3.7333333333333334,-3.603640000000013,0.0,0.0,0.0,0.0,0.0,0.0,-16.216379999999987
129.73104,3.8166666666666664,-1.801819999999992,0.0,0.0,0.0,0.0,0.0,0.0,-18.018200000000007
129.73104,3.9,0.0,0.0,0.0,0.0,0.0,0.0,0.0,-19.820020000000017
127.92922,3.9833333333333334,-1.8018200000000064,0.0,0.0,0.0,0.0,0.0,0.0,-23.42366
126.1274,4.066666666666666,-1.8018200000000064,0.0,0.0,0.0,0.0,0.0,0.0,-23.423659999999984
126.1274,4.15,0.0,0.0,0.0,0.0,0.0,0.0,0.0,-27.027299999999997
124.32558,4.233333333333333,-1.801819999999992,0.0,0.0,0.0,0.0,0.0,0.0,-27.027299999999997
122.52376,4.316666666666666,-1.8018200000000064,0.0,0.0,0.0,0.0,0.0,0.0,-27.027299999999997
122.52376,4.4,0.0,0.0,0.0,0.0,0.0,0.0,0.0,-28.82911999999999
120.72194,4.483333333333333,-1.801819999999992,0.0,0.0,0.0,0.0,0.0,0.0,-25.225480000000005
118.92012,4.566666666666666,-1.8018200000000064,0.0,0.0,0.0,0.0,0.0,0.0,-23.42366
117.1183,4.65,-1.801819999999992,0.0,0.0,0.0,0.0,0.0,0.0,-19.82002
115.31648,4.733333333333333,-1.801819999999992,0.0,0.0,0.0,0.0,0.0,0.0,-16.216380000000015
111.71284,4.816666666666666,-3.603640000000013,0.0,0.0,0.0,0.0,0.0,0.0,-12.612740000000002
109.91102,4.9,-1.8018200000000064,0.0,0.0,0.0,0.0,0.0,0.0,-12.612739999999988
104.50556,4.983333333333333,-5.405459999999991,0.0,0.0,0.0,0.0,0.0,0.0,-7.207279999999997
102.70374,5.066666666666666,-1.801819999999992,0.0,0.0,0.0,0.0,0.0,0.0,-7.2072800000000115
99.1001,5.15,-3.603640000000013,0.0,0.0,0.0,0.0,0.0,0.0,-5.405459999999991
97.29828,5.233333333333333,-1.801819999999992,0.0,0.0,0.0,0.0,0.0,0.0,-5.405460000000005
95.49646,5.316666666666666,-1.8018200000000064,0.0,0.0,0.0,0.0,0.0,0.0,-5.405459999999991
93.69464,5.4,-1.801819999999992,0.0,0.0,0.0,0.0,0.0,0.0,-1.8018200000000064
95.49646,5.483333333333333,1.801819999999992,0.0,0.0,0.0,0.0,0.0,0.0,-1.801819999999992
95.49646,5.566666666666666,0.0,0.1530342781028053,4.102511681464347,0.0474803371838622,3.7388342863934017,0.1991730643182644,0.0,5.405459999999991
97.29828,5.65,1.8018200000000064,0.1530342781028053,4.102511681464347,0.0474803371838622,3.7388342863934017,0.1991730643182644,0.0,-1.8018200000000064
99.1001,5.733333333333333,1.801819999999992,0.2860040619654651,4.102511681464347,0.0474803371838622,7.124632016151445,0.3722323268703564,0.0,12.612740000000002
99.1001,5.816666666666666,0.0,0.2860040619654651,7.8533583157842015,0.0474803371838622,8.673846010886203,0.5205056080850643,0.0,28.829120000000003
97.29828,5.9,-1.801819999999992,0.3999295801086645,7.8533583157842015,0.0474803371838622,10.121245472774907,0.6453207283911766,0.0,48.64913999999999
97.29828,5.983333333333333,0.0,0.3999295801086645,7.8533583157842015,0.0474803371838622,10.121245472774907,0.748005508217482,0.0,66.66734
95.49646,6.066666666666666,-1.8018200000000064,0.4958310610530893,7.8533583157842015,0.0474803371838622,11.462311937255173,0.8298877679927681,0.0,84.68554000000002
93.69464,6.15,-1.801819999999992,0.4958310610530893,11.26062586175751,0.1835906371109339,12.69252693976458,0.8922953281458246,0.0,102.70374
91.89282,6.233333333333333,-1.8018200000000064,0.5747287333194245,11.26062586175751,0.1835906371109339,12.69252693976458,0.936556009105439,0.0,115.31648
90.091,6.316666666666666,-1.801819999999992,0.6376428254283554,11.26062586175751,0.1835906371109339,13.807372015740734,0.9639976313003996,0.0,126.1274
91.89282,6.4,1.801819999999992,0.6376428254283554,14.332400278182236,0.1835906371109339,14.802328700621231,0.9759480151594958,0.0,129.73104
93.69464,6.483333333333333,1.8018200000000064,0.6855935659005679,14.332400278182236,0.1835906371109339,14.802328700621231,0.9737349811115148,0.0,131.53285999999997
100.90192,6.566666666666666,7.207279999999983,0.6855935659005679,14.332400278182236,0.1835906371109339,15.672878529843668,0.958686349585246,0.0,124.32558
95.49646,6.583333333333333,-5.405459999999991,0.7196011832567469,17.076767523856326,0.3988348323444426,15.672878529843668,0.9321299410094774,0.0,126.1274
111.71284,6.65,16.21638,0.7406859060175779,17.076767523856326,0.3988348323444426,16.414503038845638,0.8953935758129974,0.0,104.50556
127.92922,6.733333333333333,16.21638,0.7406859060175779,17.076767523856326,0.3988348323444426,16.414503038845638,0.8498050744245949,0.0,77.47826000000002
145.94742,6.816666666666666,18.018199999999993,0.7498679627037463,19.50181355757772,0.3988348323444426,17.02268376306475,0.7966922572730577,0.0,48.64914000000002
163.96562,6.9,18.018200000000007,0.7481675818359372,19.50181355757772,0.3988348323444426,17.02268376306475,0.7373829447871745,0.0,19.82002
180.182,6.983333333333333,16.216380000000015,0.7481675818359372,19.50181355757772,0.3988348323444426,17.02268376306475,0.6732049573957338,0.0,-9.009100000000018
196.39838,7.066666666666666,16.216379999999987,0.7366049919348363,19.50181355757772,0.683716855447616,17.492902237938594,0.6054861155275238,0.0,-34.234579999999994
207.2093,7.15,10.81092000000001,0.716200421521129,21.615624338144396,0.683716855447616,17.492902237938594,0.5355542396113333,0.0,-54.05460000000002
216.2184,7.233333333333333,9.00909999999999,0.716200421521129,21.615624338144396,0.683716855447616,17.820639998904767,0.4647371500759504,0.0,-72.0728
221.62386,7.316666666666666,5.405460000000005,0.6879740991155003,21.615624338144396,0.683716855447616,17.820639998904767,0.3943626673501634,0.0,-86.48736
225.2275,7.4,3.603639999999984,0.6529462532386361,23.426285824354284,0.683716855447616,17.820639998904767,0.3257586118627612,0.0,-99.1001
225.2275,7.483333333333333,0.0,0.6529462532386361,23.426285824354284,0.683716855447616,18.00137858140087,0.2602528040425322,0.0,-108.1092
221.62386,7.566666666666666,-3.603639999999984,0.6121371124112214,23.426285824354284,1.0287406389836813,18.00137858140087,0.1991730643182644,0.0,-111.71284
216.2184,7.65,-5.405460000000005,0.5665669051539416,23.426285824354284,1.0287406389836813,18.00137858140087,0.1438472131187466,0.0,-113.51466
205.40748,7.733333333333333,-10.810919999999982,0.5172558599874821,24.94188397500535,1.0287406389836813,18.0305995208645,0.0956030708727669,0.0,-109.91102000000002
194.59656,7.816666666666666,-10.81092000000001,0.5172558599874821,24.94188397500535,1.0287406389836813,18.0305995208645,0.055768458009114,0.0,-102.70374
183.78564,7.9,-10.81092000000001,0.4652242054325283,24.94188397500535,1.0287406389836813,18.0305995208645,0.0256711949565763,0.0,-97.29828
171.1729,7.983333333333333,-12.612740000000002,0.4114921700097655,26.17050474889554,1.4244101155158664,17.903784352733247,0.0066391021439421,0.0,-90.091
162.1638,8.066666666666666,-9.00909999999999,0.4114921700097655,26.17050474889554,1.4244101155158664,17.903784352733247,0.0,0.0,-86.48736000000001
153.1547,8.15,-9.009100000000018,0.3570799822398792,26.17050474889554,1.4244101155158664,17.903784352733247,0.0,0.0,-81.08189999999999
144.1456,8.233333333333333,-9.00909999999999,0.3030078706435545,26.17050474889554,1.4244101155158664,17.616414612444714,0.0,0.0,-73.87462000000001
135.1365,8.316666666666666,-9.00909999999999,0.2502960637414771,27.1202341048228,1.4244101155158664,17.616414612444714,0.0,0.0,-72.07280000000002
126.1274,8.4,-9.009100000000018,0.2502960637414771,27.1202341048228,1.4244101155158664,17.616414612444714,0.0,0.0,-55.85642
117.1183,8.483333333333333,-9.00909999999999,6.371667187853691,27.1202341048228,1.8754733187625576,17.990298041084053,0.0,0.0,-43.24368000000001
109.91102,8.566666666666666,-7.2072800000000115,6.321335914166546,27.1202341048228,1.8754733187625576,17.711784030749804,0.0,0.0,-32.43276
102.70374,8.65,-7.207279999999983,11.59319675672141,27.1202341048228,1.8754733187625576,17.876435037051642,0.0,0.0,-18.018200000000007
95.49646,8.733333333333333,-7.2072800000000115,16.107707960754162,27.799158001585077,1.8754733187625576,18.03135643652512,0.0,0.0,-1.801819999999992
91.89282,8.816666666666666,-3.603639999999998,16.107707960754162,27.799158001585077,2.3439459789766643,18.17609638271399,0.0,0.0,9.00909999999999
86.48736,8.9,-5.405460000000005,19.906698895612916,27.799158001585077,2.3439459789766643,17.68816875087172,0.0,0.0,19.820020000000017
81.0819,8.983333333333333,-5.405459999999991,19.87609203999235,28.215362397980343,2.384779068954786,17.811190251122664,0.0,0.0,32.43275999999999
75.67644,9.066666666666666,-5.405460000000005,23.008873750843566,28.215362397980343,2.384779068954786,17.811190251122664,0.0,0.0,41.441860000000005
72.0728,9.15,-3.603639999999998,25.51081415973764,28.215362397980343,2.384779068954786,17.92267475872028,0.0,0.0,48.64914
70.27098,9.233333333333333,-1.8018200000000064,25.51081415973764,28.215362397980343,2.875409219854695,17.22602618307354,0.0,0.0,50.45096000000001
63.0637,9.3,-7.207279999999997,27.423742636022716,28.376933252806545,2.875409219854695,17.22602618307354,0.0,0.0,57.658240000000006
70.27098,9.316666666666666,7.207279999999997,27.423742636022716,28.376933252806545,2.875409219854695,17.313081165995783,0.0,0.0,45.04550000000002
73.87462,9.4,3.603639999999998,28.78404733026988,28.376933252806545,2.939982478424748,17.313081165995783,0.0,0.0,37.83822000000001
77.47825999999999,9.483333333333333,3.603639999999998,29.627436240703116,28.376933252806545,3.443274052573688,16.412470942354307,0.0,0.0,30.63094000000001
84.68554,9.566666666666666,7.2072800000000115,29.627436240703116,28.291956524861632,3.443274052573688,16.412470942354307,0.0,0.0,19.82002
93.69464,9.65,9.009100000000004,29.99471850814985,28.291956524861632,3.443274052573688,16.473289014776217,0.0,0.0,10.810919999999996
100.90192,9.733333333333333,7.207279999999983,29.92670327343749,28.291956524861632,3.443274052573688,16.473289014776217,0.0,0.0,1.8018200000000208
106.30738,9.816666666666666,5.405460000000019,29.92670327343749,27.96851817294355,3.9497309825348856,15.315369445265253,0.0,0.0,-3.603639999999998
113.51466,9.9,7.207279999999983,29.464199677393452,27.96851817294355,4.035195589465838,15.362391292752632,0.0,0.0,-10.810919999999982
117.1183,9.983333333333333,3.603640000000013,28.648016860845157,27.96851817294355,4.035195589465838,15.362391292752632,0.0,0.0,-14.414559999999994
120.72194,10.066666666666666,3.603639999999998,28.648016860845157,27.96851817294355,4.535321807802519,15.395165068849252,0.0,0.0,-19.820020000000017
120.72194,10.15,0.0,27.518963964620013,27.414704155850256,4.535321807802519,15.395165068849252,0.0,0.0,-19.820020000000017
120.72194,10.233333333333333,0.0,26.117850129545445,27.414704155850256,4.535321807802519,14.04958013980659,0.0,0.0,-23.42366
115.31648,10.316666666666666,-5.405459999999991,26.117850129545445,27.414704155850256,4.535321807802519,14.0676539980562,0.0,0.0,-19.820020000000017
111.71284,10.4,-3.603640000000013,24.485484496448855,26.638600432379707,5.123128382138733,14.0676539980562,0.0,0.0,-18.018199999999993
108.1092,10.483333333333333,-3.603639999999998,22.662676206157663,26.638600432379707,5.123128382138733,14.0676539980562,0.0,0.0,-16.21638
104.50556,10.566666666666666,-3.603639999999998,22.662676206157663,26.638600432379707,5.123128382138733,12.532807338865808,0.0,0.0,-14.414559999999994
104.50556,10.65,0.0,20.690234399499285,26.638600432379707,5.582104974916067,12.532807338865808,0.0,0.0,-16.21638
102.70374,10.733333333333333,-1.801819999999992,18.608968217301133,25.648292961329844,5.582104974916067,12.532807338865808,0.0,0.0,-16.216380000000015
102.70374,10.816666666666666,0.0,16.45968680039062,25.648292961329844,5.7008058178757235,12.52012582205268,0.0,0.0,-16.216380000000015
102.70374,10.9,0.0,16.45968680039062,25.648292961329844,6.124963496718226,12.52012582205268,0.0,0.0,-16.216380000000015
102.70374,10.983333333333333,0.0,14.283199289595167,24.451867701498625,6.124963496718226,10.785654780259415,0.0,0.0,-18.018200000000007
100.90192,11.066666666666666,-1.8018200000000208,12.12031482574218,24.451867701498625,6.504806194189124,10.756917806230565,0.0,0.0,-18.018199999999993
100.90192,11.15,0.0,10.011842549659084,24.451867701498625,6.504806194189124,10.756917806230565,0.0,0.0,-21.621839999999978
97.29828,11.233333333333333,-3.603639999999984,10.011842549659084,24.451867701498625,6.635851924816583,10.756917806230565,0.0,0.0,-21.62184000000001
95.49646,11.316666666666666,-1.8018200000000064,7.998591602173293,23.05741061168401,6.961883573479104,10.756917806230565,0.0,0.0,-23.42366
93.69464,11.4,-1.801819999999992,6.1213711241122155,23.05741061168401,6.961883573479104,8.77598173351758,0.0,0.0,-27.027299999999997
91.89282,11.483333333333333,-1.8018200000000064,4.420990256303269,23.05741061168401,7.224608105896474,8.77598173351758,0.0,0.0,-28.829120000000003
90.091,11.566666666666666,-1.801819999999992,4.420990256303269,21.47300765068392,7.365149903960706,8.77598173351758,0.0,0.0,-30.63094000000001
88.28918,11.65,-1.8018200000000064,2.938258139573862,21.47300765068392,7.365149903960706,8.713778305688551,0.0,0.0,-28.829120000000003
86.48736,11.733333333333333,-1.8018200000000064,3.626912391036487,25.575519332148268,7.614421674175983,10.583195448885252,0.2390076771819173,0.0,-27.027299999999997
86.48736,11.816666666666666,0.0,4.3640274972316675,23.809256458760697,7.614421674175983,12.276094313764274,0.4466787922444277,0.0,-25.225479999999997
86.48736,11.9,0.0,4.3640274972316675,27.560103093080553,7.7220437717927375,10.909270298338186,0.6246067297020771,0.0,-19.820019999999985
84.68554,11.983333333333333,-1.801819999999992,5.20316545549538,27.560103093080553,7.885059596124,11.55335560486906,0.7743848740694119,0.0,-10.81092000000001
82.88372,12.066666666666666,-1.8018200000000064,4.9991197513583066,25.620066266103432,7.885059596124,11.55335560486906,0.8976066098609785,0.0,-1.801819999999992
79.28008000000001,12.15,-3.603639999999984,6.197888263163616,29.02733381207674,7.7995949891930465,12.223888837109191,0.9958653215913218,0.0,7.207279999999983
75.67644,12.233333333333333,-3.603640000000013,6.197888263163616,29.02733381207674,7.969732864101886,12.838996338363897,1.0707543937749897,0.0,18.018200000000007
72.0728,12.316666666666666,-3.603639999999998,7.1841091664928065,26.921608990308027,7.924468275986604,10.947252913760623,1.1238672109265266,0.0,25.225480000000005
66.66734000000001,12.4,-5.405459999999991,7.970535317854442,26.921608990308027,7.607932694760856,10.947252913760623,1.1567971575604798,0.0,32.43275999999999
63.0637,12.483333333333333,-3.603640000000013,7.970535317854442,27.730056548970396,7.607932694760856,11.444731256200871,1.171137618191395,0.0,37.83821999999999
59.46006,12.566666666666666,-3.603639999999998,8.569919573757097,27.730056548970396,7.161617525232551,11.444731256200871,1.168481977333818,0.0,43.24368000000001
59.46006,12.65,0.0,8.569919573757097,27.730056548970396,6.727963778953279,11.764214213860994,1.150423619502295,0.0,45.0455
59.46006,12.733333333333333,0.0,8.995014790709337,28.06158085968642,6.262656474551426,11.764214213860994,1.118555929211373,0.0,48.64914
61.26188,12.816666666666666,1.801819999999999,9.258573825219724,28.06158085968642,5.370026135494817,9.568561626318695,1.074472290975597,0.0,50.45096
66.66734000000001,12.9,5.405460000000012,9.258573825219724,25.50730780633063,4.459669803889566,9.568561626318695,1.0197660893095135,0.0,46.84731999999998
73.87462,12.983333333333333,7.207279999999983,9.37334953379683,27.932353840052023,3.2220156812968885,9.872651988428252,0.9560307087276692,0.0,43.24368000000001
81.0819,13.066666666666666,7.2072800000000115,9.352094772949217,25.244736627096444,1.7976055657810233,9.738093495523987,0.8848595337446095,0.0,41.44185999999999
86.48736,13.15,5.405459999999991,9.352094772949217,25.244736627096444,1.7976055657810233,9.973202732960909,0.8078459488748806,0.0,39.64004
93.69464,13.233333333333333,7.2072800000000115,9.207562399185454,22.43186121333902,2.298997926442609,9.973202732960909,0.7265833386330287,0.0,39.64004000000001
97.29828,13.316666666666666,3.603639999999998,8.952505269014113,24.545671993905696,2.298997926442609,9.973202732960909,0.6426650875336,0.0,41.44185999999999
99.1001,13.4,1.801819999999992,8.952505269014113,21.615624338144396,2.298997926442609,9.98329473813032,0.5576845800911405,0.0,46.84732
100.90192,13.483333333333333,1.801819999999992,8.599676238943754,21.615624338144396,2.436690904275809,9.98329473813032,0.4732352008201961,0.0,50.45096000000001
102.70374,13.566666666666666,1.8018200000000208,8.161828165482952,23.426285824354284,2.436690904275809,9.98329473813032,0.3909103342353135,0.0,55.856420000000014
104.50556,13.65,1.801819999999992,8.161828165482952,23.426285824354284,2.86797063369589,10.07366402937837,0.3123033648510386,0.0,61.26187999999999
108.1092,13.733333333333333,3.603639999999998,7.651713905140268,23.426285824354284,2.9952179373486416,10.07366402937837,0.2390076771819174,0.0,63.0637
111.71284,13.816666666666666,3.603639999999998,7.08208631442427,23.426285824354284,2.9952179373486416,9.900216925199045,0.1726166557424959,0.0,63.06369999999998
113.51466,13.9,1.801819999999992,6.465698249843527,24.94188397500535,2.9952179373486416,9.91482739493086,0.1147236850473202,0.0,63.06370000000001
79.28008000000001,19.366666666666667,-3.603639999999984,2.8115902930140777,5.91230858703181,0.7811544634078349,2.6808751643777375,0.2785719423619092,0.659595848435302,10.810919999999996
72.0728,19.45,-7.2072800000000115,3.1718252993065064,5.91230858703181,0.7811544634078349,3.374676618379084,0.419147598461206,0.659595848435302,23.42366
75.67644,19.5,3.603639999999998,3.1893977386378447,7.466593810127457,1.0207084988529045,3.374676618379084,0.419147598461206,0.7747734804952423,18.018200000000007
64.86552,19.533333333333335,-10.810919999999996,2.745693645521561,7.466593810127457,1.277621522373703,4.0642775448800865,0.419147598461206,0.7747734804952423,27.027299999999997
55.85642,19.616666666666667,-9.009100000000004,1.722099054471123,9.01906139608328,1.5466858375475128,4.0642775448800865,0.5803582132539774,0.871833456093836,30.630939999999995
48.64914,19.7,-7.207279999999997,0.0,9.01906139608328,1.8226937479516148,4.742861147549195,0.5803582132539774,0.871833456093836,34.234579999999994
43.24368,19.783333333333335,-5.405460000000005,0.0,10.55356091106184,1.8226937479516148,5.403610630054853,0.7583347319851973,0.871833456093836,37.83822000000001
43.24368,19.866666666666667,0.0,0.0,10.55356091106184,2.10043755716329,5.403610630054853,0.7583347319851973,0.9516612130101876,36.036400000000015
48.64914,19.95,5.405460000000005,0.0,12.05394192122568,2.374709568759818,6.039709196065508,0.9492080998998388,0.9516612130101876,32.43276
57.658240000000006,20.033333333333335,9.009100000000004,0.0,12.05394192122568,2.6403020863184823,6.039709196065508,0.9492080998998388,1.015142189023401,23.42366
70.27098,20.116666666666667,12.612739999999988,0.0,13.504053992737353,2.892007413416562,6.6443400492496085,0.9492080998998388,1.015142189023401,10.81092000000001
81.0819,20.2,10.81092000000001,0.0,14.887746691759416,2.892007413416562,7.210686393275599,1.1491092622428754,1.0631618219125794,-1.801819999999992
90.091,20.283333333333335,9.009100000000004,0.0,14.887746691759416,3.1246178536313396,7.210686393275599,1.1491092622428754,1.0631618219125794,-10.810919999999996
95.49646,20.366666666666667,5.405459999999991,0.0,16.18886958445441,3.3329257105400956,7.731931431811924,1.1491092622428754,1.096605549456827,-18.018200000000007
93.69464,20.45,-1.801819999999992,0.0,17.39127223698489,3.5117232877201108,7.731931431811924,1.354169164259281,1.096605549456827,-14.414559999999994
91.89282,20.533333333333335,-1.8018200000000064,0.0,17.39127223698489,3.655802888748667,8.201258368527034,1.354169164259281,1.1163588094352477,-10.810919999999996
86.48736,20.616666666666667,-5.405460000000005,0.0,18.478804215513417,3.655802888748667,8.611850407089374,1.5605187511940288,1.1163588094352477,-1.801819999999992
82.88372,20.7,-3.603639999999998,0.0,19.435315086202525,3.759956817203045,8.611850407089374,1.5605187511940288,1.1233070396269451,3.603639999999998
81.0819,20.783333333333335,-1.801819999999992,0.0,19.435315086202525,3.818977376660526,8.95689075116739,1.5605187511940288,1.1183356778110238,7.207279999999997
79.28008000000001,20.866666666666667,-1.801819999999992,0.0,20.244654415214782,3.827656870698392,9.229562604429528,1.7642889682920917,1.1183356778110238,10.810919999999996
81.0819,20.95,1.801819999999992,0.0,20.890671768712732,3.827656870698392,9.229562604429528,1.7642889682920917,1.1023301617665873,10.810919999999996
81.0819,21.033333333333335,0.0,0.0,20.890671768712732,3.7807876028939216,9.423049170544235,1.7642889682920917,1.1023301617665873,12.612740000000002
81.0819,21.116666666666667,0.0,0.0,21.35721671285892,3.6731618768243974,9.423049170544235,1.961610760798444,1.0761759292727393,14.414559999999994
79.28008000000001,21.2,-1.801819999999992,0.0,21.62813881381591,3.6731618768243974,9.53053365317996,1.961610760798444,1.040758418108584,18.018199999999993
79.28008000000001,21.283333333333335,0.0,0.0,21.62813881381591,3.499571996067101,9.54519925600515,1.961610760798444,0.9969630660532252,21.621839999999978
77.47825999999999,21.366666666666667,-1.8018200000000208,0.0,21.687287637746245,3.2548102641993126,9.54519925600515,2.1486150739580587,0.9969630660532252,25.22548000000002
79.28008000000001,21.45,1.8018200000000208,0.0,21.687287637746245,3.2548102641993126,9.460229182688243,2.1486150739580587,0.9456753108857664,25.22547999999999
81.0819,21.533333333333335,1.801819999999992,0.0,21.51851275081248,2.9336689847983144,9.268806636897695,2.3214328530159105,0.887780590385312,23.42366
84.68554,21.616666666666667,3.603639999999998,0.0,21.10566371917717,2.9336689847983144,9.268806636897695,2.3214328530159105,0.8241643423309657,19.82002
86.48736,21.7,1.801819999999992,0.0,21.10566371917717,2.530940461441385,8.96411482230195,2.3214328530159105,0.7557120045018313,19.820020000000017
88.28918,21.783333333333335,1.8018200000000064,0.0,20.432590109002845,2.530940461441385,8.539336942569452,2.4761950432169706,0.6833090146770124,21.62183999999999
90.091,21.866666666666667,1.8018200000000064,0.0,20.432590109002845,2.041416997705809,8.539336942569452,2.4761950432169706,0.6078408106356137,21.62183999999999
91.89282,21.95,1.801819999999992,0.0,19.48314148645208,2.041416997705809,7.987656201368648,2.4761950432169706,0.5301928301567386,23.423660000000012
93.69464,22.033333333333335,1.8018200000000064,0.0,19.48314148645208,1.459890897168866,7.302255802367988,2.6090325898062146,0.451250511019491,23.42366
95.49646,22.116666666666667,1.801819999999992,0.0,18.24116741768742,0.7811544634078342,7.302255802367988,2.6090325898062146,0.3718992910029748,25.225480000000005
97.29828,22.2,1.8018200000000064,0.0,18.24116741768742,0.7811544634078342,6.4763189492359166,2.6090325898062146,0.2155118994485517,25.22547999999999
100.90192,22.283333333333335,3.603639999999984,0.0,16.690517468871416,0.0,6.4763189492359166,2.7160764380286144,0.140246603468853,23.423660000000012
102.70374,22.366666666666667,1.8018200000000208,0.0,16.690517468871416,0.0,5.503028845640875,2.7160764380286144,0.0,23.423659999999984
104.50556,22.45,1.801819999999992,0.0,16.690517468871416,0.0,4.375568695251319,2.7160764380286144,0.0,23.42366
104.50556,22.533333333333335,0.0,0.0,14.81504120616662,0.0,4.375568695251319,2.793457533129145,0.0,25.225480000000005
104.50556,22.616666666666667,0.0,0.0,14.81504120616662,0.0,3.0871217017356916,2.793457533129145,0.0,25.225480000000005
106.30738,22.7,1.8018200000000064,0.0,12.59858819573557,0.0,3.0871217017356916,2.793457533129145,0.0,23.42366
109.91102,22.783333333333335,3.603639999999984,0.0,12.59858819573557,0.0,1.6308710687624326,2.837306820352779,0.0,18.018200000000007
111.71284,22.866666666666667,1.8018200000000064,0.0,12.59858819573557,0.0,0.0,2.837306820352779,0.0,12.612740000000002
115.31648,22.95,3.603640000000013,0.0,10.025008003740837,0.0,0.0,2.8437552449444903,0.0,7.207279999999983
117.1183,23.033333333333335,1.801819999999992,0.0,10.025008003740837,0.0,0.0,2.8437552449444903,0.0,0.0
120.72194,23.116666666666667,3.603639999999998,0.0,10.025008003740837,0.0,0.0,2.8437552449444903,0.0,-7.2072800000000115
122.52376,23.2,1.801819999999992,0.0,7.078150196344968,0.0,0.0,2.8089337521492515,0.0,-14.414559999999994
124.32558,23.283333333333335,1.8018200000000064,0.0,7.078150196344968,0.0,0.0,2.8089337521492515,0.0,-21.62183999999999
126.1274,23.366666666666667,1.801819999999992,0.0,7.078150196344968,0.0,0.0,2.8089337521492515,0.0,-25.225480000000005
127.92922,23.45,1.8018200000000064,0.0,3.7418643397104967,0.0,0.0,2.728973287212037,0.0,-30.630939999999995
129.73104,23.533333333333335,1.8018200000000064,0.0,3.7418643397104967,0.0,0.0,2.728973287212037,0.0,-32.43276
129.73104,23.616666666666667,0.0,0.0,3.7418643397104967,0.0,0.0,2.6000047953778194,0.0,-32.43276
129.73104,23.7,0.0,0.0,0.0,0.0,0.0,2.6000047953778194,0.0,-32.43276
127.92922,23.783333333333335,-1.8018200000000064,0.0,0.0,0.0,0.0,2.6000047953778194,0.0,-28.829120000000003
124.32558,23.866666666666667,-3.603639999999998,0.0,0.0,0.0,0.0,2.4181592218915733,0.0,-23.423660000000012
122.52376,23.95,-1.8018200000000064,0.0,0.0,0.0,0.0,2.4181592218915733,0.0,-21.62184000000001
117.1183,0.0333333333333333,-5.405459999999991,0.0,0.0,0.0,0.0,2.1795675119982723,0.0,-16.216380000000015
113.51466,0.1166666666666666,-3.603640000000013,0.0,0.0,0.0,0.0,2.1795675119982723,0.0,-14.414559999999994
108.1092,0.2,-5.405459999999991,0.0,0.0,0.0,0.0,2.1795675119982723,0.0,-10.810919999999996
102.70374,0.2833333333333333,-5.405459999999991,0.0,0.0,0.0,0.0,1.880360610942887,0.0,-7.2072800000000115
100.90192,0.3666666666666666,-1.8018200000000208,0.0,0.0,0.0,0.0,1.880360610942887,0.0,-7.207279999999983
97.29828,0.45,-3.603639999999984,0.0,0.0,0.0,0.0,1.5166694639703948,0.0,-5.405460000000005
97.29828,0.5333333333333333,0.0,0.0,0.0,0.0,0.0,1.5166694639703948,0.0,-5.405460000000005
97.29828,0.6166666666666667,0.0,0.0,0.0,0.0,0.0,1.0846250163257678,0.0,-5.405460000000005
97.29828,0.7,0.0,0.0,0.0,0.0,0.0,1.0846250163257678,0.0,-5.405460000000005
99.1001,0.7833333333333333,1.801819999999992,0.0,0.0,0.0,0.0,0.5803582132539771,0.0,-9.00909999999999
100.90192,0.8666666666666667,1.801819999999992,0.0,0.0,0.0,0.0,0.5803582132539771,0.0,-12.612739999999988
100.90192,0.95,0.0,0.0,0.0,0.0,0.0,0.0,0.0,-14.414559999999994
100.90192,1.0333333333333334,0.0,0.0,0.0,0.0,0.0,0.0,0.0,-18.018199999999993
99.1001,1.1166666666666667,-1.801819999999992,0.0,0.0,0.0,0.0,0.0,0.0,-19.820019999999985
97.29828,1.2,-1.801819999999992,0.0,0.0,0.0,0.0,0.0,0.0,-19.820020000000017
95.49646,1.2833333333333332,-1.8018200000000064,0.0,0.0,0.0,0.0,0.0,0.0,-21.62184000000001
93.69464,1.3666666666666667,-1.801819999999992,0.0,0.0,0.0,0.0,0.0,0.0,-25.225480000000005
91.89282,1.45,-1.8018200000000064,0.0,0.0,0.0,0.0,0.0,0.0,-30.63094
91.89282,1.5333333333333332,0.0,0.0,0.0,0.0,0.0,0.0,0.0,-36.0364
91.89282,1.6166666666666667,0.0,0.0,0.0,0.0,0.0,0.0,0.0,-41.441860000000005
91.89282,1.7,0.0,0.0,0.0,0.0,0.0,0.0,0.0,-45.0455
90.091,1.7833333333333332,-1.801819999999992,0.0,0.0,0.0,0.0,0.0,0.0,-46.84732000000001
88.28918,1.8666666666666667,-1.8018200000000064,0.0,0.0,0.0,0.0,0.0,0.0,-45.0455
86.48736,1.95,-1.8018200000000064,0.0,0.0,0.0,0.0,0.0,0.0,-43.24368
82.88372,2.033333333333333,-3.603639999999998,0.0,0.0,0.0,0.0,0.0,0.0,-37.83821999999999
79.28008000000001,2.1166666666666667,-3.603639999999984,0.0,0.0,0.0,0.0,0.0,0.0,-32.43276000000001
77.47825999999999,2.2,-1.8018200000000208,0.0,0.0,0.0,0.0,0.0,0.0,-30.63093999999999
73.87462,2.283333333333333,-3.603639999999998,0.0,0.0,0.0,0.0,0.0,0.0,-27.02729999999999
68.46916,2.3666666666666667,-5.405459999999991,0.0,0.0,0.0,0.0,0.0,0.0,-23.42366
61.26188,2.45,-7.207280000000004,0.0,0.0,0.0,0.0,0.0,0.0,-18.0182
55.85642,2.533333333333333,-5.405459999999998,0.0,0.0,0.0,0.0,0.0,0.0,-12.612740000000002
50.450959999999995,2.6166666666666667,-5.405460000000005,0.0,0.0,0.0,0.0,0.0,0.0,-9.009099999999997
46.84732,2.7,-3.603639999999991,0.0,0.0,0.0,0.0,0.0,0.0,-7.207279999999997
43.24368,2.783333333333333,-3.6036400000000057,0.0,0.0,0.0,0.0,0.0,0.0,-3.603639999999991
43.24368,2.8666666666666667,0.0,0.0,0.0,0.0,0.0,0.0,0.0,-3.603639999999991
43.24368,2.95,0.0,0.0,0.0,0.0,0.0,0.0,0.0,-3.603639999999991
45.0455,3.033333333333333,1.8018200000000064,0.0,0.0,0.0,0.0,0.0,0.0,-5.405459999999998
46.84732,3.1166666666666667,1.801819999999999,0.0,0.0,0.0,0.0,0.0,0.0,-7.207279999999997
46.84732,3.2,0.0,0.0,0.0,0.0,0.0,0.0,0.0,-7.207279999999997
46.84732,3.283333333333333,0.0,0.0,0.0,0.0,0.0,0.0,0.0,-7.207279999999997
45.0455,3.3666666666666667,-1.801819999999999,0.0,0.0,0.0,0.0,0.0,0.0,-5.405459999999998
43.24368,3.45,-1.8018200000000064,0.0,0.0,0.0,0.0,0.0,0.0,-3.603639999999991
43.24368,3.533333333333333,0.0,0.0,0.0,0.0,0.0,0.0,0.0,-3.603639999999991
41.44186,3.6166666666666663,-1.801819999999999,0.0,0.0,0.0,0.0,0.0,0.0,-1.801819999999992
39.640040000000006,3.7,-1.801819999999992,0.0,0.0,0.0,0.0,0.0,0.0,0.0
39.640040000000006,3.783333333333333,0.0,0.0,0.0,0.0,0.0,0.0,0.0,0.0
39.640040000000006,3.8666666666666663,0.0,0.0,0.0,0.0,0.0,0.0,0.0,0.0
39.640040000000006,3.95,0.0,0.0,0.0,0.0,0.0,0.0,0.0,0.0
39.640040000000006,4.033333333333333,0.0,0.0,0.0,0.0,0.0,0.0,0.0,0.0
39.640040000000006,4.116666666666666,0.0,0.0,0.0,0.0,0.0,0.0,0.0,0.0
39.640040000000006,4.2,0.0,0.0,0.0,0.0,0.0,0.0,0.0,0.0
39.640040000000006,4.283333333333333,0.0,0.0,0.0,0.0,0.0,0.0,0.0,0.0
39.640040000000006,4.366666666666666,0.0,0.0,0.0,0.0,0.0,0.0,0.0,0.0
39.640040000000006,4.45,0.0,0.0,0.0,0.0,0.0,0.0,0.0,0.0
39.640040000000006,4.533333333333333,0.0,0.0,0.0,0.0,0.0,0.0,0.0,0.0
39.640040000000006,4.616666666666667,0.0,0.0,0.0,0.0,0.0,0.0,0.0,0.0
39.640040000000006,4.7,0.0,0.0,0.0,0.0,0.0,0.0,0.0,0.0
39.640040000000006,4.783333333333333,0.0,0.0,0.0,0.0,0.0,0.0,0.0,0.0
39.640040000000006,4.866666666666667,0.0,0.0,0.0,0.0,0.0,0.0,0.0,0.0
39.640040000000006,4.95,0.0,0.0,0.0,0.0,0.0,0.0,0.0,0.0
39.640040000000006,5.033333333333333,0.0,0.0,0.0,0.0,0.0,0.0,0.0,0.0
39.640040000000006,5.116666666666666,0.0,0.0,0.0,0.0,0.0,0.0,0.0,0.0
39.640040000000006,5.2,0.0,0.0,0.0,0.0,0.0,0.0,0.0,0.0
39.640040000000006,5.283333333333333,0.0,0.0,0.0,0.0,0.0,0.0,0.0,0.0
39.640040000000006,5.366666666666666,0.0,0.0,0.0,0.0,0.0,0.0,0.0,0.0
39.640040000000006,5.45,0.0,0.0,0.0,0.0,0.0,0.0,0.0,0.0
39.640040000000006,5.533333333333333,0.0,0.0,0.0,0.0,0.0,0.0,0.0,0.0
39.640040000000006,5.616666666666667,0.0,0.0,0.0,0.0,0.0,0.0,0.0,0.0
39.640040000000006,5.7,0.0,0.0,0.0,0.0,0.0,0.0,0.0,0.0
39.640040000000006,5.783333333333333,0.0,0.0,0.0,0.0,0.0,0.0,0.0,0.0
39.640040000000006,5.866666666666667,0.0,0.0,0.0,0.0,0.0,0.0,0.0,0.0
39.640040000000006,5.95,0.0,0.0,0.0,0.0,0.0,0.0,0.0,0.0
39.640040000000006,6.033333333333333,0.0,0.0,0.0,0.0,0.0,0.0,0.0,0.0
39.640040000000006,6.116666666666666,0.0,0.0,0.0,0.0,0.0,0.0,0.0,0.0
39.640040000000006,6.2,0.0,0.0,0.0,0.0,0.0,0.0,0.0,0.0
39.640040000000006,6.283333333333333,0.0,0.0,0.0,0.0,0.0,0.0,0.0,0.0
39.640040000000006,6.366666666666666,0.0,0.0,0.0,0.0,0.0,0.0,0.982513178481822,9.009099999999997
39.640040000000006,6.45,0.0,0.0,0.0,0.0,0.0,0.0,0.982513178481822,23.42365999999999
39.640040000000006,6.533333333333333,0.0,0.0,0.0,0.0,0.0,0.0,0.982513178481822,18.0182
39.640040000000006,6.616666666666667,0.0,0.0,0.0,0.0,0.0,0.0,0.982513178481822,41.44186
39.640040000000006,6.7,0.0,0.0,0.0,0.0,0.0,0.0,1.8567293190748344,63.0637
39.640040000000006,6.783333333333333,0.0,0.0,0.0,0.0,0.0,0.0,1.8567293190748344,84.68554
39.640040000000006,6.866666666666667,0.0,0.0,0.0,0.0,0.0,0.0,1.8567293190748344,106.30738
39.640040000000006,6.95,0.0,0.0,0.0,0.0,0.0,0.0,2.6270756106745567,126.1274
39.640040000000006,7.033333333333333,0.0,0.0,0.0,0.0,0.0,0.0,2.6270756106745567,144.1456
39.640040000000006,7.116666666666666,0.0,0.0,0.0,0.0,0.0,0.0,3.163798515876119,158.56016
39.640040000000006,7.2,0.0,0.0,0.0,0.0,0.0,0.0,3.2979792421765097,171.1729
39.640040000000006,7.283333333333333,0.0,0.0,0.0,0.0,0.0,0.0,3.2979792421765097,181.98382
48.64914,7.366666666666666,9.009099999999997,0.0,0.0,0.0,0.0,0.0,3.873867402476211,180.18199999999996
63.0637,7.45,14.414559999999994,0.0,0.0,0.0,0.0,0.0,3.873867402476211,169.37108
57.658240000000006,7.5,-5.405459999999991,0.0,0.0,0.0,0.0,0.0,4.262107304870586,172.97472000000002
81.0819,7.533333333333333,23.42366,0.0,0.0,0.0,0.0,0.0,4.35916728046918,142.34377999999998
102.70374,7.616666666666667,21.62184000000001,0.0,0.0,0.0,0.0,0.0,4.35916728046918,111.71284
124.32558,7.7,21.62183999999999,0.0,0.0,0.0,0.0,0.0,4.758306065050938,79.28008000000003
145.94742,7.783333333333333,21.62183999999999,0.0,0.0,0.0,0.0,0.0,4.758306065050938,46.84732
165.76744,7.866666666666667,19.82002,0.0,0.0,0.0,0.0,0.0,5.075710945117004,16.216380000000015
183.78564,7.95,18.018200000000007,0.0,0.0,0.0,0.0,0.0,5.075710945117004,-10.81092000000001
198.2002,8.033333333333333,14.414559999999994,0.0,0.0,0.0,0.0,0.0,5.315809109562897,-32.43276
210.81294,8.116666666666667,12.612740000000002,0.0,0.0,0.0,0.0,0.0,5.315809109562897,-52.25277999999997
221.62386,8.2,10.81092000000001,0.0,0.0,0.0,0.0,0.0,5.483027747284135,-72.0728
228.83114,8.283333333333333,7.207279999999969,0.0,0.0,0.0,0.0,0.0,5.483027747284135,-88.28917999999999
232.43478,8.366666666666667,3.6036400000000417,0.0,0.0,0.0,0.0,0.0,5.581794047176238,-100.90192000000002
230.63296000000005,8.45,-1.801819999999992,0.0,0.0,0.0,0.0,0.0,5.581794047176238,-109.91102000000002
223.42568,8.533333333333333,-7.207280000000026,0.0,0.0,0.0,0.0,0.0,5.616535198134725,-111.71284
214.41658,8.616666666666667,-9.00909999999999,0.0,0.0,0.0,0.0,0.0,5.59664975087104,-111.71284
203.60566000000003,8.7,-10.810919999999982,0.0,0.0,0.0,0.0,0.0,5.591678389055119,-109.91102000000002
192.79474,8.783333333333333,-10.810920000000038,0.0,0.0,0.0,0.0,0.0,5.511650808832936,-106.30738
181.98382,8.866666666666667,-10.810919999999982,0.0,0.0,0.0,0.0,0.0,5.511650808832936,-104.50556000000002
172.97472,8.95,-9.009100000000018,0.0,0.0,0.0,0.0,0.0,5.380879646363697,-104.50556
165.76744,9.033333333333331,-7.207279999999997,0.0,0.0,0.0,0.0,0.0,5.203792090542921,-104.50556
158.56016000000002,9.116666666666667,-7.207279999999969,0.0,0.0,0.0,0.0,0.0,5.028610682321485,-102.70374000000002
149.55106,9.2,-9.009100000000018,0.0,0.0,0.0,0.0,0.0,4.984815330266126,-99.1001
140.54196,9.283333333333331,-9.009100000000018,0.0,0.0,0.0,0.0,0.0,4.7283765544288325,-90.091
131.53286,9.366666666666667,-9.00909999999999,0.0,0.0,0.0,0.0,0.0,4.4389029519265595,-77.47826
120.72194,9.45,-10.810919999999996,0.0,0.0,0.0,0.0,0.0,4.120821711654829,-59.460060000000006
111.71284,9.533333333333331,-9.009100000000004,0.0,0.0,0.0,0.0,0.0,3.778560022509157,-36.0364
102.70374,9.616666666666667,-9.00909999999999,0.0,0.0,0.0,0.0,0.0,3.416545073385062,-9.009100000000004
93.69464,9.7,-9.009100000000004,0.0,0.0,0.0,0.0,0.0,3.0392040531780684,19.820019999999985
86.48736,9.783333333333331,-7.2072800000000115,0.0,0.0,0.0,0.0,0.0,2.6509641507836927,43.24368000000001
77.47825999999999,9.866666666666667,-9.009100000000004,0.0,0.0,0.0,0.0,0.0,2.256252555097455,63.0637
68.46916,9.95,-9.00909999999999,0.0,0.0,0.0,0.0,0.0,1.859496455014874,79.28007999999998
61.26188,10.033333333333331,-7.207280000000004,0.0,0.0,0.0,0.0,0.0,1.077559497242759,88.28918000000002
55.85642,10.116666666666667,-5.405459999999998,0.0,0.0,0.0,0.0,0.0,0.7012330173442654,95.49646
50.450959999999995,10.2,-5.405460000000005,0.0,0.0,0.0,0.0,0.0,0.0,102.70374
50.450959999999995,10.283333333333331,0.0,0.0,0.0,0.0,0.0,0.0,0.0,108.10920000000004
54.0546,10.366666666666667,3.6036400000000057,0.0,0.0,0.0,0.0,0.0,0.0,108.10920000000002
61.26188,10.45,7.207279999999997,0.0,0.0,0.0,0.0,0.0,0.0,102.70374
75.67644,10.533333333333331,14.414560000000002,0.0,0.0,0.0,0.0,0.0,0.0,88.28918
93.69464,10.616666666666667,18.018200000000007,0.0,0.0,0.0,0.0,0.0,0.0,66.66734000000001
113.51466,10.7,19.820019999999985,0.0,0.0,0.0,0.0,0.0,0.0,43.24367999999998
129.73104,10.783333333333331,16.216380000000015,0.0,0.0,0.0,0.0,0.0,0.0,19.82002
140.54196,10.866666666666667,10.810919999999982,0.0,0.0,0.0,0.0,0.0,0.0,1.8018200000000208
147.74924,10.95,7.207279999999997,0.0,0.0,0.0,0.0,0.0,0.0,-12.612739999999974
149.55106,11.033333333333331,1.8018200000000208,0.0,0.0,0.0,0.0,0.0,0.0,-19.82002
151.35288,11.116666666666667,1.801819999999992,0.0,0.0,0.0,0.0,0.0,0.0,-28.829120000000003
153.1547,11.2,1.801819999999992,0.0,0.0,0.0,0.0,0.0,0.0,-37.83821999999998
158.56016000000002,11.283333333333331,5.4054600000000335,0.0,0.0,0.0,0.0,0.0,0.0,-46.847320000000025
162.1638,11.366666666666667,3.603639999999984,0.0,0.0,0.0,0.0,0.0,0.0,-54.05460000000001
163.96562,11.45,1.801819999999992,0.0,0.0,0.0,0.0,0.0,0.0,-59.46006
163.96562,11.533333333333331,0.0,0.0,0.0,0.0,0.0,0.0,0.0,-61.26187999999999
160.36198000000002,11.616666666666667,-3.603639999999984,0.0424667283840668,0.5600205733121757,0.0364538749590322,0.6424356006871806,0.015476219020106,0.0,-61.26188000000002
156.75833999999998,11.7,-3.6036400000000417,0.1581519539820418,0.5600205733121757,0.1409549831749248,0.6424356006871806,0.0598413802110767,0.0,-59.46005999999997
149.55106,11.783333333333331,-7.207279999999969,0.4305247636177806,1.1451547859083413,0.3062125496558712,1.3079378592002329,0.0598413802110767,0.0,-54.05460000000001
142.34378,11.866666666666667,-7.207279999999997,0.6523768101759226,1.1451547859083413,0.3062125496558712,1.9896899792076024,0.1300002397688909,0.0,-46.84732000000001
135.1365,11.95,-7.207279999999997,1.0016290418862652,1.748942464253517,0.5249357994100651,1.9896899792076024,0.1300002397688909,0.0,-34.23458000000002
129.73104,12.033333333333331,-5.405460000000005,1.1136533426235449,1.748942464253517,0.7898339574456997,1.9896899792076024,0.1300002397688909,0.0,-28.829120000000017
122.52376,12.116666666666667,-7.2072800000000115,1.2198201635837118,1.748942464253517,0.7898339574456997,2.6808751643777375,0.2228575538895273,0.1965026356963644,-14.414559999999994
115.31648,12.2,-7.207279999999983,1.4812101986373645,2.364923434812724,1.0936162487709689,2.6808751643777375,0.2228575538895273,0.1965026356963644,3.603639999999984
111.71284,12.283333333333331,-3.603640000000013,1.610806938705982,2.364923434812724,1.0936162487709689,3.374676618379084,0.3353180787689648,0.1965026356963644,19.82002
108.1092,12.366666666666667,-3.603639999999998,1.5946988693189224,2.986637524050983,1.4289918983940657,3.374676618379084,0.3353180787689648,0.3713458638149669,34.23458000000001
104.50556,12.45,-3.603639999999998,1.3728468227607804,2.986637524050983,1.7886701313231843,4.0642775448800865,0.3353180787689648,0.3713458638149669,46.84732
102.70374,12.533333333333331,-1.801819999999992,0.8610495272355615,3.607624558433312,2.165360172566518,4.742861147549195,0.4642865706031819,0.3713458638149669,52.25277999999997
99.1001,12.616666666666667,-3.603640000000013,0.0,3.607624558433312,2.551771247132261,4.742861147549195,0.4642865706031819,0.5254151221349114,54.05459999999999
97.29828,12.7,-1.801819999999992,0.0,4.2214243644247365,2.551771247132261,5.403610630054853,0.6066677855881578,0.5254151221349114,50.45095999999998
95.49646,12.783333333333331,-1.8018200000000064,0.0,4.2214243644247365,2.940612580028606,5.403610630054853,0.6066677855881578,0.659595848435302,43.24368
95.49646,12.866666666666667,0.0,0.0,4.821576768490273,3.324593396263745,6.039709196065508,0.7593664799198709,0.659595848435302,30.630939999999995
100.90192,12.95,5.405459999999991,0.0,5.401621597094941,3.696422920845875,6.039709196065508,0.7593664799198709,0.659595848435302,16.216380000000015
100.90192,13.0,0.0,0.0,5.401621597094941,4.048810378783187,6.6443400492496085,0.7593664799198709,0.7747734804952423,5.405460000000019
108.1092,13.033333333333331,7.2072800000000115,0.0,5.955098676703766,4.374464995083875,7.210686393275599,0.9192874097943002,0.7747734804952423,-10.810919999999996
118.92012,13.116666666666667,10.810919999999996,0.0,5.955098676703766,4.374464995083875,7.210686393275599,0.9192874097943002,0.871833456093836,-30.630939999999995
131.53286,13.2,12.612740000000002,0.0,6.475547833781764,4.666095994756134,7.731931431811924,1.0833353314074248,0.871833456093836,-52.25277999999999
142.34378,13.283333333333331,10.81092000000001,0.0,6.956508894793956,4.916412602808156,8.201258368527034,1.0833353314074248,0.871833456093836,-68.46916000000002
151.35288,13.366666666666667,9.00909999999999,0.0,6.956508894793956,5.118124044248134,8.201258368527034,1.0833353314074248,0.9516612130101876,-84.68553999999999
154.95651999999998,13.45,3.603639999999984,0.0,7.391521686205367,5.118124044248134,8.611850407089374,1.248415000955223,0.9516612130101876,-95.49645999999998
153.1547,13.533333333333331,-1.801819999999992,0.0,7.774126034481011,5.263939544084263,8.611850407089374,1.248415000955223,1.015142189023401,-99.1001
147.74924,13.616666666666667,-5.405460000000005,0.0,7.774126034481011,5.346568327324737,8.95689075116739,1.248415000955223,1.015142189023401,-99.10009999999998
138.74014,13.7,-9.00909999999999,0.0,8.097861766085913,5.358719618977748,9.229562604429528,1.4114311746336732,1.0631618219125794,-95.49646
126.1274,13.783333333333331,-12.612740000000002,0.0,8.356268707485093,5.358719618977748,9.229562604429528,1.4114311746336732,1.0631618219125794,-86.48736
117.1183,13.866666666666667,-9.00909999999999,0.0,8.356268707485093,5.29310264405149,9.423049170544235,1.4114311746336732,1.096605549456827,-77.47826
106.30738,13.95,-10.810919999999996,0.0,8.54288668514357,5.142426627554157,9.53053365317996,1.5692886086387552,1.096605549456827,-66.66734
97.29828,14.033333333333331,-9.009100000000004,0.0,8.651255525526363,5.142426627554157,9.53053365317996,1.5692886086387552,1.1163588094352477,-57.65824
88.28918,14.116666666666667,-9.009100000000004,0.0,8.651255525526363,4.899400794493941,9.54519925600515,1.718892059166447,1.1163588094352477,-48.64914
79.28008000000001,14.2,-9.00909999999999,0.0,8.674915055098499,4.556734369879038,9.54519925600515,1.718892059166447,1.1233070396269451,-39.640040000000006
73.87462,14.283333333333331,-5.405460000000019,0.0,8.607405100324993,4.556734369879038,9.460229182688243,1.718892059166447,1.1183356778110238,-34.23457999999999
66.66734000000001,14.366666666666667,-7.207279999999983,0.0,8.607405100324993,4.10713657871764,9.268806636897695,1.8571462824127285,1.1183356778110238,-27.027300000000004
59.46006,14.45,-7.2072800000000115,0.0,8.442265487670866,4.10713657871764,9.268806636897695,1.8571462824127285,1.1023301617665873,-19.820019999999992
54.0546,14.533333333333331,-5.405459999999998,0.0,8.442265487670866,3.543316646017939,8.96411482230195,1.8571462824127285,1.1023301617665873,-14.414559999999994
48.64914,14.616666666666667,-5.405459999999998,0.0,8.173036043601138,3.543316646017939,8.539336942569452,1.9809560345735768,1.0761759292727393,-9.009099999999997
43.24368,14.7,-5.405460000000005,0.0,8.173036043601138,2.8579837967881323,8.539336942569452,1.9809560345735768,1.040758418108584,0.0
39.640040000000006,14.783333333333331,-3.603639999999991,0.0,7.793256594580832,2.0438472560364125,7.987656201368648,1.9809560345735768,0.9969630660532252,12.612739999999995
39.640040000000006,14.866666666666667,0.0,0.0,7.793256594580832,2.0438472560364125,7.302255802367988,2.0872260718449716,0.9969630660532252,27.027300000000004
39.640040000000006,14.95,0.0,0.0,7.296466967074968,1.093616248770968,7.302255802367988,2.0872260718449716,0.9456753108857664,45.0455
39.640040000000006,15.033333333333331,0.0,0.0,7.296466967074968,1.093616248770968,6.4763189492359166,2.0872260718449716,0.887780590385312,66.66734
39.640040000000006,15.116666666666667,0.0,0.0,6.676206987548566,0.0,6.4763189492359166,2.1728611504228916,0.8241643423309657,91.89282
39.640040000000006,15.2,0.0,0.0,6.676206987548566,0.0,5.503028845640875,2.1728611504228916,0.7557120045018313,118.92012000000004
39.640040000000006,15.283333333333331,0.0,0.0,6.676206987548566,0.0,4.375568695251319,2.1728611504228916,0.6833090146770124,145.94742000000002
39.640040000000006,15.366666666666667,0.0,0.0,5.926016482466647,0.0,4.375568695251319,2.234766026503316,0.6078408106356137,171.1729
39.640040000000006,15.45,0.0,0.0,5.926016482466647,0.0,3.0871217017356916,2.234766026503316,0.5301928301567386,194.59656
39.640040000000006,15.533333333333331,0.0,0.0,5.039435278294228,0.0,1.6308710687624326,2.2698454562822232,0.451250511019491,216.2184
39.640040000000006,15.616666666666667,0.0,0.0,5.039435278294228,0.0,1.6308710687624326,2.2698454562822232,0.3718992910029748,234.2366
43.24368,15.7,3.603639999999991,0.0,5.039435278294228,0.0,0.0,2.2698454562822232,0.2155118994485517,245.04752
52.25278,15.783333333333331,9.009100000000004,0.0,4.010003201496335,0.0,0.0,2.275004195955592,0.140246603468853,246.84934
66.66734000000001,15.866666666666667,14.414560000000009,0.0,4.010003201496335,0.0,0.0,2.275004195955592,0.0,243.2456999999999
84.68554,15.95,18.018199999999993,0.0,4.010003201496335,0.0,0.0,2.275004195955592,0.0,236.03842000000003
106.30738,16.033333333333335,21.62184000000001,0.0,2.831260078537987,0.0,0.0,2.247147001719401,0.0,225.22749999999996
131.53286,16.116666666666667,25.22547999999999,0.0,2.831260078537987,0.0,0.0,2.247147001719401,0.0,210.81294
158.56016000000002,16.2,27.027300000000025,0.0,1.496745735884199,0.0,0.0,2.247147001719401,0.0,194.59656
185.58746,16.283333333333335,27.027299999999997,0.0,1.496745735884199,0.0,0.0,2.1831786297696296,0.0,174.77654
210.81294,16.366666666666667,25.225479999999976,0.0,1.496745735884199,0.0,0.0,2.1831786297696296,0.0,156.75834
234.2366,16.45,23.423660000000012,0.0,1.496745735884199,0.0,0.0,2.0800038363022555,0.0,136.93832000000003
255.85844,16.533333333333335,21.62183999999999,0.0,0.0,0.0,0.0,2.0800038363022555,0.0,118.92012000000004
273.87664,16.616666666666667,18.018200000000007,0.0,0.0,0.0,0.0,2.0800038363022555,0.0,102.70373999999998
288.2912,16.7,14.414559999999994,0.0,0.0,0.0,0.0,1.9345273775132583,0.0,90.091
299.10212,16.783333333333335,10.81092000000001,0.0,0.0,0.0,0.0,1.9345273775132583,0.0,79.28008
309.91303999999997,16.866666666666667,10.810919999999951,0.0,0.0,0.0,0.0,1.7436540095986175,0.0,68.46916000000004
320.72396000000003,16.95,10.810920000000069,0.0,0.0,0.0,0.0,1.7436540095986175,0.0,57.65823999999998
331.53488,17.033333333333335,10.810919999999951,0.0,0.0,0.0,0.0,1.5042884887543095,0.0,46.847320000000025
342.3458,17.116666666666667,10.81092000000001,0.0,0.0,0.0,0.0,1.5042884887543095,0.0,34.234579999999994
353.15672,17.2,10.81092000000001,0.0,0.0,0.0,0.0,1.5042884887543095,0.0,21.62184000000002
360.364,17.283333333333335,7.207280000000026,0.0,0.0,0.0,0.0,1.213335571176316,0.0,10.81092000000001
367.57128,17.366666666666667,7.207279999999969,0.0,0.0,0.0,0.0,1.213335571176316,0.0,0.0
371.17492,17.45,3.6036400000000417,0.0,0.0,0.0,0.0,0.8677000130606142,0.0,-5.405460000000005
374.77856,17.533333333333335,3.603639999999984,0.0,0.0,0.0,0.0,0.8677000130606142,0.0,-12.612739999999974
376.58038,17.616666666666667,1.801819999999964,0.0,0.0,0.0,0.0,0.4642865706031816,0.0,-16.21637999999996
378.3822,17.7,1.8018200000000208,0.0,0.0,0.0,0.0,0.4642865706031816,0.0,-19.820020000000056
378.3822,17.783333333333335,0.0,0.0,0.0,0.0,0.0,0.0,0.0,-25.225480000000005
378.3822,17.866666666666667,0.0,0.0,0.0,0.0,0.0,0.0,0.0,-28.82912000000005
378.3822,17.95,0.0,0.0,0.0,0.0,0.0,0.0,0.0,-32.43276000000003
378.3822,18.033333333333335,0.0,0.0,0.0,0.0,0.0,0.0,0.0,-23.42366000000004
376.58038,18.116666666666667,-1.8018200000000208,0.0,0.0,0.0,0.0,0.0,0.3930052713927288,-34.234579999999994
374.77856,18.2,-1.801819999999964,0.0,0.0,0.0,0.0,0.0,0.3930052713927288,-32.43276000000003
371.17492,18.283333333333335,-3.603639999999984,0.0,0.0,0.0,0.0,0.0,0.3930052713927288,-28.82912000000005
367.57128,18.366666666666667,-3.6036400000000417,0.0,0.0,0.0,0.0,0.0,0.7426917276299339,-19.82002
365.76946,18.45,-1.801819999999964,0.0,0.0,0.0,0.0,0.0,0.7426917276299339,-12.61274000000003
362.16582000000005,18.533333333333335,-3.603639999999984,0.0,0.0,0.0,0.0,0.0,0.7426917276299339,-3.603640000000098
360.364,18.616666666666667,-1.8018200000000208,0.0,0.0,0.0,0.0,0.0,1.0508302442698227,1.8018200000000208
358.56217999999996,18.7,-1.8018200000000777,0.0,0.0,0.0,0.0,0.0,1.0508302442698227,5.405460000000062
353.15672,18.783333333333335,-5.405459999999948,0.0,0.0,0.0,0.0,0.0,1.319191696870604,9.009100000000046
349.55307999999997,18.866666666666667,-3.6036400000000417,0.0,0.0,0.0,0.0,0.0,1.319191696870604,10.810920000000069
345.94944,18.95,-3.603639999999984,0.0530834104800835,1.2600462899523952,0.0260384821135944,0.3854613604123084,0.0193452737751325,1.319191696870604,10.81092000000001
354.95853999999997,19.0,9.00909999999999,0.2974501449315024,1.2600462899523952,0.100682130839232,0.7847627155201397,0.0748017252638459,1.5495469609904846,-1.801819999999964
342.3458,19.033333333333335,-12.612739999999974,0.5381559545222258,2.5765982682937683,0.2187232497541937,0.7847627155201397,0.0748017252638459,1.5495469609904846,5.405460000000005
342.3458,19.116666666666667,0.0,0.8154710127199033,2.5765982682937683,0.2187232497541937,1.1938139875245617,0.1625002997111136,1.743666912187672,0.0
342.3458,19.2,0.0,1.2520363023578316,3.935120544570413,0.3749541424357607,1.1938139875245617,0.1625002997111136,1.743666912187672,-5.405460000000005
347.75126,19.283333333333335,5.405460000000005,1.52477520447964,3.935120544570413,0.5641671124612141,1.6085250986266426,0.2785719423619092,1.743666912187672,-18.01819999999998
353.15672,19.366666666666667,5.405460000000005,1.8515127482967055,5.321077728328629,0.7811544634078349,1.6085250986266426,0.2785719423619092,1.9033224260203752,-27.02729999999997
358.56217999999996,19.45,5.405459999999948,2.0135086733824776,5.321077728328629,0.7811544634078349,2.02480597102745,0.419147598461206,1.9033224260203752,-36.03639999999996
362.16582000000005,19.533333333333335,3.603640000000098,1.9366292513078744,6.719934429114711,1.0207084988529045,2.02480597102745,0.419147598461206,2.030284378046802,-43.24368000000004
363.96764,19.616666666666667,1.801819999999964,1.546740753643813,6.719934429114711,1.277621522373703,2.4385665269280516,0.5803582132539774,2.030284378046802,-48.64913999999999
362.16582000000005,19.7,-1.801819999999964,0.7697094519612113,8.117155256474952,1.5466858375475128,2.845716688529517,0.5803582132539774,2.1263236438251587,-52.25278000000009
360.364,19.783333333333335,-1.8018200000000208,0.0,8.117155256474952,1.8226937479516148,2.845716688529517,0.5803582132539774,2.1263236438251587,-57.658240000000035
356.76036,19.866666666666667,-3.6036400000000417,0.0,9.498204819955657,2.10043755716329,3.2421663780329117,0.7583347319851973,2.193211098913654,-61.26188000000002
353.15672,19.95,-3.603639999999984,0.0,9.498204819955657,2.10043755716329,3.2421663780329117,0.7583347319851973,2.193211098913654,-66.66734000000002
347.75126,20.033333333333335,-5.405460000000005,0.0,10.848547729103112,2.374709568759818,3.623825517639305,0.9492080998998388,2.2327176188704954,-68.46915999999999
342.3458,20.116666666666667,-5.405460000000005,0.0,12.153648593463618,2.6403020863184823,3.986604029549765,0.9492080998998388,2.2327176188704954,-68.46915999999999
336.94034,20.2,-5.405460000000005,0.0,12.153648593463618,2.892007413416562,3.986604029549765,0.9492080998998388,2.2466140792538902,-66.66733999999997
329.73306,20.283333333333335,-7.207279999999969,0.0,13.398972022583472,3.1246178536313396,4.326411835965359,1.1491092622428754,2.2366713556220477,-63.06369999999998
326.12942000000004,20.366666666666667,-3.603639999999984,0.0,14.569982626008969,3.1246178536313396,4.326411835965359,1.1491092622428754,2.2366713556220477,-59.46006
322.52578,20.45,-3.6036400000000417,0.0,14.569982626008969,3.3329257105400956,4.639158859087154,1.354169164259281,2.2046603235331745,-57.658240000000035
318.92214,20.533333333333335,-3.603639999999984,0.0,15.6521450132864,3.5117232877201108,4.9207550211162205,1.354169164259281,2.2046603235331745,-54.05460000000005
315.31850000000003,20.616666666666667,-3.603639999999984,0.0,16.630923793962076,3.655802888748667,4.9207550211162205,1.354169164259281,2.1523518585454786,-50.450960000000066
309.91303999999997,20.7,-5.405460000000062,0.0,16.630923793962076,3.759956817203045,5.167110244253624,1.5605187511940288,2.081516836217168,-43.24367999999993
302.70576,20.783333333333335,-7.207279999999969,0.0,17.49178357758227,3.759956817203045,5.167110244253624,1.5605187511940288,1.9939261321064503,-34.234579999999994
295.49848,20.866666666666667,-7.207280000000026,0.0,18.220188973693304,3.818977376660526,5.374134450700434,1.5605187511940288,1.9939261321064503,-25.225479999999948
286.48938,20.95,-9.00909999999999,0.0,18.220188973693304,3.827656870698392,5.537737562657717,1.7642889682920917,1.891350621771533,-10.810919999999951
279.2821,21.033333333333335,-7.207279999999969,0.0,18.80160459184146,3.827656870698392,5.537737562657717,1.7642889682920917,1.775561180770624,0.0
273.87664,21.116666666666667,-5.405460000000005,0.0,19.221495041573032,3.7807876028939216,5.653829502326542,1.7642889682920917,1.6483286846619314,10.81092000000001
270.273,21.2,-3.603639999999984,0.0,19.221495041573032,3.6731618768243974,5.718320191907977,1.961610760798444,1.5114240090036626,16.21637999999996
266.66936000000004,21.283333333333335,-3.603639999999984,0.0,19.465324932434317,3.6731618768243974,5.718320191907977,1.961610760798444,1.3666180293540249,19.820019999999943
266.66936000000004,21.366666666666667,0.0,0.0,19.465324932434317,3.499571996067101,5.72711955360309,2.1486150739580587,1.2156816212712274,19.820019999999943
264.86753999999996,21.45,-1.8018200000000777,0.0,19.51855887397162,3.2548102641993126,5.676137509612946,2.1486150739580587,1.0603856603134771,19.820020000000056
264.86753999999996,21.533333333333335,0.0,0.0,19.36666147573123,3.2548102641993126,5.676137509612946,2.1486150739580587,0.902501022038982,18.018200000000036
264.86753999999996,21.616666666666667,0.0,0.0,19.36666147573123,2.9336689847983144,5.561283982138619,2.3214328530159105,0.7437985820059496,18.018200000000036
266.66936000000004,21.7,1.8018200000000777,0.0,18.99509734725945,2.9336689847983144,5.561283982138619,2.3214328530159105,0.4310237988971035,16.21637999999996
268.47118,21.783333333333335,1.801819999999964,0.0,18.99509734725945,2.530940461441385,5.37846889338117,2.3214328530159105,0.2804932069377061,16.216380000000015
270.273,21.866666666666667,1.8018200000000208,0.0,18.389331098102563,2.041416997705809,5.123602165541671,2.4761950432169706,0.0,14.414559999999994
275.67846000000003,21.95,5.405460000000005,0.0,18.389331098102563,2.041416997705809,5.123602165541671,2.4761950432169706,0.0,9.00909999999999
279.2821,22.033333333333335,3.603639999999984,0.0,17.53482733780687,1.459890897168866,4.792593720821189,2.4761950432169706,0.0,3.603639999999984
284.68756,22.116666666666667,5.405460000000005,0.0,17.53482733780687,1.459890897168866,4.381353481420793,2.6090325898062146,0.0,-7.207280000000026
286.48938,22.2,1.801819999999964,0.0,16.417050675918677,0.7811544634078342,4.381353481420793,2.6090325898062146,0.0,-12.612739999999974
286.48938,22.283333333333335,0.0,0.0,16.417050675918677,0.7811544634078342,3.88579136954155,2.6090325898062146,0.0,-18.01819999999998
286.48938,22.366666666666667,0.0,0.0,15.021465721984274,0.0,3.3018173073845247,2.7160764380286144,0.0,-23.423659999999984
284.68756,22.45,-1.801819999999964,0.0,15.021465721984274,0.0,3.3018173073845247,2.7160764380286144,0.0,-25.225480000000005
282.88574,22.533333333333335,-1.8018200000000208,0.0,15.021465721984274,0.0,2.6253412171507917,2.7160764380286144,0.0,-27.027299999999997
282.88574,22.616666666666667,0.0,0.0,13.333537085549956,0.0,2.6253412171507917,2.793457533129145,0.0,-30.63094000000001
282.88574,22.7,0.0,0.0,13.333537085549956,0.0,1.8522730210414151,2.793457533129145,0.0,-30.63094000000001
284.68756,22.783333333333335,1.8018200000000208,0.0,11.338729376162012,0.0,0.9785226412574596,2.837306820352779,0.0,-34.23458000000002
284.68756,22.866666666666667,0.0,0.0,11.338729376162012,0.0,0.9785226412574596,2.837306820352779,0.0,-34.23458000000002
284.68756,22.95,0.0,0.0,11.338729376162012,0.0,0.0,2.837306820352779,0.0,-34.23458000000002
282.88574,23.033333333333335,-1.8018200000000208,0.0,9.022507203366754,0.0,0.0,2.8437552449444903,0.0,-34.234579999999994
277.48028,23.116666666666667,-5.405460000000005,0.0,9.022507203366754,0.0,0.0,2.8437552449444903,0.0,-28.82911999999999
273.87664,23.2,-3.603639999999984,0.0,6.370335176710471,0.0,0.0,2.8437552449444903,0.0,-25.225480000000005
268.47118,23.283333333333335,-5.405460000000005,0.0,6.370335176710471,0.0,0.0,2.8089337521492515,0.0,-21.62184000000002
263.06572,23.366666666666667,-5.405460000000005,0.0,6.370335176710471,0.0,0.0,2.8089337521492515,0.0,-16.216380000000015
259.46208,23.45,-3.603639999999984,0.0,3.367677905739447,0.0,0.0,2.728973287212037,0.0,-10.81092000000001
255.85844,23.533333333333335,-3.603640000000013,0.0,3.367677905739447,0.0,0.0,2.728973287212037,0.0,-7.207279999999997
252.2548,23.616666666666667,-3.603640000000013,0.0,3.367677905739447,0.0,0.0,2.728973287212037,0.0,-1.801819999999992
252.2548,23.7,0.0,0.0,3.367677905739447,0.0,0.0,2.6000047953778194,0.0,-1.801819999999992
250.45298,23.783333333333335,-1.801819999999992,0.0,0.0,0.0,0.0,2.6000047953778194,0.0,0.0
250.45298,23.866666666666667,0.0,0.0,0.0,0.0,0.0,2.6000047953778194,0.0,0.0
250.45298,23.95,0.0,0.0,0.0,0.0,0.0,2.4181592218915733,0.0,0.0
248.65116,0.0333333333333333,-1.801819999999992,0.0,0.0,0.0,0.0,2.4181592218915733,0.0,1.801819999999992
248.65116,0.1166666666666666,0.0,0.0,0.0,0.0,0.0,2.1795675119982723,0.0,1.801819999999992
248.65116,0.2,0.0,0.0,0.0,0.0,0.0,2.1795675119982723,0.0,3.603639999999984
246.84934,0.2833333333333333,-1.8018200000000208,0.0,0.0,0.0,0.0,1.880360610942887,0.0,5.405460000000005
246.84934,0.3666666666666666,0.0,0.0,0.0,0.0,0.0,1.880360610942887,0.0,9.009100000000018
248.65116,0.45,1.8018200000000208,0.0,0.0,0.0,0.0,1.880360610942887,0.0,9.00909999999999
248.65116,0.5333333333333333,0.0,0.0,0.0,0.0,0.0,1.5166694639703948,0.0,12.612739999999974
250.45298,0.6166666666666667,1.801819999999992,0.0,0.0,0.0,0.0,1.5166694639703948,0.0,14.414559999999966
250.45298,0.7,0.0,0.0,0.0,0.0,0.0,1.0846250163257678,0.0,16.216380000000044
250.45298,0.7833333333333333,0.0,0.0,0.0,0.0,0.0,1.0846250163257678,0.0,19.820020000000028
250.45298,0.8666666666666667,0.0,0.0,0.0,0.0,0.0,0.5803582132539771,0.0,19.820020000000028
250.45298,0.95,0.0,0.0,0.0,0.0,0.0,0.5803582132539771,0.0,19.820020000000028
250.45298,1.0333333333333334,0.0,0.0,0.0,0.0,0.0,0.0,0.0,18.018200000000007
250.45298,1.1166666666666667,0.0,0.0,0.0,0.0,0.0,0.0,0.0,16.216380000000044
252.2548,1.2,1.801819999999992,0.0,0.0,0.0,0.0,0.0,0.0,12.612739999999974
252.2548,1.2833333333333332,0.0,0.0,0.0,0.0,0.0,0.0,0.0,9.00909999999999
255.85844,1.3666666666666667,3.603640000000013,0.0,0.0,0.0,0.0,0.0,0.0,3.603640000000013
257.66026,1.45,1.801819999999992,0.0,0.0,0.0,0.0,0.0,0.0,-1.801819999999992
261.2639,1.5333333333333332,3.603639999999984,0.0,0.0,0.0,0.0,0.0,0.0,-9.00909999999999
264.86753999999996,1.6166666666666667,3.603639999999984,0.0,0.0,0.0,0.0,0.0,0.0,-16.21637999999996
266.66936000000004,1.7,1.8018200000000777,0.0,0.0,0.0,0.0,0.0,0.0,-18.018200000000036
270.273,1.7833333333333332,3.603639999999984,0.0,0.0,0.0,0.0,0.0,0.0,-21.62184000000002
270.273,1.8666666666666667,0.0,0.0,0.0,0.0,0.0,0.0,0.0,-18.018200000000036
270.273,1.95,0.0,0.0,0.0,0.0,0.0,0.0,0.0,-14.414560000000025
268.47118,2.033333333333333,-1.8018200000000208,0.0,0.0,0.0,0.0,0.0,0.0,-9.00909999999999
266.66936000000004,2.1166666666666667,-1.801819999999964,0.0,0.0,0.0,0.0,0.0,0.0,-7.207280000000026
264.86753999999996,2.2,-1.8018200000000777,0.0,0.0,0.0,0.0,0.0,0.0,-5.405459999999948
261.2639,2.283333333333333,-3.603639999999984,0.0,0.0,0.0,0.0,0.0,0.0,-1.801819999999964
259.46208,2.3666666666666667,-1.801819999999964,0.0,0.0,0.0,0.0,0.0,0.0,0.0
255.85844,2.45,-3.603640000000013,0.0,0.0,0.0,0.0,0.0,0.0,3.603640000000013
252.2548,2.533333333333333,-3.603640000000013,0.0,0.0,0.0,0.0,0.0,0.0,9.00909999999999
248.65116,2.6166666666666667,-3.603639999999984,0.0,0.0,0.0,0.0,0.0,0.0,14.414559999999994
248.65116,2.7,0.0,0.0,0.0,0.0,0.0,0.0,0.0,16.21637999999996
248.65116,2.783333333333333,0.0,0.0,0.0,0.0,0.0,0.0,0.0,16.21637999999996
252.2548,2.8666666666666667,3.603639999999984,0.0,0.0,0.0,0.0,0.0,0.0,12.612739999999974
255.85844,2.95,3.603640000000013,0.0,0.0,0.0,0.0,0.0,0.0,7.207279999999997
259.46208,3.033333333333333,3.603640000000013,0.0,0.0,0.0,0.0,0.0,0.0,1.801819999999964
259.46208,3.1166666666666667,0.0,0.0,0.0,0.0,0.0,0.0,0.0,1.801819999999964
259.46208,3.2,0.0,0.0,0.0,0.0,0.0,0.0,0.0,1.801819999999964
259.46208,3.283333333333333,0.0,0.0,0.0,0.0,0.0,0.0,0.0,1.801819999999964
259.46208,3.3666666666666667,0.0,0.0,0.0,0.0,0.0,0.0,0.0,3.603639999999984
259.46208,3.45,0.0,0.0,0.0,0.0,0.0,0.0,0.0,3.603639999999984
261.2639,3.533333333333333,1.801819999999964,0.0,0.0,0.0,0.0,0.0,0.0,3.603639999999984
263.06572,3.6166666666666663,1.8018200000000208,0.0,0.0,0.0,0.0,0.0,0.0,1.801819999999964
264.86753999999996,3.7,1.801819999999964,0.0,0.0,0.0,0.0,0.0,0.0,0.0
264.86753999999996,3.783333333333333,0.0,0.0,0.0,0.0,0.0,0.0,0.0,0.0
264.86753999999996,3.8666666666666663,0.0,0.0,0.0,0.0,0.0,0.0,0.0,0.0
263.06572,3.95,-1.801819999999964,0.0,0.0,0.0,0.0,0.0,0.0,-1.8018200000000208
261.2639,4.033333333333333,-1.8018200000000208,0.0,0.0,0.0,0.0,0.0,0.0,-1.801819999999964
261.2639,4.116666666666666,0.0,0.0,0.0,0.0,0.0,0.0,0.0,-3.603639999999984
261.2639,4.2,0.0,0.0,0.0,0.0,0.0,0.0,0.0,-5.405459999999977
261.2639,4.283333333333333,0.0,0.0,0.0,0.0,0.0,0.0,0.0,-9.00909999999999
263.06572,4.366666666666666,1.8018200000000208,0.0,0.0,0.0,0.0,0.0,0.0,-14.414559999999994
263.06572,4.45,0.0,0.0,0.0,0.0,0.0,0.0,0.0,-18.018200000000007
264.86753999999996,4.533333333333333,1.801819999999964,0.0,0.0,0.0,0.0,0.0,0.0,-23.423659999999956
264.86753999999996,4.616666666666667,0.0,0.0,0.0,0.0,0.0,0.0,0.0,-28.82911999999996
264.86753999999996,4.7,0.0,0.0,0.0,0.0,0.0,0.0,0.0,-32.432759999999945
264.86753999999996,4.783333333333333,0.0,0.0,0.0,0.0,0.0,0.0,0.0,-37.83821999999998
264.86753999999996,4.866666666666667,0.0,0.0,0.0,0.0,0.0,0.0,0.0,-43.243679999999955
261.2639,4.95,-3.603639999999984,0.0,0.0,0.0,0.0,0.0,0.0,-45.045499999999976
259.46208,5.033333333333333,-1.801819999999964,0.0,0.0,0.0,0.0,0.0,0.0,-46.84732
257.66026,5.116666666666666,-1.8018200000000208,0.0,0.0,0.0,0.0,0.0,0.0,-52.25277999999997
255.85844,5.2,-1.801819999999992,0.0,0.0,0.0,0.0,0.0,0.0,-57.658240000000006
252.2548,5.283333333333333,-3.603640000000013,0.0,0.0,0.0,0.0,0.0,0.0,-59.46006
248.65116,5.366666666666666,-3.603639999999984,0.0,0.0,0.0,0.0,0.0,0.0,-64.86552
245.04752,5.45,-3.603640000000013,0.0,0.0,0.0,0.0,0.0,0.0,-66.66734
241.44388,5.533333333333333,-3.603639999999984,0.0,0.0,0.0,0.0,0.0,0.0,-70.27098000000001
236.03842,5.616666666666667,-5.405460000000005,0.0,0.0,0.0,0.0,0.0,0.0,-68.46915999999999
232.43478,5.7,-3.603639999999984,0.0,0.0,0.0,0.0,0.0,0.0,-66.66734000000002
227.02932,5.783333333333333,-5.4054600000000335,0.0,0.0,0.0,0.0,0.0,0.0,-61.26187999999999
221.62386,5.866666666666667,-5.405459999999977,0.0,0.0,0.0,0.0,0.0,0.0,-54.05459999999999
216.2184,5.95,-5.405460000000005,0.0,0.0,0.0,0.0,0.0,0.0,-45.0455
212.61476,6.033333333333333,-3.603639999999984,0.0,0.0,0.0,0.0,0.0,0.0,-32.43276
205.40748,6.116666666666666,-7.207279999999997,0.0,0.0,0.0,0.0,0.0,0.2456282946204555,-27.027300000000025
198.2002,6.2,-7.207280000000026,0.0,0.0,0.0,0.0,0.0,0.2456282946204555,-14.414559999999994
192.79474,6.283333333333333,-5.405460000000005,0.0,0.0,0.0,0.0,0.0,0.2456282946204555,-3.603639999999984
183.78564,6.366666666666666,-9.00909999999999,0.0,0.0,0.0,0.0,0.0,0.4641823297687086,9.00909999999999
178.38018,6.45,-5.405460000000005,0.0,0.0,0.0,0.0,0.0,0.4641823297687086,12.612740000000002
171.1729,6.533333333333333,-7.207279999999997,0.0,0.0,0.0,0.0,0.0,0.4641823297687086,16.216380000000015
167.56926,6.616666666666667,-3.603639999999984,0.0,0.0,0.0,0.0,0.0,0.6567689026686392,10.810919999999982
165.76744,6.7,-1.8018200000000208,0.0,0.0,0.0,0.0,0.0,0.6567689026686392,3.603640000000013
165.76744,6.783333333333333,0.0,0.0,0.0,0.0,0.0,0.0,0.8244948105441274,-9.009100000000018
167.56926,6.866666666666667,1.8018200000000208,0.0,0.0,0.0,0.0,0.0,0.8244948105441274,-25.225480000000005
171.1729,6.95,3.603639999999984,0.0,0.0,0.0,0.0,0.0,0.8244948105441274,-43.24368
180.182,7.0,9.009100000000018,0.0,0.0,0.0,0.0,0.0,0.9684668506190528,-66.66734000000002
178.38018,7.033333333333333,-1.8018200000000208,0.0,0.0,0.0,0.0,0.0,0.9684668506190528,-81.08189999999999
183.78564,7.116666666666666,5.405460000000005,0.0,0.0,0.0,0.0,0.0,1.089791820117295,-100.90192
189.1911,7.2,5.405460000000005,0.0,0.0,0.0,0.0,0.0,1.089791820117295,-120.72194
192.79474,7.283333333333333,3.603639999999984,0.0,0.0,0.0,0.0,0.0,1.089791820117295,-135.13649999999998
190.99292,7.366666666666666,-1.801819999999992,0.0,0.0,0.0,0.0,0.0,1.1895765162627343,-140.54196000000002
187.38928,7.45,-3.603639999999984,0.0,0.0,0.0,0.0,0.0,1.1895765162627343,-144.1456
178.38018,7.533333333333333,-9.009100000000018,0.0,0.0,0.0,0.0,0.0,1.268927736279251,-136.93832
169.37108,7.616666666666667,-9.00909999999999,0.0,0.0,0.0,0.0,0.0,1.268927736279251,-129.73104
156.75833999999998,7.7,-12.61274000000003,0.0,0.0,0.0,0.0,0.0,1.3289522773907243,-117.11829999999998
142.34378,7.783333333333333,-14.414559999999966,0.0,0.0,0.0,0.0,0.0,1.3289522773907243,-102.70374
127.92922,7.866666666666667,-14.414560000000009,0.0,0.0,0.0,0.0,0.0,1.3707569368210335,-88.28917999999999
113.51466,7.95,-14.414560000000009,0.0,0.0,0.0,0.0,0.0,1.3707569368210335,-73.87462
97.29828,8.033333333333333,-16.216379999999987,0.0,0.0,0.0,0.0,0.0,1.3954485117940596,-57.65824
82.88372,8.116666666666667,-14.414560000000009,0.0,0.0,0.0,0.0,0.0,1.3954485117940596,-43.24367999999999
68.46916,8.2,-14.414559999999994,0.0,0.0,0.0,0.0,0.0,1.4041337995336811,-28.829119999999996
57.658240000000006,8.283333333333333,-10.810919999999996,0.0,0.0,0.0,0.0,0.0,1.3979195972637797,-14.414560000000009
50.450959999999995,8.366666666666667,-7.2072800000000115,0.0,0.0,0.0,0.0,0.0,1.3979195972637797,0.0
43.24368,8.45,-7.207279999999997,0.0,0.0,0.0,0.0,0.0,1.377912702208234,16.21638
41.44186,8.533333333333333,-1.801819999999999,0.0,0.0,0.0,0.0,0.0,1.377912702208234,28.829119999999996
39.640040000000006,8.616666666666667,-1.801819999999992,0.0,0.0,0.0,0.0,0.0,1.3452199115909242,41.44186
39.640040000000006,8.7,0.0,0.0,0.0,0.0,0.0,0.0,1.3009480226357302,50.45096
39.640040000000006,8.783333333333333,0.0,0.0,0.0,0.0,0.0,0.0,1.2462038325665314,57.65824
39.640040000000006,8.866666666666667,0.0,0.0,0.0,0.0,0.0,0.0,1.2462038325665314,61.261879999999984
39.640040000000006,8.95,0.0,0.0,0.0,0.0,0.0,0.0,1.182094138607208,63.0637
39.640040000000006,9.033333333333331,0.0,0.0,0.0,0.0,0.0,0.0,1.10972573798164,61.261879999999984
39.640040000000006,9.116666666666667,0.0,0.0,0.0,0.0,0.0,0.0,1.0302054279137072,55.85641999999999
39.640040000000006,9.2,0.0,0.0,0.0,0.0,0.0,0.0,0.9446400056272892,52.252779999999994
43.24368,9.283333333333331,3.603639999999991,0.0,0.0,0.0,0.0,0.0,0.8541362683462655,45.0455
50.450959999999995,9.366666666666667,7.207279999999997,0.0,0.0,0.0,0.0,0.0,0.7598010132945171,32.43276
59.46006,9.45,9.009100000000004,0.0,0.0,0.0,0.0,0.0,0.6627410376959232,19.820020000000017
70.27098,9.533333333333331,10.810919999999996,0.0,0.0,0.0,0.0,0.0,0.5640631387743638,7.207279999999997
81.0819,9.616666666666667,10.81092000000001,0.0,0.0,0.0,0.0,0.0,0.4648741137537185,-5.405460000000005
90.091,9.7,9.009100000000004,0.0,0.0,0.0,0.0,0.0,0.2693898743106897,-16.216380000000015
97.29828,9.783333333333331,7.207279999999997,0.0,0.0,0.0,0.0,0.0,0.1753082543360663,-23.423660000000012
100.90192,9.866666666666667,3.603639999999984,0.0,0.0,0.0,0.0,0.0,0.0,-27.027299999999997
102.70374,9.95,1.8018200000000208,0.0,0.0,0.0,0.0,0.0,0.0,-30.63094000000001
100.90192,10.033333333333331,-1.8018200000000208,0.0,0.0,0.0,0.0,0.0,0.0,-30.630939999999995
95.49646,10.116666666666667,-5.405459999999991,0.0,0.0,0.0,0.0,0.0,0.0,-25.225480000000005
91.89282,10.2,-3.603639999999998,0.0,0.0,0.0,0.0,0.0,0.0,-23.42366
88.28918,10.283333333333331,-3.603639999999998,0.0,0.0,0.0,0.0,0.0,0.0,-21.62183999999999
82.88372,10.366666666666667,-5.405460000000005,0.0,0.0,0.0,0.0,0.0,0.0,-18.018199999999993
79.28008000000001,10.45,-3.603639999999984,0.0,0.0,0.0,0.0,0.0,0.0,-18.018200000000014
77.47825999999999,10.533333333333331,-1.8018200000000208,0.0,0.0,0.0,0.0,0.0,0.0,-16.216379999999994
75.67644,10.616666666666667,-1.801819999999992,0.0,0.0,0.0,0.0,0.0,0.0,-14.414560000000002
73.87462,10.7,-1.8018200000000064,0.0,0.0,0.0,0.0,0.0,0.0,-9.00909999999999
73.87462,10.783333333333331,0.0,0.0,0.0,0.0,0.0,0.0,0.0,-5.405459999999991
73.87462,10.866666666666667,0.0,0.0,0.0,0.0,0.0,0.0,0.0,5.405460000000019
72.0728,10.95,-1.801819999999992,0.0,0.0,0.0,0.0,0.0,0.0,21.62184000000001
70.27098,11.033333333333331,-1.8018200000000064,0.0,0.0,0.0,0.0,0.0,0.0,-3.603639999999984
70.27098,11.116666666666667,0.0,0.0,0.0,0.0,0.0,0.0,0.1965026356963644,39.64004
68.46916,11.2,-1.801819999999992,0.0,0.0,0.0,0.0,0.0,0.1965026356963644,61.261880000000005
66.66734000000001,11.283333333333331,-1.801819999999992,0.0,0.0,0.0,0.0,0.0,0.1965026356963644,81.08189999999998
64.86552,11.366666666666667,-1.8018200000000064,0.0,0.0,0.0,0.0,0.0,0.3713458638149669,97.29828
61.26188,11.45,-3.6036400000000057,0.0,0.0,0.0,0.0,0.0,0.3713458638149669,115.31648
61.26188,11.533333333333331,0.0,0.0,0.0,0.0,0.0,0.0,0.3713458638149669,126.12740000000002
61.26188,11.616666666666667,0.0,0.0,0.0,0.0,0.0,0.0,0.5254151221349114,136.93832
64.86552,11.7,3.6036400000000057,0.0,0.0,0.0,0.0,0.0,0.5254151221349114,140.54196000000002
68.46916,11.783333333333331,3.603639999999998,0.0,0.0,0.0,0.0,0.0,0.659595848435302,144.1456
79.28008000000001,11.866666666666667,10.81092000000001,0.0,0.0,0.0,0.0,0.0,0.659595848435302,136.93831999999998
93.69464,11.95,14.414559999999994,0.0219655491641724,0.9800360032963076,0.0130192410567972,0.1284871201374361,0.0232143285301591,0.659595848435302,127.92922
66.66734000000001,12.0,-27.027299999999997,0.1845106129790488,0.9800360032963076,0.0130192410567972,0.1284871201374361,0.0232143285301591,0.7747734804952423,156.75833999999998
109.91102,12.033333333333331,43.24367999999998,0.6589664749251745,0.9800360032963076,0.050341065419616,0.2615875718400465,0.0897620703166151,0.7747734804952423,115.31648
129.73104,12.116666666666667,19.820020000000017,1.0777762789887295,2.0040208753395974,0.1093616248770968,0.2615875718400465,0.0897620703166151,0.871833456093836,95.49645999999998
147.74924,12.2,18.01819999999998,1.537588441492074,2.0040208753395974,0.1874770712178803,0.3979379958415205,0.1950003596533364,0.871833456093836,77.47826
162.1638,12.283333333333331,14.414560000000025,2.2273066852470897,3.0606493124436547,0.1874770712178803,0.3979379958415205,0.1950003596533364,0.871833456093836,59.46006
176.57836,12.366666666666667,14.414559999999994,2.6358658997006983,3.0606493124436547,0.282083556230607,0.5361750328755476,0.334286330834291,0.9516612130101876,39.64004
187.38928,12.45,10.81092000000001,3.0839631026498164,4.138616010922267,0.3905772317039174,0.6749353236758169,0.334286330834291,0.9516612130101876,23.423659999999984
198.2002,12.533333333333331,10.810919999999982,3.2289357271333556,4.138616010922267,0.5103542494264521,0.6749353236758169,0.5029771181534473,1.015142189023401,7.207280000000026
205.40748,12.616666666666667,7.207280000000026,2.9521698076647818,5.22661566708922,0.6388107611868515,0.8128555089760172,0.5029771181534473,1.015142189023401,-3.6036400000000417
212.61476,12.7,7.207279999999997,2.135051378757565,5.22661566708922,0.6388107611868515,0.8128555089760172,0.6964298559047729,1.0631618219125794,-14.414560000000025
216.2184,12.783333333333331,3.603639999999984,0.6589664749251739,6.313342977258296,0.7733429187737564,0.9485722295098388,0.6964298559047729,1.0631618219125794,-18.018200000000007
221.62386,12.866666666666667,5.405460000000005,0.0,6.313342977258296,0.9113468739758074,0.9485722295098388,0.9100016783822368,1.096605549456827,-23.423660000000012
223.42568,12.95,1.801819999999992,0.0,7.387492637743288,1.050218778581645,1.0807221260109707,0.9100016783822368,1.096605549456827,-21.62184000000002
225.2275,13.033333333333331,1.801819999999992,0.0,8.437759344857977,1.187354784379909,1.2079418392131016,0.9100016783822368,1.1163588094352477,-23.423660000000012
225.2275,13.116666666666667,0.0,0.0,8.437759344857977,1.3201510431592411,1.2079418392131016,1.1390497198798064,1.1163588094352477,-21.621839999999963
225.2275,13.2,0.0,0.0,9.452837794916146,1.3201510431592411,1.3288680098499217,1.1390497198798064,1.1233070396269451,-23.423660000000012
221.62386,13.283333333333331,-3.603639999999984,0.0,10.42142268423159,1.446003706708281,1.3288680098499217,1.3789311146914502,1.1183356778110238,-21.62184000000002
216.2184,13.366666666666667,-5.405460000000005,0.0,10.42142268423159,1.5623089268156698,1.44213727865512,1.3789311146914502,1.1183356778110238,-21.62183999999999
210.81294,13.45,-5.405460000000005,0.0,11.332208709118088,1.6664628552700478,1.5463862863623847,1.3789311146914502,1.1023301617665873,-21.62183999999999
205.40748,13.533333333333331,-5.405459999999977,0.0,11.332208709118088,1.7558616438600554,1.5463862863623847,1.625002997111137,1.1023301617665873,-23.423660000000012
201.80384,13.616666666666667,-3.6036400000000417,0.0,12.173890565889424,1.7558616438600554,1.6402516737054067,1.625002997111137,1.0761759292727393,-28.82911999999999
198.2002,13.7,-3.603639999999984,0.0,12.935162950859391,1.8279014443743336,1.6402516737054067,1.625002997111137,1.040758418108584,-34.234579999999994
198.2002,13.783333333333331,0.0,0.0,12.935162950859391,1.8799784086015223,1.7223700814178746,1.8726225014328344,0.9969630660532252,-43.24368000000001
198.2002,13.866666666666667,0.0,0.0,13.604720560341768,1.909488688330263,1.791378150233478,1.8726225014328344,0.9969630660532252,-54.05459999999999
201.80384,13.95,3.603639999999984,0.0,14.171258090650348,1.909488688330263,1.791378150233478,2.1171467619505098,0.9456753108857664,-66.66733999999997
201.80384,14.033333333333331,0.0,0.0,14.171258090650348,1.913828435349196,1.8459125208859055,2.1171467619505098,0.887780590385312,-75.67643999999999
203.60566000000003,14.116666666666667,1.801820000000049,0.0,14.623470238098912,1.8903938014469608,1.8846098341088475,2.1171467619505098,0.8241643423309657,-84.68554000000003
201.80384,14.2,-1.801820000000049,0.0,14.950051699001246,1.8903938014469608,1.8846098341088475,2.353932912958133,0.7557120045018313,-90.09099999999998
200.00202,14.283333333333331,-1.801819999999992,0.0,14.950051699001246,1.8365809384121987,1.906106730635992,2.353932912958133,0.6833090146770124,-97.29827999999998
194.59656,14.366666666666667,-5.405459999999977,0.0,15.139697169671136,1.7497859980335504,1.9090398512010296,2.353932912958133,0.6078408106356137,-99.1001
189.1911,14.45,-5.405460000000005,0.0,15.181101346422372,1.7497859980335504,1.9090398512010296,2.5783380887496703,0.5301928301567386,-99.1001
181.98382,14.533333333333331,-7.207279999999997,0.0,15.181101346422372,1.6274051320996563,1.892045836537649,2.5783380887496703,0.451250511019491,-95.49646
172.97472,14.616666666666667,-9.009100000000018,0.0,15.062958925568736,1.6274051320996563,1.892045836537649,2.5783380887496703,0.3718992910029748,-88.28917999999999
163.96562,14.7,-9.00909999999999,0.0,15.062958925568736,1.4668344923991572,1.8537613273795397,2.7857194236190925,0.2155118994485517,-82.88372
154.95651999999998,14.783333333333331,-9.009100000000018,0.0,14.773964603424016,1.2654702307206924,1.79282296446039,2.7857194236190925,0.140246603468853,-75.67643999999997
144.1456,14.866666666666667,-10.810919999999982,0.0,14.773964603424016,1.2654702307206924,1.79282296446039,2.7857194236190925,0.0,-66.66734000000001
135.1365,14.95,-9.00909999999999,0.0,14.302813076301993,1.0207084988529045,1.7078673885138904,2.971434051860365,0.0,-61.26188000000002
126.1274,15.033333333333331,-9.009100000000018,0.0,14.302813076301993,1.0207084988529045,1.5975312402737296,2.971434051860365,0.0,-54.05459999999999
118.92012,15.116666666666667,-7.207279999999997,0.0,13.638199040516456,0.729945448584433,1.5975312402737296,3.130839107767457,0.0,-48.64914
111.71284,15.2,-7.207279999999997,0.0,13.638199040516456,0.729945448584433,1.4604511604735977,3.130839107767457,0.0,-43.24368
102.70374,15.283333333333331,-9.00909999999999,0.0,12.768817192381194,0.3905772317039171,1.2952637898471833,3.130839107767457,0.0,-36.0364
95.49646,15.366666666666667,-7.2072800000000115,0.0,12.768817192381194,0.3905772317039171,1.2952637898471833,3.2592917256343377,0.0,-28.82911999999999
90.091,15.45,-5.405459999999991,0.0,11.68336222820999,0.0,1.100605769128175,3.2592917256343377,0.0,-23.42366
86.48736,15.533333333333331,-3.603640000000013,0.0,11.68336222820999,0.0,1.100605769128175,3.2592917256343377,0.0,-18.018199999999993
84.68554,15.616666666666667,-1.801819999999992,0.0,10.370528844316633,0.0,0.8751137390502639,3.3521490397549742,0.0,-12.612740000000002
81.0819,15.7,-3.603639999999998,0.0,10.370528844316633,0.0,0.6174243403471383,3.3521490397549742,0.0,-3.603640000000013
79.28008000000001,15.783333333333331,-1.801819999999992,0.0,10.370528844316633,0.0,0.6174243403471383,3.3521490397549742,0.0,7.207279999999983
77.47825999999999,15.866666666666667,-1.8018200000000208,0.0,8.819011737014899,0.0,0.3261742137524865,3.404768184423335,0.0,19.820020000000017
73.87462,15.95,-3.603639999999998,0.0,8.819011737014899,0.0,0.3261742137524865,3.404768184423335,0.0,36.0364
72.0728,16.033333333333335,-1.801819999999992,0.0,7.017505602618586,0.0,0.0,3.404768184423335,0.0,50.450959999999995
70.27098,16.116666666666667,-1.8018200000000064,0.0,7.017505602618586,0.0,0.0,3.4125062939333883,0.0,64.86552000000002
68.46916,16.2,-1.801819999999992,0.0,7.017505602618586,0.0,0.0,3.4125062939333883,0.0,79.28007999999998
66.66734000000001,16.283333333333335,-1.801819999999992,0.0,4.9547051374414774,0.0,0.0,3.3707205025791014,0.0,91.89282
66.66734000000001,16.366666666666667,0.0,0.0,4.9547051374414774,0.0,0.0,3.3707205025791014,0.0,99.10009999999998
66.66734000000001,16.45,0.0,0.0,4.9547051374414774,0.0,0.0,3.3707205025791014,0.0,104.50556
68.46916,16.533333333333335,1.801819999999992,0.0,2.6193050377973477,0.0,0.0,3.274767944654444,0.0,106.30737999999998
72.0728,16.616666666666667,3.603639999999998,0.0,2.6193050377973477,0.0,0.0,3.274767944654444,0.0,102.70373999999998
77.47825999999999,16.7,5.405459999999991,0.0,2.6193050377973477,0.0,0.0,3.274767944654444,0.0,97.29828
86.48736,16.783333333333335,9.009100000000004,0.0,0.0,0.0,0.0,3.1200057544533832,0.0,84.68554
97.29828,16.866666666666667,10.81092000000001,0.0,0.0,0.0,0.0,3.1200057544533832,0.0,72.0728
109.91102,16.95,12.612739999999988,0.0,0.0,0.0,0.0,2.9017910662698876,0.0,55.85642
122.52376,17.033333333333335,12.612740000000002,0.0,0.0,0.0,0.0,2.9017910662698876,0.0,37.83822000000002
135.1365,17.116666666666667,12.612740000000016,0.0,0.0,0.0,0.0,2.9017910662698876,0.0,21.621839999999963
147.74924,17.2,12.612739999999974,0.0,0.0,0.0,0.0,2.6154810143979264,0.0,5.405460000000005
158.56016000000002,17.283333333333335,10.810920000000038,0.0,0.0,0.0,0.0,2.6154810143979264,0.0,-9.009100000000018
165.76744,17.366666666666667,7.207279999999969,0.0,0.0,0.0,0.0,2.256432733131464,0.0,-18.018200000000007
171.1729,17.45,5.405460000000005,0.0,0.0,0.0,0.0,2.256432733131464,0.0,-27.027299999999997
174.77653999999998,17.533333333333335,3.603639999999984,0.0,0.0,0.0,0.0,1.8200033567644736,0.0,-34.234579999999994
174.77653999999998,17.616666666666667,0.0,0.0,0.0,0.0,0.0,1.8200033567644736,0.0,-37.83821999999998
174.77653999999998,17.7,0.0,0.0,0.0,0.0,0.0,1.301550019590921,0.0,-39.64003999999997
171.1729,17.783333333333335,-3.603639999999984,0.0,0.0,0.0,0.0,1.301550019590921,0.0,-37.83821999999998
169.37108,17.866666666666667,-1.801819999999992,0.0,0.0,0.0,0.0,0.6964298559047725,0.0,-37.83822000000001
165.76744,17.95,-3.603640000000013,0.0,0.0,0.0,0.0,0.6964298559047725,0.0,-34.234579999999994
160.36198000000002,18.033333333333335,-5.405459999999977,0.0,0.0,0.0,0.0,0.6964298559047725,0.0,-3.6036400000000417
156.75833999999998,18.116666666666667,-3.6036400000000417,0.0,0.0,0.0,0.0,0.0,0.1965026356963644,-23.423659999999956
153.1547,18.2,-3.603639999999984,0.0,0.0,0.0,0.0,0.0,0.1965026356963644,-18.01819999999998
149.55106,18.283333333333335,-3.603639999999984,0.0530834104800835,1.4000514332804392,0.0195288615851958,0.5139484805497445,0.0193452737751325,0.1965026356963644,-9.009100000000018
147.74924,18.366666666666667,-1.8018200000000208,0.1976899424775523,1.4000514332804392,0.075511598129424,0.5139484805497445,0.0748017252638459,0.3713458638149669,1.8018200000000208
144.1456,18.45,-3.603639999999984,0.5381559545222258,2.8628869647708535,0.1640424373156453,1.0463502873601862,0.0748017252638459,0.3713458638149669,16.216380000000015
140.54196,18.533333333333335,-3.603640000000013,0.8154710127199033,2.8628869647708535,0.1640424373156453,1.591751983366082,0.1625002997111136,0.3713458638149669,30.63094000000001
136.93832,18.616666666666667,-3.603639999999984,1.107429770360363,4.372356160633792,0.2812156068268205,1.591751983366082,0.1625002997111136,0.5254151221349114,46.84732
135.1365,18.7,-1.801819999999992,1.52477520447964,4.372356160633792,0.4231253343459106,2.1447001315021903,0.2785719423619092,0.5254151221349114,57.65823999999998
133.33468000000002,18.783333333333335,-1.801819999999992,1.8515127482967055,5.91230858703181,0.5858658475558762,2.1447001315021903,0.2785719423619092,0.659595848435302,66.66733999999997
131.53286,18.866666666666667,-1.8018200000000208,1.9823908120665663,5.91230858703181,0.5858658475558762,2.6997412947032675,0.419147598461206,0.659595848435302,72.07280000000003
131.53286,18.95,0.0,1.9933735866486528,7.466593810127457,0.7655313741396781,2.6997412947032675,0.419147598461206,0.659595848435302,70.27097999999998
156.75833999999998,19.0,25.225479999999976,1.7160585284509755,7.466593810127457,0.9582161417802773,3.251422035904069,0.419147598461206,0.7747734804952423,39.64004000000003
133.33468000000002,19.033333333333335,-23.423659999999956,1.076311909044452,9.01906139608328,1.160014378160635,3.251422035904069,0.5803582132539774,0.7747734804952423,57.65823999999998
135.1365,19.116666666666667,1.801819999999992,0.0,9.01906139608328,1.3670203109637111,3.794288918039355,0.5803582132539774,0.871833456093836,50.45096000000001
140.54196,19.2,5.405459999999977,0.0,10.55356091106184,1.3670203109637111,4.322888504043883,0.7583347319851973,0.871833456093836,41.44186000000002
149.55106,19.283333333333335,9.009100000000018,0.0,10.55356091106184,1.5753281678724675,4.322888504043883,0.7583347319851973,0.871833456093836,30.63094000000001
160.36198000000002,19.366666666666667,10.81092000000001,0.0,12.05394192122568,1.7810321765698636,4.831767356852406,0.9492080998998388,0.9516612130101876,19.82002
171.1729,19.45,10.810919999999982,0.0,13.504053992737353,1.9802265647388615,4.831767356852406,0.9492080998998388,0.9516612130101876,9.009100000000018
183.78564,19.533333333333335,12.612740000000002,0.0,13.504053992737353,2.1690055600624216,5.315472039399687,0.9492080998998388,1.015142189023401,-3.603639999999984
192.79474,19.616666666666667,9.00909999999999,0.0,14.887746691759416,2.343463390223505,5.7685491146204795,1.1491092622428754,1.015142189023401,-12.612739999999974
200.00202,19.7,7.207279999999997,0.0,14.887746691759416,2.343463390223505,5.7685491146204795,1.1491092622428754,1.0631618219125794,-21.62183999999999
203.60566000000003,19.783333333333335,3.6036400000000417,0.0,16.18886958445441,2.4996942829050717,6.185545145449539,1.1491092622428754,1.0631618219125794,-27.027300000000025
201.80384,19.866666666666667,-1.801820000000049,0.0,17.39127223698489,2.633792465790083,6.561006694821627,1.354169164259281,1.096605549456827,-32.43275999999997
196.39838,19.95,-5.405459999999977,0.0,17.39127223698489,2.7418521665615003,6.561006694821627,1.354169164259281,1.096605549456827,-34.234579999999994
190.99292,20.033333333333335,-5.405460000000005,0.0,18.478804215513417,2.7418521665615003,6.8894803256714985,1.5605187511940288,1.1163588094352477,-37.83822000000001
185.58746,20.116666666666667,-5.405459999999977,0.0,19.435315086202525,2.8199676129022837,6.8894803256714985,1.5605187511940288,1.1163588094352477,-43.24368000000001
181.98382,20.2,-3.603640000000013,0.0,19.435315086202525,2.8642330324953944,7.165512600933912,1.5605187511940288,1.1233070396269451,-48.64913999999999
180.182,20.283333333333335,-1.801819999999992,0.0,20.244654415214782,2.8707426530237936,7.383650083543623,1.7642889682920917,1.1183356778110238,-55.856420000000014
180.182,20.366666666666667,0.0,0.0,20.890671768712732,2.8707426530237936,7.383650083543623,1.7642889682920917,1.1183356778110238,-63.06370000000001
180.182,20.45,0.0,0.0,20.890671768712732,2.835590702170441,7.53843933643539,1.7642889682920917,1.1023301617665873,-70.27098000000002
180.182,20.533333333333335,0.0,0.0,21.35721671285892,2.754871407618298,7.624426922543969,1.961610760798444,1.1023301617665873,-75.67644000000001
180.182,20.616666666666667,0.0,0.0,21.62813881381591,2.754871407618298,7.624426922543969,1.961610760798444,1.0761759292727393,-79.28008000000003
178.38018,20.7,-1.8018200000000208,0.0,21.62813881381591,2.6246789970503257,7.636159404804119,1.961610760798444,1.040758418108584,-81.08189999999999
176.57836,20.783333333333335,-1.801819999999992,0.0,21.687287637746245,2.4411076981494846,7.636159404804119,2.1486150739580587,0.9969630660532252,-81.0819
169.37108,20.866666666666667,-7.207279999999997,0.0,21.51851275081248,2.4411076981494846,7.568183346150596,2.1486150739580587,0.9969630660532252,-73.87462000000001
162.1638,20.95,-7.207279999999997,0.0,21.51851275081248,2.2002517385987357,7.415045309518158,2.3214328530159105,0.9456753108857664,-66.66734000000001
153.1547,21.033333333333335,-9.009100000000018,0.0,21.10566371917717,2.2002517385987357,7.415045309518158,2.3214328530159105,0.887780590385312,-57.65823999999999
142.34378,21.116666666666667,-10.810919999999982,0.0,21.10566371917717,1.8982053460810384,7.17129185784156,2.3214328530159105,0.8241643423309657,-45.0455
133.33468000000002,21.2,-9.00909999999999,0.0,20.432590109002845,1.8982053460810384,6.831469554055562,2.4761950432169706,0.7557120045018313,-30.63094000000001
124.32558,21.283333333333335,-9.009100000000018,0.0,20.432590109002845,1.5310627482793566,6.831469554055562,2.4761950432169706,0.6833090146770124,-14.414560000000009
117.1183,21.366666666666667,-7.207279999999997,0.0,19.48314148645208,1.0949181728766495,6.3901249610949185,2.4761950432169706,0.6078408106356137,1.801819999999992
109.91102,21.45,-7.2072800000000115,0.0,19.48314148645208,1.0949181728766495,5.84180464189439,2.6090325898062146,0.5301928301567386,21.62184000000001
104.50556,21.533333333333335,-5.405459999999991,0.0,18.24116741768742,0.5858658475558757,5.84180464189439,2.6090325898062146,0.451250511019491,39.64004
100.90192,21.616666666666667,-3.603640000000013,0.0,18.24116741768742,0.5858658475558757,5.181055159388733,2.6090325898062146,0.3718992910029748,55.856419999999986
97.29828,21.7,-3.603639999999984,0.0,16.690517468871416,0.0,5.181055159388733,2.7160764380286144,0.2155118994485517,70.27098000000001
95.49646,21.783333333333335,-1.8018200000000064,0.0,16.690517468871416,0.0,4.4024230765127,2.7160764380286144,0.140246603468853,81.0819
95.49646,21.866666666666667,0.0,0.0,16.690517468871416,0.0,3.5004549562010556,2.7160764380286144,0.0,88.28918
95.49646,21.95,0.0,0.0,14.81504120616662,0.0,3.5004549562010556,2.793457533129145,0.0,95.49646
95.49646,22.033333333333335,0.0,0.0,14.81504120616662,0.0,2.4696973613885533,2.793457533129145,0.0,100.90192
97.29828,22.116666666666667,1.8018200000000064,0.0,12.59858819573557,0.0,1.304696855009946,2.837306820352779,0.0,106.30738000000002
102.70374,22.2,5.405460000000005,0.0,12.59858819573557,0.0,1.304696855009946,2.837306820352779,0.0,104.50556
109.91102,22.283333333333335,7.207279999999983,0.0,12.59858819573557,0.0,0.0,2.837306820352779,0.0,100.90192
118.92012,22.366666666666667,9.009100000000004,0.0,10.025008003740837,0.0,0.0,2.8437552449444903,0.0,93.69464000000002
131.53286,22.45,12.612740000000002,0.0,10.025008003740837,0.0,0.0,2.8437552449444903,0.0,82.88372000000001
144.1456,22.533333333333335,12.612740000000002,0.0,10.025008003740837,0.0,0.0,2.8437552449444903,0.0,70.27098000000001
156.75833999999998,22.616666666666667,12.612739999999974,0.0,7.078150196344968,0.0,0.0,2.8089337521492515,0.0,55.85642000000004
167.56926,22.7,10.810920000000038,0.0,7.078150196344968,0.0,0.0,2.8089337521492515,0.0,46.84732
176.57836,22.783333333333335,9.00909999999999,0.0,7.078150196344968,0.0,0.0,2.8089337521492515,0.0,39.64004
183.78564,22.866666666666667,7.207279999999997,0.0,3.7418643397104967,0.0,0.0,2.728973287212037,0.0,36.036399999999986
190.99292,22.95,7.207279999999997,0.0,3.7418643397104967,0.0,0.0,2.728973287212037,0.0,32.43276
196.39838,23.033333333333335,5.405460000000005,0.0,3.7418643397104967,0.0,0.0,2.6000047953778194,0.0,32.43275999999997
203.60566000000003,23.116666666666667,7.207280000000026,0.0,0.0,0.0,0.0,2.6000047953778194,0.0,30.63093999999998
207.2093,23.2,3.603639999999984,0.0,0.0,0.0,0.0,2.6000047953778194,0.0,34.234579999999994
210.81294,23.283333333333335,3.603639999999984,0.0,0.0,0.0,0.0,2.4181592218915733,0.0,36.036399999999986
212.61476,23.366666666666667,1.8018200000000208,0.0,0.0,0.0,0.0,2.4181592218915733,0.0,39.64003999999997
214.41658,23.45,1.801819999999992,0.0,0.0,0.0,0.0,2.1795675119982723,0.0,41.44185999999999
214.41658,23.533333333333335,0.0,0.0,0.0,0.0,0.0,2.1795675119982723,0.0,45.0455
212.61476,23.616666666666667,-1.801819999999992,0.0,0.0,0.0,0.0,2.1795675119982723,0.0,48.64913999999996
214.41658,23.7,1.801819999999992,0.0,0.0,0.0,0.0,1.880360610942887,0.0,46.84731999999997
216.2184,23.783333333333335,1.801819999999992,0.0,0.0,0.0,0.0,1.880360610942887,0.0,45.045499999999976
219.82204,23.866666666666667,3.603639999999984,0.0,0.0,0.0,0.0,1.5166694639703948,0.0,41.44185999999999
223.42568,23.95,3.603640000000013,0.0,0.0,0.0,0.0,1.5166694639703948,0.0,41.44185999999996
228.83114,0.0333333333333333,5.405459999999977,0.0,0.0,0.0,0.0,1.0846250163257678,0.0,37.838220000000064
234.2366,0.1166666666666666,5.4054600000000335,0.0,0.0,0.0,0.0,1.0846250163257678,0.0,36.036400000000015
241.44388,0.2,7.207279999999997,0.0,0.0,0.0,0.0,0.5803582132539771,0.0,34.23458000000002
246.84934,0.2833333333333333,5.405459999999977,0.0,0.0,0.0,0.0,0.5803582132539771,0.0,32.43276000000003
252.2548,0.3666666666666666,5.405460000000005,0.0,0.0,0.0,0.0,0.0,0.0,30.63094000000001
255.85844,0.45,3.603640000000013,0.0,0.0,0.0,0.0,0.0,0.0,30.63093999999998
259.46208,0.5333333333333333,3.603640000000013,0.0,0.0,0.0,0.0,0.0,0.0,30.63094000000001
261.2639,0.6166666666666667,1.801819999999964,0.0,0.0,0.0,0.0,0.0,0.0,32.43276000000003
261.2639,0.7,0.0,0.0,0.0,0.0,0.0,0.0,0.0,34.234579999999994
261.2639,0.7833333333333333,0.0,0.0,0.0,0.0,0.0,0.0,0.0,36.036400000000015
261.2639,0.8666666666666667,0.0,0.0,0.0,0.0,0.0,0.0,0.0,39.64004
264.86753999999996,0.95,3.603639999999984,0.0,0.0,0.0,0.0,0.0,0.0,37.838220000000035
266.66936000000004,1.0333333333333334,1.8018200000000777,0.0,0.0,0.0,0.0,0.0,0.0,39.64003999999994
270.273,1.1166666666666667,3.603639999999984,0.0,0.0,0.0,0.0,0.0,0.0,39.64003999999994
275.67846000000003,1.2,5.405460000000005,0.0,0.0,0.0,0.0,0.0,0.0,36.036400000000015
279.2821,1.2833333333333332,3.603639999999984,0.0,0.0,0.0,0.0,0.0,0.0,34.23457999999994
282.88574,1.3666666666666667,3.603639999999984,0.0,0.0,0.0,0.0,0.0,0.0,32.43276000000003
286.48938,1.45,3.603639999999984,0.0,0.0,0.0,0.0,0.0,0.0,28.82912000000005
290.09302,1.5333333333333332,3.6036400000000417,0.0,0.0,0.0,0.0,0.0,0.0,25.225480000000005
293.69666,1.6166666666666667,3.603639999999984,0.0,0.0,0.0,0.0,0.0,0.0,21.62184000000002
295.49848,1.7,1.801819999999964,0.0,0.0,0.0,0.0,0.0,0.0,21.621840000000077
297.3003,1.7833333333333332,1.8018200000000208,0.0,0.0,0.0,0.0,0.0,0.0,21.62184000000002
300.90394,1.8666666666666667,3.603639999999984,0.0,0.0,0.0,0.0,0.0,0.0,18.018200000000036
302.70576,1.95,1.8018200000000208,0.0,0.0,0.0,0.0,0.0,0.0,18.018200000000036
306.3094,2.033333333333333,3.603639999999984,0.0,0.0,0.0,0.0,0.0,0.0,16.216380000000015
309.91303999999997,2.1166666666666667,3.603639999999984,0.0,0.0,0.0,0.0,0.0,0.0,14.414560000000051
311.71486000000004,2.2,1.8018200000000777,0.0,0.0,0.0,0.0,0.0,0.0,16.21637999999996
313.51667999999995,2.283333333333333,1.801819999999907,0.0,0.0,0.0,0.0,0.0,0.0,18.018200000000036
315.31850000000003,2.3666666666666667,1.8018200000000777,0.0,0.0,0.0,0.0,0.0,0.0,18.01819999999998
315.31850000000003,2.45,0.0,0.0,0.0,0.0,0.0,0.0,0.0,23.423659999999984
315.31850000000003,2.533333333333333,0.0,0.0,0.0,0.0,0.0,0.0,0.0,25.225479999999948
315.31850000000003,2.6166666666666667,0.0,0.0,0.0,0.0,0.0,0.0,0.0,25.225479999999948
317.12032000000005,2.7,1.8018200000000208,0.0,0.0,0.0,0.0,0.0,0.0,23.423659999999927
318.92214,2.783333333333333,1.801819999999964,0.0,0.0,0.0,0.0,0.0,0.0,19.82002
318.92214,2.8666666666666667,0.0,0.0,0.0,0.0,0.0,0.0,0.0,18.01819999999998
320.72396000000003,2.95,1.8018200000000208,0.0,0.0,0.0,0.0,0.0,0.0,14.414559999999994
322.52578,3.033333333333333,1.801819999999964,0.0,0.0,0.0,0.0,0.0,0.0,10.81092000000001
324.3276,3.1166666666666667,1.8018200000000208,0.0,0.0,0.0,0.0,0.0,0.0,9.00909999999999
327.93124,3.2,3.603639999999984,0.0,0.0,0.0,0.0,0.0,0.0,5.405460000000005
331.53488,3.283333333333333,3.603639999999984,0.0,0.0,0.0,0.0,0.0,0.0,1.8018200000000208
333.3367,3.3666666666666667,1.8018200000000208,0.0,0.0,0.0,0.0,0.0,0.0,0.0
338.74216,3.45,5.405460000000005,0.0,0.0,0.0,0.0,0.0,0.0,-7.207280000000026
340.54398,3.533333333333333,1.801819999999964,0.0,0.0,0.0,0.0,0.0,0.0,-10.810919999999951
340.54398,3.6166666666666663,0.0,0.0,0.0,0.0,0.0,0.0,0.0,-10.810919999999951
340.54398,3.7,0.0,0.0,0.0,0.0,0.0,0.0,0.0,-12.612739999999974
338.74216,3.783333333333333,-1.801819999999964,0.0,0.0,0.0,0.0,0.0,0.0,-12.612739999999974
336.94034,3.8666666666666663,-1.8018200000000208,0.0,0.0,0.0,0.0,0.0,0.0,-12.612739999999974
335.13852,3.95,-1.801819999999964,0.0,0.0,0.0,0.0,0.0,0.0,-10.81092000000001
333.3367,4.033333333333333,-1.8018200000000208,0.0,0.0,0.0,0.0,0.0,0.0,-9.00909999999999
333.3367,4.116666666666666,0.0,0.0,0.0,0.0,0.0,0.0,0.0,-10.81092000000001
333.3367,4.2,0.0,0.0,0.0,0.0,0.0,0.0,0.0,-10.81092000000001
333.3367,4.283333333333333,0.0,0.0,0.0,0.0,0.0,0.0,0.0,-10.81092000000001
333.3367,4.366666666666666,0.0,0.0,0.0,0.0,0.0,0.0,0.0,-10.81092000000001
331.53488,4.45,-1.8018200000000208,0.0,0.0,0.0,0.0,0.0,0.0,-10.810919999999951
329.73306,4.533333333333333,-1.801819999999964,0.0,0.0,0.0,0.0,0.0,0.0,-10.81092000000001
329.73306,4.616666666666667,0.0,0.0,0.0,0.0,0.0,0.0,0.0,-14.414559999999994
327.93124,4.7,-1.8018200000000208,0.0,0.0,0.0,0.0,0.0,0.0,-16.21637999999996
326.12942000000004,4.783333333333333,-1.801819999999964,0.0,0.0,0.0,0.0,0.0,0.0,-16.216380000000072
324.3276,4.866666666666667,-1.8018200000000208,0.0,0.0,0.0,0.0,0.0,0.0,-18.018200000000036
324.3276,4.95,0.0,0.0,0.0,0.0,0.0,0.0,0.0,-21.62184000000002
324.3276,5.033333333333333,0.0,0.0,0.0,0.0,0.0,0.0,0.0,-23.42366000000004
322.52578,5.116666666666666,-1.8018200000000208,0.0,0.0,0.0,0.0,0.0,0.0,-23.423659999999984
322.52578,5.2,0.0,0.0,0.0,0.0,0.0,0.0,0.0,-25.225480000000005
322.52578,5.283333333333333,0.0,0.0,0.0,0.0,0.0,0.0,0.0,-27.027300000000025
322.52578,5.366666666666666,0.0,0.0,0.0,0.0,0.0,0.0,0.0,-30.63094000000001
320.72396000000003,5.45,-1.801819999999964,0.0,0.0,0.0,0.0,0.0,0.0,-30.63094000000001
318.92214,5.533333333333333,-1.8018200000000208,0.0,0.0,0.0,0.0,0.0,0.0,-30.63094000000001
315.31850000000003,5.616666666666667,-3.603639999999984,0.0,0.0,0.0,0.0,0.0,0.0,-28.82912000000005
311.71486000000004,5.7,-3.603639999999984,0.0,0.0,0.0,0.0,0.0,0.0,-27.027300000000025
309.91303999999997,5.783333333333333,-1.8018200000000777,0.0,0.0,0.0,0.0,0.0,0.0,-28.82911999999999
306.3094,5.866666666666667,-3.603639999999984,0.0,0.0,0.0,0.0,0.0,0.0,-28.82911999999999
302.70576,5.95,-3.603639999999984,0.0,0.0,0.0,0.0,0.0,0.0,-28.82911999999999
300.90394,6.033333333333333,-1.8018200000000208,0.0,0.0,0.0,0.0,0.0,0.0,-34.23457999999994
299.10212,6.116666666666666,-1.801819999999964,0.0,0.0,0.0,0.0,0.0,1.1790158141781863,-30.63094000000001
297.3003,6.2,-1.8018200000000208,0.0,0.0,0.0,0.0,0.0,1.1790158141781863,-34.234579999999994
295.49848,6.283333333333333,-1.8018200000000208,0.0,0.0,0.0,0.0,0.0,1.1790158141781863,-37.83821999999998
291.89484,6.366666666666666,-3.603639999999984,0.0,0.0,0.0,0.0,0.0,2.2280751828898016,-37.83821999999998
290.09302,6.45,-1.801819999999964,0.0,0.0,0.0,0.0,0.0,2.2280751828898016,-39.64004000000003
288.2912,6.533333333333333,-1.8018200000000208,0.0,0.0,0.0,0.0,0.0,2.2280751828898016,-37.83822000000001
286.48938,6.616666666666667,-1.8018200000000208,0.0,0.0,0.0,0.0,0.0,3.1524907328094685,-34.234579999999994
284.68756,6.7,-1.801819999999964,0.0,0.0,0.0,0.0,0.0,3.1524907328094685,-28.829120000000017
281.08392,6.783333333333333,-3.6036400000000417,0.0,0.0,0.0,0.0,0.0,3.6892136380110303,-25.225479999999976
277.48028,6.866666666666667,-3.603639999999984,0.0,0.0,0.0,0.0,0.0,3.957575090611812,-23.423659999999984
273.87664,6.95,-3.603639999999984,0.0,0.0,0.0,0.0,0.0,3.957575090611812,-27.027300000000025
266.66936000000004,7.0,-7.207279999999969,0.0,0.0,0.0,0.0,0.0,4.648640882971454,-34.23458000000002
268.47118,7.033333333333333,1.801819999999964,0.0,0.0,0.0,0.0,0.0,4.648640882971454,-54.05459999999999
263.06572,7.116666666666666,-5.405460000000005,0.0,0.0,0.0,0.0,0.0,5.036880785365828,-70.27098000000001
257.66026,7.2,-5.405460000000005,0.0,0.0,0.0,0.0,0.0,5.231000736563016,-88.28917999999999
254.05662,7.283333333333333,-3.603639999999984,0.0,0.0,0.0,0.0,0.0,5.231000736563016,-106.30738000000002
250.45298,7.366666666666666,-3.603640000000013,0.0,0.0,0.0,0.0,0.0,5.709967278061126,-124.32558
250.45298,7.45,0.0,0.0,0.0,0.0,0.0,0.0,5.709967278061126,-140.54196000000002
252.2548,7.533333333333333,1.801819999999992,0.0,0.0,0.0,0.0,0.0,6.0908531341404055,-158.56016
255.85844,7.616666666666667,3.603640000000013,0.0,0.0,0.0,0.0,0.0,6.0908531341404055,-174.77654
255.85844,7.7,0.0,0.0,0.0,0.0,0.0,0.0,6.378970931475476,-185.58746
254.05662,7.783333333333333,-1.801819999999992,0.0,0.0,0.0,0.0,0.0,6.378970931475476,-194.59656
246.84934,7.866666666666667,-7.207280000000026,0.0,0.0,0.0,0.0,0.0,6.579633296740962,-196.39837999999995
232.43478,7.95,-14.414559999999966,0.0,0.0,0.0,0.0,0.0,6.579633296740962,-189.1911
214.41658,8.033333333333333,-18.018200000000007,0.0,0.0,0.0,0.0,0.0,6.698152856611486,-174.77654
192.79474,8.116666666666667,-21.62184000000002,0.0,0.0,0.0,0.0,0.0,6.698152856611486,-153.1547
169.37108,8.2,-23.423659999999984,0.0,0.0,0.0,0.0,0.0,6.739842237761671,-129.73104
147.74924,8.283333333333333,-21.62184000000002,0.0,0.0,0.0,0.0,0.0,6.719956790497985,-108.1092
126.1274,8.366666666666667,-21.62183999999999,0.0,0.0,0.0,0.0,0.0,6.710014066866143,-86.48736
109.91102,8.45,-16.21638,0.0,0.0,0.0,0.0,0.0,6.613980970599524,-70.27097999999998
93.69464,8.533333333333333,-16.216379999999987,0.0,0.0,0.0,0.0,0.0,6.613980970599524,-54.0546
81.0819,8.616666666666667,-12.612740000000002,0.0,0.0,0.0,0.0,0.0,6.457055575636436,-41.44186
70.27098,8.7,-10.81092000000001,0.0,0.0,0.0,0.0,0.0,6.244550508651504,-30.63093999999999
59.46006,8.783333333333333,-10.810919999999996,0.0,0.0,0.0,0.0,0.0,6.069369100430069,-19.820019999999992
50.450959999999995,8.866666666666667,-9.009100000000004,0.0,0.0,0.0,0.0,0.0,5.981778396319351,-10.810919999999989
43.24368,8.95,-7.207279999999997,0.0,0.0,0.0,0.0,0.0,5.674051865314599,-3.603639999999991
39.640040000000006,9.033333333333331,-3.603639999999991,0.0,0.0,0.0,0.0,0.0,5.442472983312781,1.801819999999992
39.640040000000006,9.116666666666667,0.0,0.0,0.0,0.0,0.0,0.0,5.326683542311872,0.0
39.640040000000006,9.2,0.0,0.0,0.0,0.0,0.0,0.0,4.944986053985794,0.0
39.640040000000006,9.283333333333331,0.0,0.0,0.0,0.0,0.0,0.0,4.534272027010988,7.207279999999997
39.640040000000006,9.366666666666667,0.0,0.0,0.0,0.0,0.0,0.0,4.099854088062075,19.820019999999992
39.640040000000006,9.45,0.0,0.0,0.0,0.0,0.0,0.0,3.647044863813682,37.838219999999986
39.640040000000006,9.533333333333331,0.0,0.0,0.0,0.0,0.0,0.0,3.1811569809404316,59.46005999999999
39.640040000000006,9.616666666666667,0.0,0.0,0.0,0.0,0.0,0.0,2.7075030661169457,84.68554
39.640040000000006,9.7,0.0,0.0,0.0,0.0,0.0,0.0,2.231395746017849,111.71284
39.640040000000006,9.783333333333331,0.0,0.0,0.0,0.0,0.0,0.0,1.2930713966913108,136.93832
39.640040000000006,9.866666666666667,0.0,0.0,0.0,0.0,0.0,0.0,0.8414796208131183,158.56016
39.640040000000006,9.95,0.0,0.0,0.0,0.0,0.0,0.0,0.0,176.57836
41.44186,10.0,1.801819999999992,0.0,0.0,0.0,0.0,0.0,0.0,190.99292000000003
39.640040000000006,10.033333333333331,-1.801819999999992,0.0,0.0,0.0,0.0,0.0,0.0,207.2093
39.640040000000006,10.116666666666667,0.0,0.0,0.0,0.0,0.0,0.0,0.0,218.02022
46.84732,10.2,7.207279999999997,0.0,0.0,0.0,0.0,0.0,0.0,221.62386
59.46006,10.283333333333331,12.612739999999995,0.0,0.0,0.0,0.0,0.0,0.0,216.21840000000003
77.47825999999999,10.366666666666667,18.018199999999993,0.0,0.0,0.0,0.0,0.0,0.0,203.60566
99.1001,10.45,21.62184000000001,0.0,0.0,0.0,0.0,0.0,0.0,185.58746
124.32558,10.533333333333331,25.225480000000005,0.0,0.0,0.0,0.0,0.0,0.0,162.16379999999998
151.35288,10.616666666666667,27.027299999999997,0.0,0.0,0.0,0.0,0.0,0.0,135.13649999999998
176.57836,10.7,25.225480000000005,0.0,0.0,0.0,0.0,0.0,0.0,106.30738
198.2002,10.783333333333331,21.62183999999999,0.0411854046828234,1.1200411466243514,0.0416615713817511,0.5139484805497445,0.0116071642650795,0.0,79.28008
216.2184,10.866666666666667,18.018200000000007,0.3459573993357166,1.1200411466243514,0.0416615713817511,0.5139484805497445,0.0116071642650795,0.0,57.658240000000006
232.43478,10.95,16.216380000000015,1.235562140484702,2.2903095718166826,0.1610914093427713,1.0463502873601862,0.0448810351583075,0.0,34.23458000000002
246.84934,11.033333333333331,14.414559999999966,2.0208305231038683,2.2903095718166826,0.34995719960671,1.0463502873601862,0.0448810351583075,0.0,12.61274000000003
257.66026,11.116666666666667,10.81092000000001,2.882978327797639,2.2903095718166826,0.5999266278972172,1.591751983366082,0.0975001798266682,0.0,-5.405460000000005
268.47118,11.2,10.81092000000001,4.176200034838294,3.497884928507034,0.5999266278972172,1.591751983366082,0.0975001798266682,0.0,-21.62184000000002
275.67846000000003,11.283333333333331,7.207280000000026,5.271731799401396,3.497884928507034,0.9026673799379424,2.1447001315021903,0.1671431654171455,0.0,-34.23458000000002
281.08392,11.366666666666667,5.405459999999948,5.782430817468406,4.729846869625448,1.2498471414525358,2.6997412947032675,0.1671431654171455,0.0,-43.24367999999998
284.68756,11.45,3.6036400000000417,6.054254488375042,4.729846869625448,1.6331335981646466,2.6997412947032675,0.2514885590767236,0.0,-50.45096000000001
286.48938,11.533333333333331,1.801819999999964,5.809887753923623,5.973275048101966,1.6331335981646466,2.6997412947032675,0.2514885590767236,0.0,-59.46006
286.48938,11.616666666666667,0.0,5.535318389371466,5.973275048101966,2.044194435797925,3.251422035904069,0.2514885590767236,0.3438796124686377,-54.054599999999965
282.88574,11.7,-3.603639999999984,4.003221335170434,5.973275048101966,2.044194435797925,3.251422035904069,0.3482149279523864,0.3438796124686377,-48.64913999999999
277.48028,11.783333333333331,-5.405460000000005,1.235562140484701,7.215249116866625,2.4746973400760206,3.794288918039355,0.3482149279523864,0.3438796124686377,-39.64004
273.87664,11.866666666666667,-3.603639999999984,0.0,8.442848728849473,2.9163099967225836,3.794288918039355,0.4550008391911183,0.6498552616761921,-30.63094000000001
266.66936000000004,11.95,-7.207279999999969,0.0,8.442848728849473,3.360700091461264,4.322888504043883,0.4550008391911183,0.6498552616761921,-16.216380000000044
259.46208,12.033333333333331,-7.207280000000026,0.0,9.643153536980543,3.7995353100157088,4.831767356852406,0.4550008391911183,0.6498552616761921,0.0
252.2548,12.116666666666667,-7.207280000000026,0.0,9.643153536980543,4.224483338109572,4.831767356852406,0.5695248599399032,0.9194764637360948,16.216380000000015
246.84934,12.2,-5.405460000000005,0.0,10.803243194189882,4.224483338109572,5.315472039399687,0.5695248599399032,0.9194764637360948,27.027300000000025
241.44388,12.283333333333331,-5.405459999999977,0.0,11.910197353407533,4.627211861466499,5.315472039399687,0.6894655573457251,1.1542927347617784,36.036399999999986
237.84024,12.366666666666667,-3.603640000000013,0.0,11.910197353407533,4.999388565810143,5.7685491146204795,0.6894655573457251,1.1542927347617784,37.838220000000035
234.2366,12.45,-3.603639999999984,0.0,12.951095667563528,5.332681136864153,6.185545145449539,0.6894655573457251,1.1542927347617784,36.036400000000015
227.02932,12.5,-7.207280000000026,0.0,12.951095667563528,5.618757260352178,6.185545145449539,0.8125014985555685,1.355853590866674,36.036400000000015
232.43478,12.533333333333331,5.4054600000000335,0.0,13.913017789587911,5.618757260352178,6.561006694821627,0.8125014985555685,1.355853590866674,23.423659999999984
234.2366,12.616666666666667,1.801819999999992,0.0,14.783043372410734,5.849284621997867,6.8894803256714985,0.8125014985555685,1.525708548164213,10.810919999999982
237.84024,12.7,3.603639999999984,0.0,15.548252068962022,6.015930907524872,6.8894803256714985,0.9363112507164172,1.525708548164213,-3.603639999999984
243.2457,12.783333333333331,5.405460000000005,0.0,15.548252068962022,6.110363802656842,7.165512600933912,0.9363112507164172,1.525708548164213,-19.82002
250.45298,12.866666666666667,7.207279999999997,0.0,16.195723532171826,6.110363802656842,7.165512600933912,1.0585733809752549,1.6654071227678284,-37.83821999999998
259.46208,12.95,9.009100000000018,0.0,16.712537414970186,6.1242509931174265,7.383650083543623,1.0585733809752549,1.6654071227678284,-57.658240000000035
268.47118,13.033333333333331,9.00909999999999,0.0,16.712537414970186,6.049260164630274,7.53843933643539,1.0585733809752549,1.7764988307909515,-79.28008
273.87664,13.116666666666667,5.405460000000005,0.0,17.08577337028714,6.049260164630274,7.53843933643539,1.1769664564790665,1.7764988307909515,-95.49646
277.48028,13.2,3.603639999999984,0.0,17.08577337028714,5.877059002919036,7.624426922543969,1.1769664564790665,1.8605331883470135,-108.1092
275.67846000000003,13.283333333333331,-1.801819999999964,0.0,17.302511051052726,5.599315193707361,7.636159404804119,1.1769664564790665,1.8605331883470135,-115.31648
270.273,13.366666666666667,-5.405460000000005,0.0,17.349830110196997,5.599315193707361,7.636159404804119,1.2891690443748351,1.9190597115494472,-117.11830000000003
263.06572,13.45,-7.207280000000026,0.0,17.349830110196997,5.2076964227189,7.568183346150596,1.2891690443748351,1.9190597115494472,-115.31648
255.85844,13.533333333333331,-7.207279999999997,0.0,17.214810200649985,4.693870375677303,7.568183346150596,1.2891690443748351,1.9536279165116832,-113.51466
245.04752,13.616666666666667,-10.81092000000001,0.0,17.214810200649985,4.693870375677303,7.415045309518158,1.3928597118095465,1.9536279165116832,-104.50556
234.2366,13.7,-10.810919999999982,0.0,16.884530975341733,4.049504738306216,7.17129185784156,1.3928597118095465,1.965787319347154,-95.49646
223.42568,13.783333333333331,-10.81092000000001,0.0,16.884530975341733,4.049504738306216,7.17129185784156,1.3928597118095465,1.957087436169292,-88.28917999999999
212.61476,13.866666666666667,-10.810919999999982,0.0,16.346072087202277,3.266267196329294,6.831469554055562,1.4857170259301824,1.957087436169292,-77.47826
201.80384,13.95,-10.810920000000038,0.0,15.586513189161664,3.266267196329294,6.3901249610949185,1.4857170259301824,1.929077783091528,-66.66733999999997
189.1911,14.033333333333331,-12.612739999999974,0.0,15.586513189161664,2.3358254354701855,6.3901249610949185,1.5654195538837286,1.929077783091528,-55.856419999999986
178.38018,14.116666666666667,-10.81092000000001,0.0,15.586513189161664,2.3358254354701855,5.84180464189439,1.5654195538837286,1.8833078762272937,-45.045499999999976
169.37108,14.2,-9.00909999999999,0.0,14.592933934149936,1.2498471414525347,5.181055159388733,1.5654195538837286,1.821327231690022,-37.83822000000001
160.36198000000002,14.283333333333331,-9.00909999999999,0.0,14.592933934149936,1.2498471414525347,5.181055159388733,1.6296458628171688,1.744685365593144,-28.829120000000017
153.1547,14.366666666666667,-7.207280000000026,0.0,13.352413975097132,0.0,4.4024230765127,1.6296458628171688,1.744685365593144,-23.423659999999984
147.74924,14.45,-5.405460000000005,0.0,13.352413975097132,0.0,4.4024230765127,1.6296458628171688,1.6549317940500914,-18.01819999999998
142.34378,14.533333333333331,-5.405459999999977,0.0,11.852032964933294,0.0,3.5004549562010556,1.6760745198774871,1.553616033174296,-14.414560000000009
140.54196,14.616666666666667,-1.8018200000000208,0.0,11.852032964933294,0.0,2.4696973613885533,1.6760745198774871,1.44228759907919,-14.414559999999994
138.74014,14.7,-1.801819999999992,0.0,11.852032964933294,0.0,2.4696973613885533,1.6760745198774871,1.3224960078782049,-12.612740000000002
135.1365,14.783333333333331,-3.603639999999984,0.0,10.078870556588456,0.0,1.304696855009946,1.7023840922116675,1.1957907756847717,-10.81092000000001
135.1365,14.866666666666667,0.0,0.0,10.078870556588456,0.0,1.304696855009946,1.7023840922116675,1.063721418612324,-10.81092000000001
135.1365,14.95,0.0,0.0,8.02000640299267,0.0,0.0,1.7023840922116675,0.9278374527742924,-12.612740000000016
133.33468000000002,15.033333333333331,-1.801819999999992,0.0,8.02000640299267,0.0,0.0,1.7062531469666942,0.7896883942841092,-10.810920000000024
133.33468000000002,15.116666666666667,0.0,0.0,8.02000640299267,0.0,0.0,1.7062531469666942,0.650823759255206,-12.612740000000016
131.53286,15.2,-1.8018200000000208,0.0,5.662520157075974,0.0,0.0,1.6853602512895507,0.3771458240349656,-12.612740000000002
131.53286,15.283333333333331,0.0,0.0,5.662520157075974,0.0,0.0,1.6853602512895507,0.2454315560704928,-14.414559999999994
129.73104,15.366666666666667,-1.801819999999992,0.0,5.662520157075974,0.0,0.0,1.6853602512895507,0.0,-14.414559999999994
129.73104,15.45,0.0,0.0,2.993491471768398,0.0,0.0,1.637383972327222,0.0,-18.018200000000007
127.92922,15.533333333333331,-1.8018200000000064,0.0,2.993491471768398,0.0,0.0,1.637383972327222,0.0,-18.018200000000007
126.1274,15.616666666666667,-1.8018200000000064,0.0,2.993491471768398,0.0,0.0,1.637383972327222,0.0,-18.018199999999993
126.1274,15.7,0.0,0.0,0.0,0.0,0.0,1.5600028772266916,0.0,-19.820019999999985
124.32558,15.783333333333331,-1.801819999999992,0.0,0.0,0.0,0.0,1.5600028772266916,0.0,-19.82002
124.32558,15.866666666666667,0.0,0.0,0.0,0.0,0.0,1.4508955331349438,0.0,-21.62183999999999
122.52376,15.95,-1.8018200000000064,0.0,0.0,0.0,0.0,1.4508955331349438,0.0,-21.62184000000001
122.52376,16.033333333333335,0.0,0.0,0.0,0.0,0.0,1.4508955331349438,0.0,-21.62184000000001
120.72194,16.116666666666667,-1.801819999999992,0.0,0.0,0.0,0.0,1.3077405071989632,0.0,-23.42366
118.92012,16.2,-1.8018200000000064,0.0,0.0,0.0,0.0,1.3077405071989632,0.0,-23.42366
117.1183,16.283333333333335,-1.801819999999992,0.0,0.0,0.0,0.0,1.128216366565732,0.0,-23.42366
115.31648,16.366666666666667,-1.801819999999992,0.0,0.0,0.0,0.0,1.128216366565732,0.0,-23.423660000000012
111.71284,16.45,-3.603640000000013,0.0,0.0,0.0,0.0,0.9100016783822368,0.0,-19.82002
109.91102,16.533333333333335,-1.8018200000000064,0.0,0.0,0.0,0.0,0.9100016783822368,0.0,-18.018199999999993
108.1092,16.616666666666667,-1.801819999999992,0.0,0.0,0.0,0.0,0.6507750097954607,0.0,-12.612740000000002
106.30738,16.7,-1.801819999999992,0.0,0.0,0.0,0.0,0.6507750097954607,0.0,-3.603639999999998
104.50556,16.783333333333335,-1.8018200000000064,0.0,0.0,0.0,0.0,0.3482149279523862,0.0,7.207279999999997
102.70374,16.866666666666667,-1.801819999999992,0.0,0.0,0.0,0.0,0.3482149279523862,0.0,21.62183999999999
100.90192,16.95,-1.8018200000000208,0.0,0.0,0.0,0.0,0.0,0.0,36.036400000000015
100.90192,17.033333333333335,0.0,0.0,0.0,0.0,0.0,0.0,0.0,48.64914000000002
97.29828,17.116666666666667,-3.603639999999984,0.0,0.0,0.0,0.0,0.0,0.0,63.06370000000001
95.49646,17.2,-1.8018200000000064,0.0,0.0,0.0,0.0,0.0,0.0,75.67644
93.69464,17.283333333333335,-1.801819999999992,0.0,0.0,0.0,0.0,0.0,0.0,86.48736000000001
91.89282,17.366666666666667,-1.8018200000000064,0.0,0.0,0.0,0.0,0.0,0.0,95.49646
91.89282,17.45,0.0,0.0,0.0,0.0,0.0,0.0,0.0,100.90192
91.89282,17.533333333333335,0.0,0.0,0.0,0.0,0.0,0.0,0.0,102.70374
95.49646,17.616666666666667,3.603639999999998,0.0,0.0,0.0,0.0,0.0,0.0,100.90192
102.70374,17.7,7.2072800000000115,0.0,0.0,0.0,0.0,0.0,0.0,93.69464
111.71284,17.783333333333335,9.00909999999999,0.0,0.0,0.0,0.0,0.0,0.0,84.68554
124.32558,17.866666666666667,12.612740000000002,0.0,0.0,0.0,0.0,0.0,0.0,73.87462
136.93832,17.95,12.612740000000002,0.0,0.0,0.0,0.0,0.0,0.0,61.26187999999999
149.55106,18.033333333333335,12.612740000000002,0.0,0.0,0.0,0.0,0.0,0.2947539535445466,50.45095999999998
160.36198000000002,18.116666666666667,10.81092000000001,0.0,0.0,0.0,0.0,0.0,0.2947539535445466,39.64003999999997
171.1729,18.2,10.810919999999982,0.0,0.0,0.0,0.0,0.0,0.2947539535445466,27.027299999999997
180.182,18.283333333333335,9.009100000000018,0.0,0.0,0.0,0.0,0.0,0.5570187957224504,14.414559999999994
187.38928,18.366666666666667,7.207279999999997,0.0,0.0,0.0,0.0,0.0,0.5570187957224504,1.801819999999992
192.79474,18.45,5.405459999999977,0.0,0.0,0.0,0.0,0.0,0.5570187957224504,-10.810919999999982
194.59656,18.533333333333335,1.8018200000000208,0.0,0.0,0.0,0.0,0.0,0.7881226832023671,-7.207279999999997
196.39838,18.616666666666667,1.801819999999992,0.0,0.0,0.0,0.0,0.0,0.7881226832023671,-21.62184000000002
196.39838,18.7,0.0,0.0,0.0,0.0,0.0,0.0,0.7881226832023671,-30.63094000000001
196.39838,18.783333333333335,0.0,0.0,0.0,0.0,0.0,0.0,0.9893937726529528,-37.83821999999998
198.2002,18.866666666666667,1.801819999999992,0.0,0.0,0.0,0.0,0.0,0.9893937726529528,-45.0455
198.2002,18.95,0.0,0.0,0.0,0.0,0.0,0.0,0.9893937726529528,-50.45096000000001
200.00202,19.033333333333335,1.801819999999992,0.0,0.0,0.0,0.0,0.0,1.1621602207428634,-57.65823999999998
200.00202,19.116666666666667,0.0,0.0,0.0,0.0,0.0,0.0,1.1621602207428634,-63.06369999999998
198.2002,19.2,-1.801819999999992,0.0,0.0,0.0,0.0,0.0,1.307750184140754,-66.66734
194.59656,19.283333333333335,-3.603639999999984,0.0,0.0,0.0,0.0,0.0,1.307750184140754,-70.27098000000001
189.1911,19.366666666666667,-5.405460000000005,0.0,0.0,0.0,0.0,0.0,1.307750184140754,-72.0728
181.98382,19.45,-7.207279999999997,0.0,0.0,0.0,0.0,0.0,1.4274918195152817,-72.07280000000002
187.38928,19.5,5.405460000000005,0.0,0.0,0.0,0.0,0.0,1.4274918195152817,-86.48736000000002
174.77653999999998,19.533333333333335,-12.61274000000003,0.0,0.0,0.0,0.0,0.0,1.5227132835351014,-81.08189999999998
165.76744,19.616666666666667,-9.00909999999999,0.0,0.0,0.0,0.0,0.0,1.5227132835351014,-79.28008
158.56016000000002,19.7,-7.207279999999969,0.0,0.0,0.0,0.0,0.0,1.594742732868869,-77.47826000000002
153.1547,19.783333333333335,-5.4054600000000335,0.0,0.0,0.0,0.0,0.0,1.594742732868869,-75.67644
147.74924,19.866666666666667,-5.405460000000005,0.0,0.0,0.0,0.0,0.0,1.6449083241852405,-73.87462
142.34378,19.95,-5.405459999999977,0.0,0.0,0.0,0.0,0.0,1.6449083241852405,-72.07280000000002
136.93832,20.033333333333335,-5.405460000000005,0.0,0.0,0.0,0.0,0.0,1.6745382141528715,-75.67644000000001
131.53286,20.116666666666667,-5.405460000000005,0.0,0.0,0.0,0.0,0.0,1.6745382141528715,-63.0637
124.32558,20.2,-7.207279999999997,0.0,0.0,0.0,0.0,0.0,1.6745382141528715,-57.65823999999999
117.1183,20.283333333333335,-7.207279999999997,0.0,0.0,0.0,0.0,0.0,1.6849605594404178,-50.450959999999995
109.91102,20.366666666666667,-7.2072800000000115,0.0,0.0,0.0,0.0,0.0,1.6775035167165355,-39.64004
100.90192,20.45,-9.009100000000004,0.0,0.0,0.0,0.0,0.0,1.6775035167165355,-25.22547999999999
93.69464,20.533333333333335,-7.207279999999983,0.0,0.0,0.0,0.0,0.0,1.653495242649881,-9.009100000000004
86.48736,20.616666666666667,-7.2072800000000115,0.0,0.0,0.0,0.0,0.0,1.653495242649881,10.81092000000001
81.0819,20.7,-5.405459999999991,0.0,0.0,0.0,0.0,0.0,1.614263893909109,30.630939999999995
77.47825999999999,20.783333333333335,-3.603640000000013,0.0,0.0,0.0,0.0,0.0,1.561137627162876,48.64914
73.87462,20.866666666666667,-3.603639999999998,0.0,0.0,0.0,0.0,0.0,1.4954445990798375,68.46916000000002
70.27098,20.95,-3.603639999999998,0.0,0.0,0.0,0.0,0.0,1.4954445990798375,90.09100000000002
61.26188,21.0,-9.009099999999997,0.0,0.0,0.0,0.0,0.0,1.4185129663286498,115.31648
68.46916,21.033333333333335,7.207280000000004,0.0,0.0,0.0,0.0,0.0,1.331670885577968,126.1274
66.66734000000001,21.116666666666667,-1.801819999999992,0.0,0.0,0.0,0.0,0.0,1.2362465134964484,145.94742000000002
66.66734000000001,21.2,0.0,0.0,0.0,0.0,0.0,0.0,1.133568006752747,162.16379999999998
70.27098,21.283333333333335,3.603639999999984,0.0,0.0,0.0,0.0,0.0,1.0249635220155189,176.57835999999998
75.67644,21.366666666666667,5.405460000000005,0.0,0.0,0.0,0.0,0.0,0.9117612159534204,189.19109999999995
84.68554,21.45,9.009100000000004,0.0,0.0,0.0,0.0,0.0,0.7952892452351079,196.39837999999995
97.29828,21.533333333333335,12.612740000000002,0.0,0.0,0.0,0.0,0.0,0.6768757665292364,200.00202
111.71284,21.616666666666667,14.414559999999994,0.0,0.0,0.0,0.0,0.0,0.5578489365044622,201.80383999999995
126.1274,21.7,14.414559999999994,0.0,0.0,0.0,0.0,0.0,0.3232678491728277,200.00202000000004
142.34378,21.783333333333335,16.216380000000015,0.0,0.0,0.0,0.0,0.0,0.2103699052032795,196.39838
160.36198000000002,21.866666666666667,18.018200000000007,0.0,0.0,0.0,0.0,0.0,0.0,187.38928
176.57836,21.95,16.216379999999987,0.0,0.0,0.0,0.0,0.0,0.0,180.182
194.59656,22.033333333333335,18.018200000000007,0.0,0.0,0.0,0.0,0.0,0.0,167.56926000000004
212.61476,22.116666666666667,18.018200000000007,0.0,0.0,0.0,0.0,0.0,0.0,154.95651999999998
228.83114,22.2,16.21637999999996,0.0,0.0,0.0,0.0,0.0,0.0,142.34378000000007
246.84934,22.283333333333335,18.018200000000007,0.0,0.0,0.0,0.0,0.0,0.0,129.73104
264.86753999999996,22.366666666666667,18.01819999999998,0.0,0.0,0.0,0.0,0.0,0.0,117.11830000000003
281.08392,22.45,16.216380000000015,0.0,0.0,0.0,0.0,0.0,0.0,104.50556
297.3003,22.533333333333335,16.216380000000015,0.0,0.0,0.0,0.0,0.0,0.0,91.89282000000004
313.51667999999995,22.616666666666667,16.21637999999996,0.0,0.0,0.0,0.0,0.0,0.0,79.28008000000005
326.12942000000004,22.7,12.612740000000088,0.0,0.0,0.0,0.0,0.0,0.0,68.46915999999993
338.74216,22.783333333333335,12.612739999999974,0.0,0.0,0.0,0.0,0.0,0.0,55.85641999999996
347.75126,22.866666666666667,9.00909999999999,0.0,0.0,0.0,0.0,0.0,0.0,48.64913999999999
356.76036,22.95,9.00909999999999,0.0,0.0,0.0,0.0,0.0,0.0,37.83821999999998
362.16582000000005,23.033333333333335,5.405460000000062,0.0,0.0,0.0,0.0,0.0,0.0,32.43275999999992
367.57128,23.116666666666667,5.405459999999948,0.0,0.0,0.0,0.0,0.0,0.0,27.02729999999997
371.17492,23.2,3.6036400000000417,0.0,0.0,0.0,0.0,0.0,0.0,23.423659999999927
376.58038,23.283333333333335,5.405459999999948,0.0,0.0,0.0,0.0,0.0,0.0,18.01819999999998
381.98584,23.366666666666667,5.405460000000005,0.0,0.0,0.0,0.0,0.0,0.0,12.612739999999974
385.58948,23.45,3.603639999999984,0.0,0.0,0.0,0.0,0.0,0.0,9.00909999999999
389.19312,23.533333333333335,3.6036400000000417,0.0,0.0,0.0,0.0,0.0,0.0,3.603639999999984
392.79676,23.616666666666667,3.603639999999984,0.0,0.0,0.0,0.0,0.0,0.0,-3.603639999999984
394.59858,23.7,1.801819999999964,0.0,0.0,0.0,0.0,0.0,0.0,-9.00909999999999
394.59858,23.783333333333335,0.0,0.0,0.0,0.0,0.0,0.0,0.0,-14.414559999999938
396.4004,23.866666666666667,1.8018200000000208,0.0,0.0,0.0,0.0,0.0,0.0,-19.82002
394.59858,23.95,-1.8018200000000208,0.0,0.0,0.0,0.0,0.0,0.0,-23.423659999999927
394.59858,0.0333333333333333,0.0,0.0,0.0,0.0,0.0,0.0,0.0,-28.829119999999932
394.59858,0.1166666666666666,0.0,0.0,0.0,0.0,0.0,0.0,0.0,-34.23457999999994
394.59858,0.2,0.0,0.0,0.0,0.0,0.0,0.0,0.0,-41.44185999999996
394.59858,0.2833333333333333,0.0,0.0,0.0,0.0,0.0,0.0,0.0,-46.84731999999997
394.59858,0.3666666666666666,0.0,0.0,0.0,0.0,0.0,0.0,0.0,-52.25277999999997
394.59858,0.45,0.0,0.0,0.0,0.0,0.0,0.0,0.0,-57.65823999999998
392.79676,0.5333333333333333,-1.801819999999964,0.0,0.0,0.0,0.0,0.0,0.0,-59.46006
389.19312,0.6166666666666667,-3.603639999999984,0.0,0.0,0.0,0.0,0.0,0.0,-59.46006
385.58948,0.7,-3.6036400000000417,0.0,0.0,0.0,0.0,0.0,0.0,-57.65823999999998
380.18402,0.7833333333333333,-5.405459999999948,0.0,0.0,0.0,0.0,0.0,0.0,-54.05459999999999
376.58038,0.8666666666666667,-3.6036400000000417,0.0,0.0,0.0,0.0,0.0,0.0,-52.25277999999997
371.17492,0.95,-5.405459999999948,0.0,0.0,0.0,0.0,0.0,0.0,-48.649140000000045
365.76946,1.0333333333333334,-5.405460000000005,0.0,0.0,0.0,0.0,0.0,0.0,-45.0455
360.364,1.1166666666666667,-5.405460000000005,0.0,0.0,0.0,0.0,0.0,0.0,-41.44186000000002
353.15672,1.2,-7.207280000000026,0.0,0.0,0.0,0.0,0.0,0.0,-36.03639999999996
347.75126,1.2833333333333332,-5.405460000000005,0.0,0.0,0.0,0.0,0.0,0.0,-32.43275999999997
342.3458,1.3666666666666667,-5.405460000000005,0.0,0.0,0.0,0.0,0.0,0.0,-27.02729999999997
336.94034,1.45,-5.405460000000005,0.0,0.0,0.0,0.0,0.0,0.0,-21.621839999999963
333.3367,1.5333333333333332,-3.603639999999984,0.0,0.0,0.0,0.0,0.0,0.0,-19.820020000000056
329.73306,1.6166666666666667,-3.603639999999984,0.0,0.0,0.0,0.0,0.0,0.0,-18.01819999999998
327.93124,1.7,-1.8018200000000208,0.0,0.0,0.0,0.0,0.0,0.0,-18.018200000000036
326.12942000000004,1.7833333333333332,-1.801819999999964,0.0,0.0,0.0,0.0,0.0,0.0,-19.820020000000056
324.3276,1.8666666666666667,-1.8018200000000208,0.0,0.0,0.0,0.0,0.0,0.0,-19.820020000000056
322.52578,1.95,-1.8018200000000208,0.0,0.0,0.0,0.0,0.0,0.0,-21.62184000000002
320.72396000000003,2.033333333333333,-1.801819999999964,0.0,0.0,0.0,0.0,0.0,0.0,-25.22548000000006
318.92214,2.1166666666666667,-1.8018200000000208,0.0,0.0,0.0,0.0,0.0,0.0,-25.225480000000005
317.12032000000005,2.2,-1.801819999999964,0.0,0.0,0.0,0.0,0.0,0.0,-28.82912000000005
315.31850000000003,2.283333333333333,-1.8018200000000208,0.0,0.0,0.0,0.0,0.0,0.0,-28.82912000000005
315.31850000000003,2.3666666666666667,0.0,0.0,0.0,0.0,0.0,0.0,0.0,-30.63094000000001
315.31850000000003,2.45,0.0,0.0,0.0,0.0,0.0,0.0,0.0,-32.43276000000003
313.51667999999995,2.533333333333333,-1.8018200000000777,0.0,0.0,0.0,0.0,0.0,0.0,-32.43275999999997
311.71486000000004,2.6166666666666667,-1.801819999999907,0.0,0.0,0.0,0.0,0.0,0.0,-32.43276000000003
309.91303999999997,2.7,-1.8018200000000777,0.0,0.0,0.0,0.0,0.0,0.0,-34.23457999999994
306.3094,2.783333333333333,-3.603639999999984,0.0,0.0,0.0,0.0,0.0,0.0,-32.43275999999997
304.50757999999996,2.8666666666666667,-1.8018200000000208,0.0,0.0,0.0,0.0,0.0,0.0,-34.23457999999994
300.90394,2.95,-3.603639999999984,0.0,0.0,0.0,0.0,0.0,0.0,-32.43275999999997
295.49848,3.033333333333333,-5.405460000000005,0.0,0.0,0.0,0.0,0.0,0.0,-28.829119999999932
293.69666,3.1166666666666667,-1.801819999999964,0.0,0.0,0.0,0.0,0.0,0.0,-28.82912000000005
288.2912,3.2,-5.405460000000005,0.0,0.0,0.0,0.0,0.0,0.0,-25.225480000000005
286.48938,3.283333333333333,-1.8018200000000208,0.0,0.0,0.0,0.0,0.0,0.0,-25.225480000000005
284.68756,3.3666666666666667,-1.801819999999964,0.0,0.0,0.0,0.0,0.0,0.0,-25.225480000000005
282.88574,3.45,-1.8018200000000208,0.0,0.0,0.0,0.0,0.0,0.0,-25.225480000000005
281.08392,3.533333333333333,-1.8018200000000208,0.0,0.0,0.0,0.0,0.0,0.0,-25.225479999999976
279.2821,3.6166666666666663,-1.801819999999964,0.0,0.0,0.0,0.0,0.0,0.0,-25.225480000000005
275.67846000000003,3.7,-3.603639999999984,0.0,0.0,0.0,0.0,0.0,0.0,-25.225480000000033
273.87664,3.783333333333333,-1.8018200000000208,0.0,0.0,0.0,0.0,0.0,0.0,-25.225480000000005
270.273,3.8666666666666663,-3.603639999999984,0.0,0.0,0.0,0.0,0.0,0.0,-23.42366000000004
268.47118,3.95,-1.8018200000000208,0.0,0.0,0.0,0.0,0.0,0.0,-25.225480000000005
266.66936000000004,4.033333333333333,-1.801819999999964,0.0,0.0,0.0,0.0,0.0,0.0,-27.027300000000025
264.86753999999996,4.116666666666666,-1.8018200000000777,0.0,0.0,0.0,0.0,0.0,0.0,-27.02729999999997
263.06572,4.2,-1.801819999999964,0.0,0.0,0.0,0.0,0.0,0.0,-28.82911999999999
261.2639,4.283333333333333,-1.8018200000000208,0.0,0.0,0.0,0.0,0.0,0.0,-27.02729999999997
259.46208,4.366666666666666,-1.801819999999964,0.0,0.0,0.0,0.0,0.0,0.0,-27.027299999999997
257.66026,4.45,-1.8018200000000208,0.0,0.0,0.0,0.0,0.0,0.0,-27.02729999999997
255.85844,4.533333333333333,-1.801819999999992,0.0,0.0,0.0,0.0,0.0,0.0,-27.027300000000025
254.05662,4.616666666666667,-1.801819999999992,0.0,0.0,0.0,0.0,0.0,0.0,-27.027300000000025
250.45298,4.7,-3.603640000000013,0.0,0.0,0.0,0.0,0.0,0.0,-25.225480000000005
248.65116,4.783333333333333,-1.801819999999992,0.0,0.0,0.0,0.0,0.0,0.0,-25.225480000000005
246.84934,4.866666666666667,-1.8018200000000208,0.0,0.0,0.0,0.0,0.0,0.0,-23.423659999999984
243.2457,4.95,-3.603639999999984,0.0,0.0,0.0,0.0,0.0,0.0,-21.62183999999999
239.64206,5.033333333333333,-3.603639999999984,0.0,0.0,0.0,0.0,0.0,0.0,-19.820020000000028
237.84024,5.116666666666666,-1.8018200000000208,0.0,0.0,0.0,0.0,0.0,0.0,-18.018200000000007
234.2366,5.2,-3.603639999999984,0.0,0.0,0.0,0.0,0.0,0.0,-16.216380000000015
234.2366,5.283333333333333,0.0,0.0,0.0,0.0,0.0,0.0,0.0,-18.018200000000007
232.43478,5.366666666666666,-1.801819999999992,0.0,0.0,0.0,0.0,0.0,0.0,-16.216380000000015
230.63296000000005,5.45,-1.801819999999992,0.0,0.0,0.0,0.0,0.0,0.0,-14.414560000000025
228.83114,5.533333333333333,-1.801820000000049,0.0,0.0,0.0,0.0,0.0,0.0,-14.414559999999966
227.02932,5.616666666666667,-1.801819999999992,0.0,0.0,0.0,0.0,0.0,0.0,-12.612739999999974
225.2275,5.7,-1.801819999999992,0.0,0.0,0.0,0.0,0.0,0.0,-10.810919999999982
223.42568,5.783333333333333,-1.801819999999992,0.0,0.0,0.0,0.0,0.0,0.0,-9.00909999999999
223.42568,5.866666666666667,0.0,0.0,0.0,0.0,0.0,0.0,0.0,-10.810919999999982
221.62386,5.95,-1.801819999999992,0.0,0.0,0.0,0.0,0.0,0.0,-9.00909999999999
219.82204,6.033333333333333,-1.8018200000000208,0.0,0.0,0.0,0.0,0.0,0.0,-9.00909999999999
219.82204,6.116666666666666,0.0,0.0,0.0,0.0,0.0,0.0,0.0,-5.405459999999977
218.02022,6.2,-1.801819999999992,0.0,0.0,0.0,0.0,0.0,0.0,0.0
216.2184,6.283333333333333,-1.801819999999992,0.0,0.0,0.0,0.0,0.0,0.0,9.00909999999999
216.2184,6.366666666666666,0.0,0.0,0.0,0.0,0.0,0.0,0.0,21.62183999999999
216.2184,6.45,0.0,0.0,0.0,0.0,0.0,0.0,0.0,36.036399999999986
214.41658,6.533333333333333,-1.801819999999992,0.0,0.0,0.0,0.0,0.0,0.0,55.856420000000014
214.41658,6.616666666666667,0.0,0.0,0.0,0.0,0.0,0.0,0.0,70.27098000000001
214.41658,6.7,0.0,0.0,0.0,0.0,0.0,0.0,0.0,81.08189999999996
214.41658,6.783333333333333,0.0,0.0,0.0,0.0,0.0,0.0,0.0,86.48735999999997
212.61476,6.866666666666667,-1.801819999999992,0.0,0.0,0.0,0.0,0.0,0.0,88.28917999999996
212.61476,6.95,0.0,0.0,0.0,0.0,0.0,0.0,0.0,82.88371999999995
210.81294,7.0,-1.8018200000000208,0.0,0.0,0.0,0.0,0.0,0.0,75.67643999999999
214.41658,7.033333333333333,3.603640000000013,0.0,0.0,0.0,0.0,0.0,0.0,63.06369999999998
218.02022,7.116666666666666,3.603639999999984,0.0,0.0,0.0,0.0,0.0,0.0,48.649140000000045
225.2275,7.2,7.207279999999997,0.0,0.0,0.0,0.0,0.0,0.0,32.43276
237.84024,7.283333333333333,12.612740000000002,0.0,0.0,0.0,0.0,0.0,0.0,10.81092000000001
252.2548,7.366666666666666,14.414559999999994,0.0,0.0,0.0,0.0,0.0,0.0,-14.414559999999994
270.273,7.45,18.018200000000036,0.0,0.0,0.0,0.0,0.0,0.0,-41.44186000000005
284.68756,7.533333333333333,14.414559999999994,0.0,0.0,0.0,0.0,0.0,0.0,-68.46916000000002
295.49848,7.616666666666667,10.810919999999951,0.0,0.0,0.0,0.0,0.0,0.0,-91.89281999999994
300.90394,7.7,5.405460000000005,0.0,0.0,0.0,0.0,0.0,0.0,-111.71283999999996
300.90394,7.783333333333333,0.0,0.0,0.0,0.0,0.0,0.0,0.0,-126.1274
295.49848,7.866666666666667,-5.405460000000005,0.0,0.0,0.0,0.0,0.0,0.0,-135.13649999999996
286.48938,7.95,-9.00909999999999,0.0,0.0,0.0,0.0,0.0,0.0,-140.54196
277.48028,8.033333333333333,-9.00909999999999,0.0,0.0,0.0,0.0,0.0,0.0,-144.14559999999997
266.66936000000004,8.116666666666667,-10.810919999999951,0.0,0.0,0.0,0.0,0.0,0.0,-145.94742000000002
257.66026,8.2,-9.009100000000046,0.0,0.0,0.0,0.0,0.0,0.0,-145.94742
248.65116,8.283333333333333,-9.00909999999999,0.0,0.0,0.0,0.0,0.0,0.0,-145.94742
237.84024,8.366666666666667,-10.81092000000001,0.0,0.0,0.0,0.0,0.0,0.0,-142.34377999999998
228.83114,8.483333333333333,16.21637999999996,0.0,0.0,0.0,0.0,0.0,0.0,45.04550000000003
234.2366,8.5,5.4054600000000335,0.0,0.0,0.0,0.0,0.0,0.0,32.43276000000003
239.64206,8.566666666666666,5.405460000000005,0.0,0.0,0.0,0.0,0.0,0.0,19.82002
248.65116,8.65,9.00909999999999,0.0,0.0,0.0,0.0,0.0,0.0,7.207279999999997
255.85844,8.733333333333333,7.207279999999997,0.0,0.0,0.0,0.0,0.0,0.0,-3.603640000000013
264.86753999999996,8.816666666666666,9.00909999999996,0.0,0.0,0.0,0.0,0.0,0.0,-16.21637999999996
272.07482,8.9,7.207280000000026,0.0,0.0,0.0,0.0,0.0,0.0,-25.225480000000005
279.2821,8.983333333333333,7.207280000000026,0.0,0.0,0.0,0.0,0.0,0.0,-36.036400000000015
284.68756,9.066666666666666,5.405460000000005,0.0,0.0,0.0,0.0,0.0,0.0,-43.24368000000001
286.48938,9.15,1.801819999999964,0.0,0.0,0.0,0.0,0.0,0.0,-48.64913999999999
282.88574,9.233333333333333,-3.603639999999984,0.0,0.0,0.0,0.0,0.0,0.0,-50.45095999999998
279.2821,9.316666666666666,-3.603639999999984,0.0,0.0,0.0,0.0,0.0,0.0,-54.05460000000002
273.87664,9.4,-5.405460000000005,0.0,0.0,0.0,0.0,0.0,0.0,-52.25278
266.66936000000004,9.483333333333333,-7.207279999999969,0.0,0.0,0.0,0.0,0.0,0.5325067657538698,-50.45096000000004
259.46208,9.566666666666666,-7.207280000000026,0.0,0.0,0.0,0.0,0.0,0.5325067657538698,19.82002
255.85844,9.65,-3.603640000000013,0.0,0.0,0.0,0.0,0.0,0.9737266573785048,-45.0455
252.2548,9.733333333333333,-3.603640000000013,0.0,0.0,0.0,0.0,0.0,1.1157284615795366,-48.64913999999996
248.65116,9.816666666666666,-3.603639999999984,0.0,0.0,0.0,0.0,0.0,1.0731279203192274,-50.45096000000001
246.84934,9.9,-1.8018200000000208,0.0,0.0,0.0,0.0,0.0,0.9509049388461962,-54.05459999999999
243.2457,9.983333333333333,-3.603639999999984,0.0,0.0,0.0,0.0,0.0,0.5964075776443343,-57.65823999999998
241.44388,10.066666666666666,-1.801819999999992,0.0,0.0,0.0,0.0,0.0,0.4265125619038141,-61.26187999999999
237.84024,10.15,-3.603640000000013,0.0,0.0,0.0,0.0,0.0,0.0,-59.46006
232.43478,10.233333333333333,-5.405459999999977,0.0,0.0,0.0,0.0,0.0,0.0,-55.856420000000014
225.2275,10.316666666666666,-7.207280000000026,0.0,0.0,0.0,0.0,0.0,0.0,-50.45096000000001
221.62386,10.4,-3.603639999999984,0.0,0.0,0.0,0.0,0.0,0.0,-46.847320000000025
216.2184,10.483333333333333,-5.405460000000005,0.0,0.0,0.0,0.0,0.0,0.0,-41.44186000000002
279.2821,10.5,63.06370000000001,0.0,0.0,0.0,0.0,0.0,0.0,-108.10920000000002
210.81294,10.566666666666666,-68.46916000000002,0.0,0.0,0.0,0.0,0.0,0.0,-43.24367999999998
203.60566000000003,10.65,-7.207279999999969,0.0,0.0,0.0,0.0,0.0,0.0,-39.64004000000003
198.2002,10.733333333333333,-5.4054600000000335,0.0,0.0,0.0,0.0,0.0,0.0,-37.83821999999998
192.79474,10.816666666666666,-5.405460000000005,0.0,0.0,0.0,0.0,0.0,0.0,-36.036400000000015
185.58746,10.9,-7.207279999999969,0.0,0.0,0.0,0.0,0.0,0.0,-34.23458000000002
180.182,10.983333333333333,-5.405460000000005,0.0,0.0,0.0,0.0,0.0,0.0,-30.63094000000001
178.38018,11.066666666666666,-1.8018200000000208,0.0,0.0,0.0,0.0,0.0,0.0,1.8018200000000208
176.57836,11.15,-1.801819999999992,0.0,0.0,0.0,0.0,0.0,0.0,-27.027299999999997
174.77653999999998,11.233333333333333,-1.8018200000000208,0.0,0.0,0.0,0.0,0.0,0.0,-27.027299999999997
174.77653999999998,11.316666666666666,0.0,0.0,0.0,0.0,0.0,0.0,0.0,-30.63093999999998
174.77653999999998,11.4,0.0,0.0,0.0,0.0,0.0,0.0,0.0,-34.234579999999994
171.1729,11.483333333333333,-3.603639999999984,0.0,0.0,0.0,0.0,0.0,0.0,-32.43276
167.56926,11.566666666666666,-3.603639999999984,0.6824910720071103,0.3567680076788572,0.0044244408398637,0.1303270022889736,0.6209269962492472,0.0,-34.234579999999994
163.96562,11.65,-3.603640000000013,0.8539158055706153,0.3567680076788572,0.0044244408398637,0.1303270022889736,0.6209269962492472,0.0,-32.43276
160.36198000000002,11.733333333333333,-3.603639999999984,1.1205144088997878,0.7074462847470316,0.0044244408398637,0.1303270022889736,1.1915673940690217,0.0,-32.432760000000016
156.75833999999998,11.816666666666666,-3.6036400000000417,1.44580449328798,1.5399049693310318,0.0353955267189098,0.7819620137338419,1.4399381925687205,0.0,-30.63093999999998
151.35288,11.9,-5.405459999999977,1.6273381801539637,1.5399049693310318,0.0353955267189098,0.9004570867283989,1.4399381925687205,0.0,-23.42366
149.55106,11.983333333333333,-1.801819999999992,1.758881632015536,2.700912332061262,0.0353955267189098,0.9004570867283989,2.1894679578468823,0.0,-19.82002
180.182,12.0,30.63094000000001,1.809431149300797,2.700912332061262,0.0353955267189098,0.9004570867283989,2.1894679578468823,0.0,-46.84732
149.55106,12.066666666666666,-30.63094000000001,1.8544038655135175,3.033919657249065,0.0480789237931858,1.4929324517011835,2.1894679578468823,0.0,-9.009100000000018
147.74924,12.15,-1.8018200000000208,1.8522752345823268,3.8336884395817625,0.0480789237931858,1.4929324517011835,2.397977400306983,0.0,-1.801819999999992
144.1456,12.233333333333333,-3.603639999999984,1.830080836902908,4.155114543499877,0.136862703313118,1.5999207811746152,2.8708040215476647,0.0,9.00909999999999
140.54196,12.316666666666666,-3.603640000000013,1.830502673999982,4.932131635604751,0.136862703313118,1.5999207811746152,2.8708040215476647,0.0,21.62184000000002
138.74014,12.4,-1.801819999999992,1.784863062022876,5.240146021366842,0.136862703313118,1.5999207811746152,3.059934670043937,0.0,32.43276
133.33468000000002,12.483333333333333,-5.405459999999977,1.723086469227774,5.9901402638424415,0.136862703313118,2.1348624285417737,3.485234113134997,0.0,45.045499999999976
131.53286,12.566666666666666,-1.8018200000000208,1.723086469227774,5.9901402638424415,0.136862703313118,2.1348624285417737,3.485234113134997,0.0,-50.450959999999995
127.92922,12.65,-3.603639999999998,1.646919022694778,5.9901402638424415,0.1569201684538335,2.230669200267372,3.485234113134997,0.0,59.46006000000001
126.1274,12.733333333333333,-1.8018200000000064,1.5755681203050154,7.00161266800705,0.1569201684538335,2.230669200267372,3.485234113134997,0.0,66.66734
127.92922,12.816666666666666,1.8018200000000064,1.479236795086,7.00161266800705,0.1569201684538335,2.230669200267372,4.034045962072811,0.0,68.46916
129.73104,12.9,1.8018200000000064,1.3733164655993724,7.960447191810795,0.2973224244388425,2.709703058895363,4.034045962072811,0.0,68.46915999999999
133.33468000000002,12.983333333333333,3.603640000000013,1.3495328314694517,7.960447191810795,0.2973224244388425,2.709703058895363,4.034045962072811,0.0,61.26187999999999
140.54196,13.066666666666666,7.207279999999969,1.2332632407859052,8.860542178965888,0.2973224244388425,2.79465345864642,4.1855227907533665,0.0,46.847320000000025
145.94742,13.15,5.405460000000005,1.1113334317649772,9.096604723240532,0.3238690694780249,2.79465345864642,4.518527297825037,0.0,30.63094000000001
153.1547,13.233333333333333,7.207279999999997,1.015482722334843,9.695795973184548,0.3238690694780249,3.2194054574017006,4.518527297825037,0.0,12.612740000000002
162.1638,13.316666666666666,9.009100000000018,0.888667646578793,9.909294314871488,0.3238690694780249,3.2194054574017006,4.518527297825037,0.0,-9.009100000000018
171.1729,13.4,9.00909999999999,0.8574776670313884,10.46010691817899,0.5096955847523015,3.293824670951506,4.651729100653705,0.0,-28.82911999999999
178.38018,13.483333333333333,7.207279999999997,0.729043965478932,10.649210560391897,0.5096955847523015,3.293824670951506,4.939965849855607,0.0,-45.045499999999976
81.0819,13.5,-97.29828,0.6019345539095047,11.147373357661426,0.5096955847523015,3.665920738700534,4.939965849855607,0.0,45.04549999999999
187.38928,13.566666666666666,106.30738,0.5100567144284563,11.310251803513962,0.541846521521978,3.665920738700534,5.055260549536369,0.0,-66.66734000000001
192.79474,13.65,5.405459999999977,0.3902849256846239,11.751493635344074,0.541846521521978,3.7301339518223817,5.299649347628452,0.0,-77.47825999999998
196.39838,13.733333333333333,3.603640000000013,0.3586731090401456,11.886316387949904,0.541846521521978,3.7301339518223817,5.299649347628452,0.0,-84.68554
198.2002,13.816666666666666,1.801819999999992,0.2460133299004194,12.371302657411942,0.7669030789097128,4.051200017431616,5.299649347628452,0.0,-90.091
194.59656,13.9,-3.603639999999984,0.1416623490641318,12.371302657411942,0.7669030789097128,4.105532415898796,5.397404866865285,0.0,-90.091
187.38928,13.983333333333333,-7.207279999999997,0.0747109044934003,12.759108955612287,0.8037734192419105,4.105532415898796,5.598865520607502,0.0,-86.48736000000002
176.57836,14.066666666666666,-10.81092000000001,0.0473662936113858,13.00396093471546,0.8037734192419105,4.105532415898796,5.598865520607502,0.0,-81.0819
165.76744,14.15,-10.81092000000001,0.0223171481902438,13.04363362626316,0.8037734192419105,4.377194408234693,5.598865520607502,0.0,-73.87462
153.1547,14.233333333333333,-12.612740000000002,0.0,13.218775013076767,1.0618658015672946,4.421971177820497,5.679449782104388,0.0,-64.86551999999999
142.34378,14.316666666666666,-10.810919999999982,0.0,13.31134462668807,1.0618658015672946,4.421971177820497,5.838902098256687,0.0,-57.658240000000006
133.33468000000002,14.4,-9.00909999999999,0.0,13.27843145976534,1.102570657294041,4.421971177820497,5.838902098256687,0.0,-50.45096000000002
126.1274,14.483333333333333,-7.207280000000026,0.0,13.216501310041078,1.102570657294041,4.645855025749516,5.838902098256687,0.0,-46.84731999999998
120.72194,14.566666666666666,-5.405459999999991,0.0,13.216501310041078,1.102570657294041,4.681401352227236,5.902683024717606,0.0,-41.44185999999999
115.31648,14.65,-5.405459999999991,0.0,13.026882907616208,1.3875046473812649,4.681401352227236,6.021046810039939,0.0,-37.83822000000002
111.71284,14.733333333333333,-3.603640000000013,0.0,12.703474596202938,1.3875046473812649,4.681401352227236,6.021046810039939,0.0,-34.23458000000001
108.1092,14.816666666666666,-3.603639999999998,0.0,12.703474596202938,1.431159130334587,4.885774053758761,6.021046810039939,0.0,-32.43276
104.50556,14.9,-3.603639999999998,0.0,12.240174719513488,1.431159130334587,4.885774053758761,6.1465873854211885,0.0,-28.829120000000003
100.90192,14.983333333333333,-3.603640000000013,0.0,11.877293129869743,1.7367405110078418,4.885774053758761,6.1465873854211885,0.0,-27.027299999999997
95.49646,15.066666666666666,-5.405459999999991,0.0,11.630881621260071,1.7367405110078418,5.037040397054822,6.1465873854211885,0.0,-21.62184000000001
91.89282,15.15,-3.603639999999998,0.0,10.869493645154908,1.782459733019767,5.037040397054822,6.177865409922116,0.0,-18.018200000000007
88.28918,15.233333333333333,-3.603639999999998,0.0,10.294533458399004,1.782459733019767,5.037040397054822,6.216811553864368,0.0,-14.414560000000009
84.68554,15.316666666666666,-3.603639999999998,0.0,9.94990913491021,1.782459733019767,5.12734538496195,6.216811553864368,0.0,-10.81092000000001
82.88372,15.4,-1.8018200000000064,0.0,8.866026434238192,2.102494287103243,5.137151496755166,6.216811553864368,0.0,-7.207279999999997
79.28008000000001,15.483333333333333,-3.603639999999984,0.0,8.866026434238192,2.149393360005799,5.137151496755166,6.232390011441269,0.0,0.0
79.28008000000001,15.566666666666666,0.0,0.0,7.611743886851077,2.149393360005799,5.186182055721249,6.233007044833408,0.0,1.801819999999992
77.47825999999999,15.65,-1.8018200000000208,0.0,6.686632108916065,2.149393360005799,5.188058467499547,6.233007044833408,0.0,5.405460000000005
77.47825999999999,15.733333333333333,0.0,0.0,6.180959836461069,2.524880905948901,5.188058467499547,6.233007044833408,0.0,5.405460000000005
75.67644,15.816666666666666,-1.801819999999992,0.0,4.567572626780391,2.524880905948901,5.1974405263910395,6.233253858190263,0.0,7.207279999999997
75.67644,15.9,0.0,0.0,4.567572626780391,2.524880905948901,5.1917124239277115,6.196461587792237,0.0,3.603640000000013
73.87462,15.983333333333333,-1.8018200000000064,0.0,2.7654806015212623,2.855239155325393,5.1917124239277115,6.196461587792237,0.0,3.603639999999998
73.87462,16.066666666666666,0.0,0.0,1.4517767977941023,2.901843265505291,5.150064480679411,6.196461587792237,0.0,0.0
73.87462,16.15,0.0,0.0,1.4517767977941023,2.901843265505291,5.150064480679411,6.1084629122047875,0.0,-3.603639999999998
73.87462,16.233333333333334,0.0,0.0,0.0,2.901843265505291,5.150064480679411,6.1084629122047875,0.0,-5.405459999999991
73.87462,16.316666666666666,0.0,0.0,0.0,3.273201333331186,5.065065752394392,6.1084629122047875,0.0,-9.00909999999999
75.67644,16.4,1.8018200000000064,0.0,0.0,3.273201333331186,5.065065752394392,6.079150205233493,0.0,-14.414560000000002
79.28008000000001,16.483333333333334,3.603640000000013,0.0,0.0,3.273201333331186,5.065065752394392,5.970298747534992,0.0,-19.820020000000017
81.0819,16.566666666666666,1.801819999999992,0.0,0.0,3.6318760040828058,4.938667353712405,5.970298747534992,0.0,-21.62184000000001
82.88372,16.65,1.801819999999992,0.0,0.0,3.6318760040828058,4.938667353712405,5.970298747534992,0.0,-25.22547999999999
82.88372,16.733333333333334,0.0,0.0,0.0,3.9707881724163663,4.7728203992732,5.783256823246777,0.0,-25.22547999999999
82.88372,16.816666666666666,0.0,0.0,0.0,3.9707881724163663,4.7728203992732,5.783256823246777,0.0,-27.027299999999997
79.28008000000001,16.9,-3.603639999999984,0.0,0.0,3.9707881724163663,4.733947512201114,5.783256823246777,0.0,-25.22548000000001
77.47825999999999,16.983333333333334,-1.8018200000000208,0.0,0.0,4.282858732988089,4.569476003716526,5.725856286763252,0.0,-25.22547999999999
73.87462,17.066666666666666,-3.603639999999998,0.0,0.0,4.282858732988089,4.5249497170425625,5.548624868804078,0.0,-23.42366
70.27098,17.15,-3.603639999999998,0.0,0.0,4.561008580454188,4.330585281682132,5.548624868804078,0.0,-21.62183999999999
68.46916,17.233333333333334,-1.801819999999992,0.0,0.0,4.561008580454188,4.330585281682132,5.548624868804078,0.0,-21.62184
64.86552,17.316666666666666,-3.603639999999998,0.0,0.0,4.585490486434767,4.058099347809769,5.267690613670825,0.0,-21.62184000000001
61.26188,17.4,-3.6036400000000057,0.0,0.0,4.7981586094708835,4.003241819251926,5.267690613670825,0.0,-18.0182
59.46006,17.483333333333334,-1.801819999999999,0.0,0.0,4.815856372830339,3.753969316739183,5.267690613670825,0.0,-18.0182
59.46006,17.566666666666666,0.0,0.0,0.0,4.997258447264752,3.6944339458993385,4.941741787310947,0.0,-18.0182
57.658240000000006,17.65,-1.801819999999992,0.0,0.0,5.121142790780937,3.4201463031101262,4.941741787310947,0.0,-16.216380000000008
57.658240000000006,17.733333333333334,0.0,0.0,0.0,5.122617604394224,3.3562582757615713,4.941741787310947,0.0,-14.414560000000009
55.85642,17.816666666666666,-1.8018200000000064,0.0,0.0,5.184854738874974,3.0585814215623484,4.572066119188374,0.0,-12.612740000000002
54.0546,17.9,-1.801819999999999,0.0,0.0,5.184854738874974,2.990665923478374,4.572066119188374,0.0,-7.207279999999997
52.25278,17.983333333333334,-1.801819999999999,0.0,0.0,5.17689074536322,2.5996080036894957,4.269112461827263,0.0,-3.603639999999998
50.450959999999995,18.066666666666663,-1.8018200000000064,0.0,0.0,5.091646518515179,2.5996080036894957,4.159951338767042,0.0,1.8018200000000064
48.64914,18.15,-1.801819999999992,0.0,0.0,4.922042952987069,2.1850356310346863,4.159951338767042,0.0,10.810919999999996
46.84732,18.233333333333334,-1.801819999999999,0.0,0.0,4.867474849295417,1.7488999201536932,3.706685175510877,0.0,19.820020000000007
43.24368,18.316666666666663,-3.6036400000000057,0.0,0.0,4.59256959177855,1.6681263968609576,3.706685175510877,0.0,32.43276
43.24368,18.4,0.0,0.0,0.0,4.218261896726079,1.2099769205245716,3.346389239008501,0.0,41.441860000000005
41.44186,18.483333333333334,-1.801819999999999,0.0,0.0,3.7374726587942217,0.81974294227216,3.213555358883813,0.0,52.25278000000001
41.44186,18.566666666666663,0.0,0.0,0.0,3.143122772639192,0.4158753258084825,2.825967992950728,0.0,61.26188000000001
41.44186,18.65,0.0,0.0,0.0,2.4281331329172144,0.0,2.6818496183497773,0.0,68.46915999999999
43.24368,18.733333333333334,1.801819999999999,0.0,0.0,1.736445548285186,0.0,2.267890629745938,0.0,72.07280000000002
43.24368,18.816666666666663,0.0,0.0,0.0,0.929132576371382,0.0,1.6734448788580594,0.0,75.67644
46.84732,18.9,3.6036400000000057,0.0,0.0,0.0,0.0,1.0439184697510226,0.0,75.67643999999999
48.64914,18.983333333333334,1.801819999999999,0.0,0.0,0.0,0.0,0.5563634536946195,0.0,75.67644
52.25278,19.066666666666663,3.603639999999998,0.0,0.0,0.0,0.0,0.3805991318887616,0.0,73.87462
59.46006,19.15,7.207279999999997,0.0,0.0,0.0,0.0,0.1950220064225613,0.0,66.66734
66.66734000000001,19.233333333333334,7.2072800000000115,0.0,0.0,0.0,0.0,0.0,0.0,59.460059999999984
75.67644,19.316666666666663,9.00909999999999,0.0,0.0,0.0,0.0,0.0,0.0,48.64914
84.68554,19.4,9.009100000000004,0.0,0.0,0.0,0.0,0.0,0.0,48.64914000000002
93.69464,19.483333333333334,9.009100000000004,0.0,0.0,0.0,0.0,0.0,4.1474669812715685,30.630939999999995
102.70374,19.566666666666663,9.009100000000004,0.0,0.0,0.0,0.0,0.0,8.27667658771729,21.62183999999999
109.91102,19.65,7.207279999999983,0.0,0.0,0.0,0.0,0.0,9.903611544420542,14.414560000000009
115.31648,19.733333333333334,5.405460000000019,0.0,0.0,0.0,0.0,0.0,9.909697336029158,10.810919999999982
118.92012,19.816666666666663,3.603639999999984,0.0,0.0,0.0,0.0,0.0,8.558144449615765,10.81092000000001
122.52376,19.9,3.603639999999998,0.0,0.0,0.0,0.0,0.0,6.511797021218751,12.612740000000016
124.32558,19.983333333333334,1.8018200000000064,0.0,0.0,0.0,0.0,0.0,3.838613057134327,18.018200000000007
126.1274,20.066666666666663,1.801819999999992,0.0,0.0,0.0,0.0,0.0,0.0,25.225480000000005
126.1274,20.15,0.0,0.0,0.0,0.0,0.0,0.0,0.0,36.036400000000015
126.1274,20.233333333333334,0.0,0.0,0.0,0.0,0.0,0.0,0.0,45.0455
124.32558,20.316666666666663,-1.801819999999992,0.0,0.0,0.0,0.0,0.0,0.0,59.46006
133.33468000000002,20.333333333333332,9.009100000000018,0.0,0.0,0.0,0.0,0.0,0.0,59.46005999999997
124.32558,20.4,-9.009100000000018,0.0,0.0,0.0,0.0,0.0,0.0,75.67643999999999
124.32558,20.483333333333334,0.0,0.0,0.0,0.0,0.0,0.0,0.0,81.08190000000002
124.32558,20.566666666666663,0.0,0.0,0.0,0.0,0.0,0.0,0.0,82.88372000000001
126.1274,20.65,1.801819999999992,0.0,0.0,0.0,0.0,0.0,0.0,81.08190000000002
129.73104,20.733333333333334,3.603640000000013,0.0,0.0,0.0,0.0,0.0,0.0,75.67644000000001
135.1365,20.816666666666663,5.405460000000005,0.0,0.0,0.0,0.0,0.0,0.0,68.46916000000002
142.34378,20.9,7.207279999999997,0.0,0.0,0.0,0.0,0.0,0.0,59.46005999999997
151.35288,20.983333333333334,9.00909999999999,0.0,0.0,0.0,0.0,0.0,0.0,52.25278000000003
162.1638,21.066666666666663,10.81092000000001,0.0,0.0,0.0,0.0,0.0,0.0,43.24368000000001
171.1729,21.15,9.00909999999999,0.0,0.0,0.0,0.0,0.0,0.0,36.036400000000015
183.78564,21.233333333333334,12.612740000000002,0.0,0.0,0.0,0.0,0.0,0.0,23.423660000000012
192.79474,21.316666666666663,9.00909999999999,0.0,0.0,0.0,0.0,0.0,0.0,12.61274000000003
200.00202,21.4,7.207279999999997,0.0,0.0,0.0,0.0,0.0,0.0,1.801819999999992
205.40748,21.483333333333334,5.4054600000000335,0.0,0.0,0.0,0.0,0.0,0.0,-7.207280000000026
207.2093,21.566666666666663,1.801819999999992,0.0,0.0,0.0,0.0,0.0,0.0,-12.612740000000002
207.2093,21.65,0.0,0.0,0.0,0.0,0.0,0.0,0.0,-14.414560000000025
205.40748,21.733333333333334,-1.801819999999992,0.0,0.0,0.0,0.0,0.0,0.0,-12.61274000000003
203.60566000000003,21.816666666666663,-1.801819999999992,0.0,0.0,0.0,0.0,0.0,0.0,-9.009100000000018
201.80384,21.9,-1.801820000000049,0.0,0.0,0.0,0.0,0.0,0.0,-7.207279999999969
203.60566000000003,21.983333333333334,1.801820000000049,0.0,0.0,0.0,0.0,0.0,0.0,-5.4054600000000335
205.40748,22.066666666666663,1.801819999999992,0.0,0.0,0.0,0.0,0.0,0.0,-3.6036400000000417
207.2093,22.15,1.801819999999992,0.0,0.0,0.0,0.0,0.0,0.0,-3.603639999999984
207.2093,22.233333333333334,0.0,0.0,0.0,0.0,0.0,0.0,0.0,-1.801819999999992
205.40748,22.316666666666663,-1.801819999999992,0.0,0.0,0.0,0.0,0.0,0.0,3.603639999999984
201.80384,22.4,-3.6036400000000417,0.0,0.0,0.0,0.0,0.0,0.0,10.810920000000038
198.2002,22.483333333333334,-3.603639999999984,0.0,0.0,0.0,0.0,0.0,0.0,14.414560000000025
194.59656,22.566666666666663,-3.603639999999984,0.0,0.0,0.0,0.0,0.0,0.0,18.018200000000007
192.79474,22.65,-1.8018200000000208,0.0,0.0,0.0,0.0,0.0,0.0,19.820020000000028
192.79474,22.733333333333334,0.0,0.0,0.0,0.0,0.0,0.0,0.0,18.018200000000007
194.59656,22.816666666666663,1.8018200000000208,0.0,0.0,0.0,0.0,0.0,0.0,14.414559999999994
194.59656,22.9,0.0,0.0,0.0,0.0,0.0,0.0,0.0,12.612740000000002
198.2002,22.983333333333334,3.603639999999984,0.0,0.0,0.0,0.0,0.0,0.0,7.207280000000026
201.80384,23.066666666666663,3.603639999999984,0.0,0.0,0.0,0.0,0.0,0.0,1.801820000000049
203.60566000000003,23.15,1.801820000000049,0.0,0.0,0.0,0.0,0.0,0.0,1.801819999999992
205.40748,23.233333333333334,1.801819999999992,0.0,0.0,0.0,0.0,0.0,0.0,3.603639999999984
209.01112,23.316666666666663,3.603639999999984,0.0,0.0,0.0,0.0,0.0,0.0,5.405460000000005
212.61476,23.4,3.603640000000013,0.0,0.0,0.0,0.0,0.0,0.0,5.405459999999977
212.61476,23.483333333333334,0.0,0.0,0.0,0.0,0.0,0.0,0.0,10.810919999999982
212.61476,23.566666666666663,0.0,0.0,0.0,0.0,0.0,0.0,0.0,12.612739999999974
212.61476,23.65,0.0,0.0,0.0,0.0,0.0,0.0,0.0,18.018200000000007
210.81294,23.733333333333334,-1.8018200000000208,0.0,0.0,0.0,0.0,0.0,0.0,21.62184000000002
209.01112,23.816666666666663,-1.801819999999992,0.0,0.0,0.0,0.0,0.0,0.0,25.225480000000005
207.2093,23.9,-1.801819999999992,0.0,0.0,0.0,0.0,0.0,0.0,27.027299999999997
205.40748,23.983333333333334,-1.801819999999992,0.0,0.0,0.0,0.0,0.0,0.0,32.43275999999997
203.60566000000003,0.0666666666666666,-1.801819999999992,0.0,0.0,0.0,0.0,0.0,0.0,36.036399999999986
205.40748,0.15,1.801819999999992,0.0,0.0,0.0,0.0,0.0,0.0,37.83821999999998
209.01112,0.2333333333333333,3.603639999999984,0.0,0.0,0.0,0.0,0.0,0.0,39.64004
214.41658,0.3166666666666666,5.405460000000005,0.0,0.0,0.0,0.0,0.0,0.0,41.44185999999999
218.02022,0.4,3.603639999999984,0.0,0.0,0.0,0.0,0.0,0.0,43.24367999999998
223.42568,0.4833333333333333,5.405460000000005,0.0,0.0,0.0,0.0,0.0,0.0,43.24368000000004
225.2275,0.5666666666666667,1.801819999999992,0.0,0.0,0.0,0.0,0.0,0.0,48.64914000000002
230.63296000000005,0.65,5.4054600000000335,0.0,0.0,0.0,0.0,0.0,0.0,46.84731999999997
232.43478,0.7333333333333333,1.801819999999992,0.0,0.0,0.0,0.0,0.0,0.0,48.64913999999996
234.2366,0.8166666666666667,1.801819999999992,0.0,0.0,0.0,0.0,0.0,0.0,50.45096000000001
234.2366,0.9,0.0,0.0,0.0,0.0,0.0,0.0,0.0,52.25277999999997
237.84024,0.9833333333333332,3.603639999999984,0.0,0.0,0.0,0.0,0.0,0.0,48.64913999999999
239.64206,1.0666666666666669,1.8018200000000208,0.0,0.0,0.0,0.0,0.0,0.0,48.64913999999999
243.2457,1.15,3.603639999999984,0.0,0.0,0.0,0.0,0.0,0.0,45.0455
248.65116,1.2333333333333334,5.405460000000005,0.0,0.0,0.0,0.0,0.0,0.0,43.24367999999998
255.85844,1.3166666666666669,7.207279999999997,0.0,0.0,0.0,0.0,0.0,0.0,39.64003999999997
261.2639,1.4,5.405459999999977,0.0,0.0,0.0,0.0,0.0,0.0,36.036400000000015
266.66936000000004,1.4833333333333334,5.405460000000062,0.0,0.0,0.0,0.0,0.0,0.0,36.03639999999996
273.87664,1.5666666666666669,7.207279999999969,0.0,0.0,0.0,0.0,0.0,0.0,32.43275999999997
277.48028,1.65,3.603639999999984,0.0,0.0,0.0,0.0,0.0,0.0,32.43275999999997
281.08392,1.7333333333333334,3.603639999999984,0.0,0.0,0.0,0.0,0.0,0.0,28.82911999999999
284.68756,1.8166666666666669,3.6036400000000417,0.0,0.0,0.0,0.0,0.0,0.0,23.423659999999984
286.48938,1.9,1.801819999999964,0.0,0.0,0.0,0.0,0.0,0.0,19.82002
286.48938,1.9833333333333336,0.0,0.0,0.0,0.0,0.0,0.0,0.0,18.01819999999998
288.2912,2.066666666666667,1.8018200000000208,0.0,0.0,0.0,0.0,0.0,0.0,12.612739999999974
288.2912,2.15,0.0,0.0,0.0,0.0,0.0,0.0,0.0,5.405460000000005
291.89484,2.2333333333333334,3.603639999999984,0.0,0.0,0.0,0.0,0.0,0.0,-7.207279999999969
295.49848,2.3166666666666664,3.603639999999984,0.0,0.0,0.0,0.0,0.0,0.0,-19.820019999999943
297.3003,2.4,1.8018200000000208,0.0,0.0,0.0,0.0,0.0,0.0,-28.82911999999999
302.70576,2.4833333333333334,5.405460000000005,0.0,0.0,0.0,0.0,0.0,0.0,-39.64004
306.3094,2.5666666666666664,3.603639999999984,0.0,0.0,0.0,0.0,0.0,0.0,-43.24367999999998
309.91303999999997,2.65,3.603639999999984,0.0,0.0,0.0,0.0,0.0,0.0,-45.0455
309.91303999999997,2.7333333333333334,0.0,0.0,0.0,0.0,0.0,0.0,0.0,-41.44185999999996
308.11122,2.8166666666666664,-1.801819999999964,0.0,0.0,0.0,0.0,0.0,0.0,-34.234579999999994
306.3094,2.9,-1.8018200000000208,0.0,0.0,0.0,0.0,0.0,0.0,-28.82911999999999
304.50757999999996,2.9833333333333334,-1.8018200000000208,0.0,0.0,0.0,0.0,0.0,0.0,-23.423659999999984
300.90394,3.066666666666667,-3.603639999999984,0.0,0.0,0.0,0.0,0.0,0.0,-16.21637999999996
293.69666,3.15,-7.207279999999969,0.0,0.0,0.0,0.0,0.0,0.0,-9.00909999999999
284.68756,3.2333333333333334,-9.00909999999999,0.0,0.0,0.0,0.0,0.0,0.0,1.801819999999964
275.67846000000003,3.3166666666666664,-9.00909999999999,0.0,0.0,0.0,0.0,0.0,0.0,10.810919999999951
268.47118,3.4,-7.207280000000026,0.0,0.0,0.0,0.0,0.0,0.0,19.82002
263.06572,3.4833333333333334,-5.405460000000005,0.0,0.0,0.0,0.0,0.0,0.0,25.225480000000005
263.06572,3.5666666666666664,0.0,0.0,0.0,0.0,0.0,0.0,0.0,23.423659999999984
264.86753999999996,3.65,1.801819999999964,0.0,0.0,0.0,0.0,0.0,0.0,18.018200000000036
268.47118,3.7333333333333334,3.6036400000000417,0.0,0.0,0.0,0.0,0.0,0.0,7.207280000000026
273.87664,3.8166666666666664,5.405460000000005,0.0,0.0,0.0,0.0,0.0,0.0,-5.405460000000005
277.48028,3.9,3.603639999999984,0.0,0.0,0.0,0.0,0.0,0.0,-16.216380000000015
281.08392,3.9833333333333334,3.603639999999984,0.0,0.0,0.0,0.0,0.0,0.0,-27.02729999999997
284.68756,4.066666666666666,3.6036400000000417,0.0,0.0,0.0,0.0,0.0,0.0,-36.036400000000015
284.68756,4.15,0.0,0.0,0.0,0.0,0.0,0.0,0.0,-41.44186000000002
286.48938,4.233333333333333,1.801819999999964,0.0,0.0,0.0,0.0,0.0,0.0,-43.24367999999998
286.48938,4.316666666666666,0.0,0.0,0.0,0.0,0.0,0.0,0.0,-41.44185999999999
288.2912,4.4,1.8018200000000208,0.0,0.0,0.0,0.0,0.0,0.0,-41.44186000000002
288.2912,4.483333333333333,0.0,0.0,0.0,0.0,0.0,0.0,0.0,-39.64004
286.48938,4.566666666666666,-1.8018200000000208,0.0,0.0,0.0,0.0,0.0,0.0,-37.83821999999998
282.88574,4.65,-3.603639999999984,0.0,0.0,0.0,0.0,0.0,0.0,-37.83822000000001
275.67846000000003,4.733333333333333,-7.207279999999969,0.0,0.0,0.0,0.0,0.0,0.0,-36.036400000000015
268.47118,4.816666666666666,-7.207280000000026,0.0,0.0,0.0,0.0,0.0,0.0,-34.234579999999994
261.2639,4.9,-7.207280000000026,0.0,0.0,0.0,0.0,0.0,0.0,-32.43276
254.05662,4.983333333333333,-7.207279999999969,0.0,0.0,0.0,0.0,0.0,0.0,-30.63094000000001
248.65116,5.066666666666666,-5.405460000000005,0.0,0.0,0.0,0.0,0.0,0.0,-27.027299999999997
243.2457,5.15,-5.405460000000005,0.0,0.0,0.0,0.0,0.0,0.0,-23.423660000000012
243.2457,5.233333333333333,0.0,0.0,0.0,0.0,0.0,0.0,0.0,-25.225480000000005
245.04752,5.316666666666666,1.801819999999992,0.0,0.0,0.0,0.0,0.0,0.0,-27.027299999999997
246.84934,5.4,1.801819999999992,0.0,0.0,0.0,0.0,0.0,0.0,-27.027299999999997
248.65116,5.483333333333333,1.8018200000000208,0.0,0.0,0.0,0.0,0.0,0.0,-27.027299999999997
248.65116,5.566666666666666,0.0,0.0,0.0,0.0,0.0,0.0,0.0,-27.027299999999997
245.04752,5.65,-3.603640000000013,0.0,0.0,0.0,0.0,0.0,0.0,-23.423659999999984
239.64206,5.733333333333333,-5.405459999999977,0.0,0.0,0.0,0.0,0.0,0.0,-23.423660000000012
234.2366,5.816666666666666,-5.405460000000005,0.0,0.0,0.0,0.0,0.0,0.0,-21.62183999999999
228.83114,5.9,-5.4054600000000335,0.0,0.0,0.0,0.0,0.0,0.0,-23.423659999999956
223.42568,5.983333333333333,-5.405459999999977,0.0,0.0,0.0,0.0,0.0,0.0,-21.62184000000002
221.62386,6.066666666666666,-1.801819999999992,0.0,0.0,0.0,0.0,0.0,0.0,-3.603640000000013
219.82204,6.15,-1.8018200000000208,0.0,0.0,0.0,0.0,0.0,0.0,-23.423659999999984
218.02022,6.233333333333333,-1.801819999999992,0.0,0.0,0.0,0.0,0.0,0.0,-25.225480000000005
218.02022,6.316666666666666,0.0,0.0,0.0,0.0,0.0,0.0,0.0,-28.82911999999999
219.82204,6.4,1.801819999999992,0.0,0.0,0.0,0.0,0.0,0.8875112762564497,-32.43275999999997
221.62386,6.483333333333333,1.8018200000000208,0.0,0.0,0.0,0.0,0.0,1.622877762297508,-36.036399999999986
221.62386,6.566666666666666,0.0,0.0,0.0,0.0,0.0,0.0,1.8595474359658943,-39.64004
221.62386,6.65,0.0,0.0,0.0,0.0,0.0,0.0,1.7885465338653788,-43.24368000000001
216.2184,6.733333333333333,-5.405460000000005,0.0,0.0,0.0,0.0,0.0,1.5848415647436602,-41.44186000000002
212.61476,6.816666666666666,-3.603639999999984,0.0,0.0,0.0,0.0,0.0,0.9940126294072238,-41.44186000000002
205.40748,6.9,-7.207279999999997,0.0,0.0,0.0,0.0,0.0,0.7108542698396902,-37.83822000000001
201.80384,6.983333333333333,-3.6036400000000417,0.0,0.0,0.0,0.0,0.0,0.0,-39.64003999999997
218.02022,7.0,16.216380000000015,0.0,0.0,0.0,0.0,0.0,0.0,-61.26188000000002
196.39838,7.066666666666666,-21.62183999999999,0.0,0.0,0.0,0.0,0.0,0.0,-37.83821999999998
192.79474,7.15,-3.603640000000013,0.0,0.0,0.0,0.0,0.0,0.0,-41.44185999999999
189.1911,7.233333333333333,-3.603639999999984,0.0,0.0,0.0,0.0,0.0,0.0,-45.0455
187.38928,7.316666666666666,-1.801819999999992,0.0,0.0,0.0,0.0,0.0,0.0,-50.45096000000001
185.58746,7.4,-1.801819999999992,0.0,0.0,0.0,0.0,0.0,0.0,-54.05460000000002
181.98382,7.483333333333333,-3.603640000000013,0.0,0.0,0.0,0.0,0.0,0.0,-54.05460000000001
178.38018,7.566666666666666,-3.603640000000013,0.0,0.0,0.0,0.0,0.0,0.0,-50.450959999999995
174.77653999999998,7.65,-3.603640000000013,0.0,0.0,0.0,0.0,0.0,0.0,-43.24367999999998
171.1729,7.733333333333333,-3.603639999999984,0.0,0.0,0.0,0.0,0.0,0.0,-30.63094000000001
167.56926,7.816666666666666,-3.603639999999984,0.0,0.0,0.0,0.0,0.0,0.0,-14.414560000000025
162.1638,7.9,-5.405460000000005,0.0,0.0,0.0,0.0,0.0,0.0,5.405460000000005
156.75833999999998,7.983333333333333,-5.4054600000000335,0.0,0.0,0.0,0.0,0.0,0.0,27.027300000000025
158.56016000000002,8.0,1.801820000000049,0.0,0.0,0.0,0.0,0.0,0.0,41.44185999999996
151.35288,8.066666666666666,-7.207280000000026,0.0,0.0,0.0,0.0,0.0,0.0,64.86552
144.1456,8.15,-7.207279999999997,0.0,0.0,0.0,0.0,0.0,0.0,86.48736000000002
136.93832,8.233333333333333,-7.207279999999997,0.0,0.0,0.0,0.0,0.0,0.0,106.30738
131.53286,8.316666666666666,-5.405460000000005,0.0,0.0,0.0,0.0,0.0,0.0,124.32558
127.92922,8.4,-3.603639999999998,0.0,0.0,0.0,0.0,0.0,0.0,138.74014000000005
127.92922,8.483333333333333,0.0,0.0,0.0,0.0,0.0,0.0,0.0,147.74924000000004
131.53286,8.566666666666666,3.603639999999998,0.0,0.0,0.0,0.0,0.0,0.0,153.15470000000002
140.54196,8.65,9.00909999999999,0.0,0.0,0.0,0.0,0.0,0.0,154.95651999999998
153.1547,8.733333333333333,12.612740000000002,0.0,0.0,0.0,0.0,0.0,0.0,151.35287999999997
167.56926,8.816666666666666,14.414560000000025,0.0,0.0,0.0,0.0,0.0,0.0,145.94741999999994
183.78564,8.9,16.216379999999987,0.0,0.0,0.0,0.0,0.0,0.0,140.54196000000002
200.00202,8.983333333333333,16.216379999999987,0.0,0.0,0.0,0.0,0.0,0.0,135.13650000000004
216.2184,9.066666666666666,16.216380000000015,0.0,0.0,0.0,0.0,0.0,0.0,127.92922000000002
230.63296000000005,9.15,14.414560000000025,0.0,0.0,0.0,0.0,0.0,0.0,120.72193999999996
243.2457,9.233333333333333,12.612739999999974,0.0,0.0,0.0,0.0,0.0,0.0,113.51466
255.85844,9.316666666666666,12.612740000000002,0.0,0.0,0.0,0.0,0.0,0.0,100.90192
266.66936000000004,9.4,10.810920000000038,0.0,0.0,0.0,0.0,0.0,0.0,86.48735999999997
275.67846000000003,9.483333333333333,9.00909999999999,0.0,0.0,0.0,0.0,0.0,0.0,70.27097999999995
284.68756,9.566666666666666,9.00909999999999,0.0,0.0,0.0,0.0,0.0,0.0,50.45096000000001
295.49848,9.65,10.810919999999951,0.0,0.0,0.0,0.0,0.0,0.0,25.22548000000006
304.50757999999996,9.733333333333333,9.00909999999999,0.0,0.0,0.0,0.0,0.0,0.0,0.0
313.51667999999995,9.816666666666666,9.00909999999999,0.0,0.0,0.0,0.0,0.0,0.0,-27.02729999999997
324.3276,9.9,10.810920000000069,0.0,0.0,0.0,0.0,0.0,0.0,-54.05459999999999
335.13852,9.983333333333333,10.81092000000001,0.0,0.0,0.0,0.0,0.0,0.0,-79.28008000000003
344.14762,10.066666666666666,9.00909999999999,0.0,0.0,0.0,0.0,0.0,0.0,-100.90192000000002
351.3549,10.15,7.207279999999969,0.0,0.0,0.0,0.0,0.0,0.0,-118.92011999999995
356.76036,10.233333333333333,5.405460000000005,0.0,0.0,0.0,0.0,0.0,0.0,-135.13649999999998
356.76036,10.316666666666666,0.0,0.0,0.0,0.0,0.0,0.0,0.0,-144.14559999999997
353.15672,10.4,-3.603639999999984,0.0,0.0,0.0,0.0,0.0,0.0,-147.74924
345.94944,10.483333333333333,-7.207280000000026,0.0,0.0,0.0,0.0,0.0,0.0,-147.74924
335.13852,10.566666666666666,-10.810919999999951,0.0,0.0,0.0,0.0,0.0,0.0,-142.34378000000004
320.72396000000003,10.65,-14.414559999999994,0.0,0.0,0.0,0.0,0.0,0.0,-135.1365
304.50757999999996,10.733333333333333,-16.216380000000072,0.0,0.0,0.0,0.0,0.0,0.0,-124.32557999999996
286.48938,10.816666666666666,-18.01819999999998,0.0,0.0,0.0,0.0,0.0,0.0,-111.71284
270.273,10.9,-16.21637999999996,0.0,0.0,0.0,0.0,0.0,0.0,-100.90192000000002
255.85844,10.983333333333333,-14.414560000000025,0.0,0.0,0.0,0.0,0.0,0.0,-90.091
243.2457,11.066666666666666,-12.612740000000002,0.0,0.0,0.0,0.0,0.0,0.0,-82.88371999999998
232.43478,11.15,-10.810919999999982,0.0,0.0,0.0,0.0,0.0,0.0,-77.47826000000003
221.62386,11.233333333333333,-10.81092000000001,0.0,0.0,0.0,0.0,0.0,0.0,-72.0728
212.61476,11.316666666666666,-9.00909999999999,0.0,0.0,0.0,0.0,0.0,0.0,-70.27098000000001
205.40748,11.4,-7.207279999999997,0.0,0.0,0.0,0.0,0.0,0.0,-70.27098000000001
198.2002,11.483333333333333,-7.207280000000026,0.0,0.0,0.0,0.0,0.0,0.0,-68.46915999999999
192.79474,11.566666666666666,-5.405460000000005,0.0,0.0,0.0,0.0,0.0,0.0,-68.46915999999999
185.58746,11.65,-7.207279999999969,0.0,0.0,0.0,0.0,0.0,0.0,-68.46916000000002
180.182,11.733333333333333,-5.405460000000005,0.0,0.0,0.0,0.0,0.0,0.0,-68.46916000000002
174.77653999999998,11.816666666666666,-5.4054600000000335,0.0,0.0,0.0,0.0,0.0,0.0,-68.46915999999997
169.37108,11.9,-5.405459999999977,0.0,0.0,0.0,0.0,0.0,0.0,-64.86552
165.76744,11.983333333333333,-3.603640000000013,0.0,0.0,0.0,0.0,0.0,0.0,-63.06369999999998
160.36198000000002,12.066666666666666,-5.405459999999977,0.0,0.0,0.0,0.0,0.0,0.0,-57.658240000000006
154.95651999999998,12.15,-5.4054600000000335,0.0,0.0,0.0,0.0,0.0,0.0,-48.649139999999974
149.55106,12.233333333333333,-5.405459999999977,0.0,0.0,0.0,0.0,0.0,0.0,-39.64004000000001
142.34378,12.316666666666666,-7.207279999999997,0.0,0.0,0.0,0.0,0.0,0.0,-28.829120000000017
135.1365,12.4,-7.207279999999997,0.0,0.0,0.0,0.0,0.0,0.0,-19.82002
129.73104,12.483333333333333,-5.405460000000005,0.0,0.0,0.0,0.0,0.0,0.0,-14.414559999999994
124.32558,12.566666666666666,-5.405460000000005,0.0,0.0,0.0,0.0,0.0,0.0,-9.00909999999999
117.1183,12.65,-7.207279999999997,0.0,0.0,0.0,0.0,0.0,0.0,-3.603640000000013
111.71284,12.733333333333333,-5.405460000000005,0.0,0.0,0.0,0.0,0.0,0.0,-10.81092000000001
106.30738,12.816666666666666,-5.405459999999991,0.0,0.0,0.0,0.0,0.0,0.0,5.405459999999991
104.50556,12.9,-1.8018200000000064,0.4839032567642244,1.0703040230365717,0.0132733225195911,0.1303270022889736,0.6209269962492472,0.0,5.405459999999991
102.70374,12.983333333333333,-1.801819999999992,0.8539158055706153,1.0703040230365717,0.0132733225195911,0.1303270022889736,0.6209269962492472,0.0,5.405459999999991
102.70374,13.066666666666666,0.0,0.9994870527648156,1.0703040230365717,0.0132733225195911,0.1303270022889736,0.6209269962492472,0.0,7.207279999999983
106.30738,13.15,3.603639999999998,1.21830746928561,2.122338854241095,0.0132733225195911,0.1303270022889736,1.1915673940690217,0.0,5.405459999999991
109.91102,13.233333333333333,3.603639999999984,1.2941758292323582,2.122338854241095,0.0132733225195911,0.1303270022889736,1.1915673940690217,0.0,5.405460000000019
113.51466,13.316666666666666,3.603639999999998,1.349429084050109,3.150613002954563,0.0132733225195911,0.2488220752835306,1.1915673940690217,0.0,7.2072800000000115
115.31648,13.4,1.8018200000000208,1.38537682904894,3.150613002954563,0.0132733225195911,0.2488220752835306,1.7128410002192738,0.0,9.00909999999999
115.31648,13.483333333333333,0.0,1.4033286595389272,4.149634978517973,0.0513235137424192,0.2488220752835306,1.7128410002192738,0.0,14.414559999999994
115.31648,13.566666666666666,0.0,1.404594170830148,4.149634978517973,0.0513235137424192,0.2488220752835306,1.7128410002192738,0.0,16.216379999999987
113.51466,13.65,-1.8018200000000208,1.39048295823268,4.149634978517973,0.0513235137424192,0.3558104047569622,2.185667621459955,0.0,19.820020000000028
100.90192,13.666666666666666,-12.612740000000002,1.362304617056599,5.113913290272317,0.0513235137424192,0.3558104047569622,2.185667621459955,0.0,32.43276000000003
111.71284,13.733333333333333,10.81092000000001,1.321368742611983,5.113913290272317,0.0513235137424192,0.3558104047569622,2.185667621459955,0.0,21.62184000000002
109.91102,13.816666666666666,-1.8018200000000064,1.2689849302089076,6.037956447558587,0.0513235137424192,0.3558104047569622,2.6109670645510152,0.0,23.423660000000027
108.1092,13.9,-1.801819999999992,1.2064627751574504,6.037956447558587,0.1114959091645659,0.3558104047569622,2.6109670645510152,0.0,23.42366
109.91102,13.983333333333333,1.801819999999992,1.135111872767688,6.916272959717782,0.1114959091645659,0.4516171764825605,2.6109670645510152,0.0,18.018200000000007
111.71284,14.066666666666666,1.8018200000000064,1.135111872767688,6.916272959717782,0.1114959091645659,0.4516171764825605,2.6109670645510152,0.0,14.414559999999994
115.31648,14.15,3.603640000000013,1.0562418183496975,7.743371336090893,0.1114959091645659,0.4516171764825605,2.9896591362524045,0.0,9.00909999999999
120.72194,14.233333333333333,5.405459999999991,0.9711622072135556,7.743371336090893,0.1114959091645659,0.4516171764825605,2.9896591362524045,0.0,1.801819999999992
124.32558,14.316666666666666,3.603639999999998,0.8811826346693394,8.513760086018914,0.1114959091645659,0.5365675762336168,2.9896591362524045,0.0,-5.405460000000005
129.73104,14.4,5.405460000000005,0.7876126960271255,8.513760086018914,0.1114959091645659,0.5365675762336168,3.3226636433240753,0.0,-12.612740000000002
131.53286,14.483333333333333,1.801819999999992,0.7876126960271255,9.221947718842843,0.191135844282113,0.5365675762336168,3.3226636433240753,0.0,-18.018200000000007
133.33468000000002,14.566666666666666,1.8018200000000208,0.6917619865969912,9.221947718842843,0.191135844282113,0.5365675762336168,3.3226636433240753,0.0,-21.62184000000002
133.33468000000002,14.65,0.0,0.5949401016890132,9.862442743903667,0.191135844282113,0.6109867897834222,3.3226636433240753,0.0,-23.423660000000027
133.33468000000002,14.733333333333333,0.0,0.4984566366132683,9.862442743903667,0.191135844282113,0.6109867897834222,3.6109003925259775,0.0,-27.02730000000001
133.33468000000002,14.816666666666666,0.0,0.4036211866798335,10.429753670542384,0.191135844282113,0.6109867897834222,3.6109003925259775,0.0,-28.829120000000017
131.53286,14.9,-1.8018200000000208,0.4036211866798335,10.918389008099991,0.2875886545911423,0.6109867897834222,3.6109003925259775,0.0,-30.63094000000001
127.92922,14.983333333333333,-3.603639999999998,0.3117433471987852,10.918389008099991,0.2875886545911423,0.6752000029052694,3.6109003925259775,0.0,-30.630939999999995
126.1274,15.066666666666666,-1.8018200000000064,0.2241327134802011,11.32285726591748,0.2875886545911423,0.6752000029052694,3.855289190618061,0.0,-30.630939999999995
124.32558,15.15,-1.801819999999992,0.1420988808341576,11.32285726591748,0.2875886545911423,0.6752000029052694,3.855289190618061,0.0,-30.630939999999995
122.52376,15.233333333333333,-1.8018200000000064,0.0669514445707314,11.637666953335843,0.2875886545911423,0.6752000029052694,3.855289190618061,0.0,-30.630939999999995
118.92012,15.316666666666666,-3.603639999999998,0.0669514445707314,11.857326579696077,0.3981996755877355,0.7295324013724489,4.056749844360278,0.0,-27.027299999999997
117.1183,15.4,-1.801819999999992,0.0,11.857326579696077,0.3981996755877355,0.7295324013724489,4.056749844360278,0.0,-23.42366
113.51466,15.483333333333333,-3.603640000000013,0.0,11.976344654339176,0.3981996755877355,0.7295324013724489,4.056749844360278,0.0,-16.216379999999987
111.71284,15.566666666666666,-1.801819999999992,0.0,11.976344654339176,0.3981996755877355,0.7295324013724489,4.056749844360278,0.0,-7.207279999999997
109.91102,15.65,-1.8018200000000064,0.0,11.989229686606132,0.3981996755877355,0.7743091709582527,4.216202160512576,0.0,3.603639999999998
106.30738,15.733333333333333,-3.603639999999984,0.0,11.890490185837942,0.5203142427679743,0.7743091709582527,4.216202160512576,0.0,16.216379999999987
104.50556,15.816666666666666,-1.8018200000000064,0.0,11.890490185837942,0.5203142427679743,0.7743091709582527,4.216202160512576,0.0,28.829120000000017
100.90192,15.9,-3.603640000000013,0.0,11.674634661375595,0.5203142427679743,0.8098554974359724,4.216202160512576,0.0,41.44186000000002
97.29828,15.983333333333333,-3.603639999999984,0.0,11.336171622560093,0.5203142427679743,0.8098554974359724,4.334565945834909,0.0,54.05459999999999
95.49646,16.066666666666666,-1.8018200000000064,0.0,11.336171622560093,0.5203142427679743,0.8098554974359724,4.334565945834909,0.0,23.42366
93.69464,16.15,-1.801819999999992,0.0,11.336171622560093,0.5203142427679743,0.8098554974359724,4.334565945834909,0.0,64.86552000000002
91.89282,16.233333333333334,-1.8018200000000064,0.0,10.86960957873242,0.6512776916279407,0.8098554974359724,4.334565945834909,0.0,75.67644000000001
91.89282,16.316666666666666,0.0,0.0,10.26945703923358,0.6512776916279407,0.8364965665788993,4.334565945834909,0.0,82.88371999999998
93.69464,16.4,1.8018200000000064,0.0,10.26945703923358,0.6512776916279407,0.8364965665788993,4.412761007087226,0.0,90.091
97.29828,16.483333333333334,3.603639999999998,0.0,9.530222513404564,0.6512776916279407,0.8364965665788993,4.412761007087226,0.0,95.49645999999998
104.50556,16.566666666666666,7.207279999999997,0.0,9.530222513404564,0.7884353576637162,0.8545575641603251,4.412761007087226,0.0,95.49645999999998
113.51466,16.65,9.00909999999999,0.0,8.646414510586364,0.7884353576637162,0.8545575641603251,4.412761007087226,0.0,93.69464000000002
122.52376,16.733333333333334,9.009100000000004,0.0,7.61254154011998,0.7884353576637162,0.8545575641603251,4.451707151029478,0.0,91.89282
133.33468000000002,16.816666666666666,10.810920000000024,0.0,7.61254154011998,0.7884353576637162,0.8643636759535416,4.451707151029478,0.0,88.28917999999999
142.34378,16.9,9.00909999999999,0.0,6.423112111346392,0.9291325763713828,0.8643636759535416,4.451707151029478,0.0,86.48735999999997
151.35288,16.983333333333334,9.00909999999999,0.0,5.07263473360661,0.9291325763713828,0.8643636759535416,4.451707151029478,0.0,82.88372000000001
118.92012,17.0,-32.43276,0.0,5.07263473360661,0.9291325763713828,0.8662400877318399,4.452324184421617,0.0,122.52376
158.56016000000002,17.066666666666666,39.64004000000003,0.0,3.555617916241623,0.9291325763713828,0.8662400877318399,4.452324184421617,0.0,90.09099999999998
167.56926,17.15,9.00909999999999,0.0,3.555617916241623,1.0707146832470225,0.8662400877318399,4.452324184421617,0.0,88.28917999999999
174.77653999999998,17.233333333333334,7.207279999999969,0.0,1.8665701685924172,1.0707146832470225,0.8605119852685122,4.415531914023591,0.0,84.68554000000003
183.78564,17.316666666666666,9.009100000000018,0.0,1.8665701685924172,1.0707146832470225,0.8605119852685122,4.415531914023591,0.0,75.67644000000001
192.79474,17.4,9.00909999999999,0.0,0.0,1.210527013786716,0.8605119852685122,4.415531914023591,0.0,64.86552
200.00202,17.483333333333334,7.207279999999997,0.0,0.0,1.210527013786716,0.8475045543368497,4.415531914023591,0.0,52.25278
207.2093,17.566666666666666,7.207280000000026,0.0,0.0,1.210527013786716,0.8475045543368497,4.342250146595352,0.0,36.036399999999986
214.41658,17.65,7.207279999999997,0.0,0.0,1.345914903486546,0.8275429807101438,4.342250146595352,0.0,19.82002
221.62386,17.733333333333334,7.207279999999997,0.0,0.0,1.345914903486546,0.8275429807101438,4.342250146595352,0.0,0.0
228.83114,17.816666666666666,7.207279999999969,0.0,0.0,1.345914903486546,0.8275429807101438,4.233398688896851,0.0,-18.01819999999998
234.2366,17.9,5.4054600000000335,0.0,0.0,1.474223687842594,0.8009524501616863,4.233398688896851,0.0,-34.23458000000002
241.44388,17.983333333333334,7.207279999999997,0.0,0.0,1.474223687842594,0.8009524501616863,4.233398688896851,0.0,-48.64914000000002
248.65116,18.066666666666663,7.207279999999997,0.0,0.0,1.474223687842594,0.8009524501616863,4.233398688896851,0.0,-41.44185999999999
255.85844,18.15,7.207279999999997,0.0,0.0,1.474223687842594,0.7680581484647686,4.233398688896851,0.0,-68.46915999999999
259.46208,18.233333333333334,3.603640000000013,0.0,0.0,1.5927987023509422,0.7680581484647686,4.089897347688037,0.0,-73.87462
259.46208,18.316666666666663,0.0,0.0,0.0,1.5927987023509422,0.7680581484647686,4.089897347688037,0.0,-73.87462
257.66026,18.4,-1.8018200000000208,0.0,0.0,1.6989852825076714,0.7291852613926825,4.089897347688037,0.0,-72.07279999999997
252.2548,18.483333333333334,-5.405460000000005,0.0,0.0,1.6989852825076714,0.7291852613926825,3.9126659297288633,0.0,-66.66733999999997
243.2457,18.566666666666663,-9.00909999999999,0.0,0.0,1.7901287638088643,0.6846589747187195,3.9126659297288633,0.0,-57.65823999999998
234.2366,18.65,-9.00909999999999,0.0,0.0,1.7901287638088643,0.6846589747187195,3.9126659297288633,0.0,-50.45096000000001
221.62386,18.733333333333334,-12.612740000000002,0.0,0.0,1.863574481750602,0.6348044742161708,3.70262424177928,0.0,-39.64004
210.81294,18.816666666666663,-10.81092000000001,0.0,0.0,1.863574481750602,0.6348044742161708,3.70262424177928,0.0,-30.63093999999998
200.00202,18.9,-10.81092000000001,0.0,0.0,1.9166677718289669,0.5799469456583285,3.70262424177928,0.0,-21.62183999999999
192.79474,18.983333333333334,-7.207279999999997,0.0,0.0,1.9166677718289669,0.5799469456583285,3.4606920905992347,0.0,-14.414559999999994
207.2093,19.0,14.414560000000025,0.0,0.0,1.9467539695400404,0.5204115748184839,3.4606920905992347,0.0,-28.829120000000017
187.38928,19.066666666666663,-19.82002,0.0,0.0,1.951178410379904,0.5204115748184839,3.4606920905992347,0.0,-7.207279999999997
185.58746,19.15,-1.801819999999992,0.0,0.0,1.951178410379904,0.4565235474699287,3.187789282948681,0.0,-3.603640000000013
185.58746,19.233333333333334,0.0,0.0,0.0,1.92728642984464,0.3886080493859544,3.187789282948681,0.0,0.0
185.58746,19.316666666666663,0.0,0.0,0.0,1.87242336343033,0.3886080493859544,3.187789282948681,0.0,7.207279999999969
185.58746,19.4,0.0,0.0,0.0,1.7839345466330552,0.3169902663398522,2.8848356255875696,0.0,10.810919999999982
185.58746,19.483333333333334,0.0,0.0,0.0,1.6591653149488983,0.2419953841049143,2.8848356255875696,0.0,18.018200000000007
183.78564,19.566666666666663,-1.8018200000000208,0.0,0.0,1.4954610038739409,0.163948588454432,2.5527509252758493,4.502471491774148,23.423660000000012
181.98382,19.65,-1.801819999999992,0.0,0.0,1.290166948904263,0.163948588454432,2.5527509252758493,8.925827692636293,30.63094000000001
180.182,19.733333333333334,-1.801819999999992,0.0,0.0,1.040628485535949,0.0831750651616965,2.192454988773473,10.6474305188069,36.036399999999986
178.38018,19.816666666666663,-1.8018200000000208,0.0,0.0,0.7441909492650797,0.0,2.192454988773473,10.373569896419198,45.0455
178.38018,19.9,0.0,0.3226021711761496,1.0703040230365717,0.4203218797870538,0.5213080091558946,2.1153311209650116,9.035710041125188,52.25278000000003
178.38018,19.983333333333334,0.0,0.5692772037137436,1.0703040230365717,0.4203218797870538,0.5213080091558946,2.1153311209650116,6.90940207298164,61.26188000000002
180.182,20.066666666666663,1.8018200000000208,0.7470096059331919,2.122338854241095,0.0221222041993186,0.5213080091558946,1.7013721323611724,4.122954765070204,70.27097999999998
181.98382,20.15,1.801819999999992,0.8122049795237399,2.122338854241095,0.0221222041993186,0.5213080091558946,1.5472815267564148,0.0,82.88371999999995
185.58746,20.233333333333334,3.603640000000013,0.8627838861549054,2.122338854241095,0.0221222041993186,0.9952883011341224,1.0833387130909142,0.0,91.89281999999996
192.79474,20.316666666666663,7.207279999999969,0.8996193893667394,3.150613002954563,0.0221222041993186,0.9952883011341224,0.5957836970345108,0.0,95.49646
196.39838,20.4,3.603640000000013,0.935552439692618,3.150613002954563,0.0221222041993186,0.9952883011341224,0.8564205001096369,0.0,104.50555999999996
203.60566000000003,20.483333333333334,7.207280000000026,0.9363961138867656,4.149634978517973,0.0855391895706987,0.9952883011341224,0.8564205001096369,0.0,106.30737999999994
207.2093,20.566666666666663,3.603639999999984,0.9269886388217868,4.149634978517973,0.0855391895706987,0.9952883011341224,0.8564205001096369,0.0,109.91102000000004
212.61476,20.65,5.405460000000005,0.9269886388217868,5.113913290272317,0.0855391895706987,1.423241619027849,1.0928338107299775,0.0,109.91101999999998
216.2184,20.733333333333334,3.603639999999984,0.9082030780377328,5.113913290272317,0.0855391895706987,1.423241619027849,1.0928338107299775,0.0,106.30738
223.42568,20.816666666666663,7.207279999999997,0.8809124950746552,5.113913290272317,0.0855391895706987,1.423241619027849,1.0928338107299775,0.0,97.29828000000003
230.63296000000005,20.9,7.207280000000026,0.8459899534726051,6.037956447558587,0.0855391895706987,1.423241619027849,1.3054835322755076,0.0,81.08190000000002
239.64206,20.983333333333334,9.00909999999999,0.8043085167716335,6.037956447558587,0.1858265152742765,1.8064687059302424,1.3054835322755076,0.0,61.26187999999996
250.45298,21.066666666666663,10.810919999999982,0.7567412485117919,6.916272959717782,0.1858265152742765,1.8064687059302424,1.3054835322755076,0.0,36.036399999999986
264.86753999999996,21.15,14.414559999999966,0.7041612122331317,6.916272959717782,0.1858265152742765,1.8064687059302424,1.4948295681262025,0.0,5.405460000000062
277.48028,21.233333333333334,12.61274000000003,0.7041612122331317,7.743371336090893,0.1858265152742765,1.8064687059302424,1.4948295681262025,0.0,-21.62183999999999
288.2912,21.316666666666663,10.81092000000001,0.6474414714757037,7.743371336090893,0.1858265152742765,1.8064687059302424,1.4948295681262025,0.0,-46.84732
300.90394,21.4,12.612739999999974,0.5874550897795596,8.513760086018914,0.1858265152742765,2.1462703049344674,1.4948295681262025,0.0,-72.0728
309.91303999999997,21.483333333333334,9.00909999999999,0.5250751306847503,8.513760086018914,0.3185597404701884,2.1462703049344674,1.6613318216620376,0.0,-91.89281999999996
317.12032000000005,21.566666666666663,7.207280000000083,0.4611746577313274,9.221947718842843,0.3185597404701884,2.1462703049344674,1.6613318216620376,0.0,-108.10920000000004
322.52578,21.65,5.405459999999948,0.4611746577313274,9.862442743903667,0.3185597404701884,2.1462703049344674,1.6613318216620376,0.0,-120.72194000000002
322.52578,21.733333333333334,0.0,0.3966267344593421,9.862442743903667,0.3185597404701884,2.443947159133689,1.6613318216620376,0.0,-127.92922
320.72396000000003,21.816666666666663,-1.801819999999964,0.3323044244088455,10.429753670542384,0.3185597404701884,2.443947159133689,1.8054501962629887,0.0,-133.33468000000002
311.71486000000004,21.9,-9.00909999999999,0.269080791119889,10.429753670542384,0.3185597404701884,2.443947159133689,1.8054501962629887,0.0,-127.92922000000004
300.90394,21.983333333333334,-10.810920000000069,0.2078288981325235,10.918389008099991,0.4793144243185705,2.443947159133689,1.8054501962629887,0.0,-120.72193999999996
286.48938,22.066666666666663,-14.414559999999994,0.2078288981325235,10.918389008099991,0.4793144243185705,2.7008000116210775,1.9276445953090304,0.0,-106.30737999999997
270.273,22.15,-16.21637999999996,0.1494218089868007,11.32285726591748,0.4793144243185705,2.7008000116210775,1.9276445953090304,0.0,-90.091
255.85844,22.233333333333334,-14.414560000000025,0.0947325872227717,11.637666953335843,0.4793144243185705,2.7008000116210775,1.9276445953090304,0.0,-73.87462
241.44388,22.316666666666663,-14.414559999999994,0.0446342963804876,11.637666953335843,0.4793144243185705,2.7008000116210775,1.9276445953090304,0.0,-55.856419999999986
228.83114,22.4,-12.61274000000003,0.0,11.857326579696077,0.6636661259795592,2.9181296054897956,2.028374922180139,0.0,-41.44185999999996
218.02022,22.483333333333334,-10.810919999999982,0.0,11.857326579696077,0.6636661259795592,2.9181296054897956,2.028374922180139,0.0,-27.027299999999997
209.01112,22.566666666666663,-9.00909999999999,0.0,11.976344654339176,0.6636661259795592,2.9181296054897956,2.028374922180139,0.0,-16.216380000000015
201.80384,22.65,-7.207280000000026,0.0,11.989229686606132,0.6636661259795592,3.0972366838330108,2.028374922180139,0.0,-9.00909999999999
194.59656,22.733333333333334,-7.207279999999969,0.0,11.989229686606132,0.6636661259795592,3.0972366838330108,2.108101080256288,0.0,-1.8018200000000208
187.38928,22.816666666666663,-7.207279999999997,0.0,11.890490185837942,0.8671904046132906,3.0972366838330108,2.108101080256288,0.0,1.801819999999992
183.78564,22.9,-3.603640000000013,0.0,11.674634661375595,0.8671904046132906,3.0972366838330108,2.108101080256288,0.0,3.603640000000013
180.182,22.983333333333334,-3.603639999999984,0.0,11.674634661375595,0.8671904046132906,3.2394219897438896,2.108101080256288,0.0,7.207279999999997
180.182,23.066666666666663,0.0,0.0,11.336171622560093,0.8671904046132906,3.2394219897438896,2.1672829729174543,0.0,7.207279999999997
180.182,23.15,0.0,0.0,11.336171622560093,0.8671904046132906,3.2394219897438896,2.1672829729174543,0.0,7.207279999999997
181.98382,23.233333333333334,1.801819999999992,0.0,10.86960957873242,1.0854628193799012,3.345986266315597,2.1672829729174543,0.0,5.405460000000005
185.58746,23.316666666666663,3.603640000000013,0.0,10.26945703923358,1.0854628193799012,3.345986266315597,2.1672829729174543,0.0,3.603639999999984
187.38928,23.4,1.801819999999992,0.0,10.26945703923358,1.0854628193799012,3.345986266315597,2.206380503543613,0.0,1.801819999999992
190.99292,23.483333333333334,3.603639999999984,0.0,9.530222513404564,1.0854628193799012,3.4182302566413005,2.206380503543613,0.0,-3.603639999999984
192.79474,23.566666666666663,1.801819999999992,0.0,8.646414510586364,1.314058929439527,3.4182302566413005,2.206380503543613,0.0,-7.207279999999969
192.79474,23.65,0.0,0.0,8.646414510586364,1.314058929439527,3.4182302566413005,2.225853575514739,0.0,-7.207279999999969
192.79474,23.733333333333334,0.0,0.0,7.61254154011998,1.314058929439527,3.4182302566413005,2.225853575514739,0.0,-7.207279999999969
189.1911,23.816666666666663,-3.603639999999984,0.0,7.61254154011998,1.314058929439527,3.4574547038141663,2.225853575514739,0.0,-1.801819999999992
187.38928,23.9,-1.801819999999992,0.0,6.423112111346392,1.548554293952305,3.4574547038141663,2.225853575514739,0.0,5.405459999999977
187.38928,23.983333333333334,0.0,0.0,5.07263473360661,1.548554293952305,3.4574547038141663,2.2261620922108083,0.0,10.810919999999982
187.38928,0.0666666666666666,0.0,0.0,5.07263473360661,1.548554293952305,3.4649603509273597,2.2261620922108083,0.0,18.018200000000007
187.38928,0.15,0.0,0.0,3.555617916241623,1.7845244720783706,3.4649603509273597,2.2261620922108083,0.0,25.225480000000005
187.38928,0.2333333333333333,0.0,0.0,3.555617916241623,1.7845244720783706,3.4649603509273597,2.2261620922108083,0.0,34.234579999999994
189.1911,0.3166666666666666,1.801819999999992,0.0,1.8665701685924172,1.7845244720783706,3.442047941074049,2.2077659570117953,0.0,39.64003999999997
189.1911,0.4,0.0,0.0,0.0,1.7845244720783706,3.442047941074049,2.2077659570117953,0.0,45.0455
187.38928,0.4833333333333333,-1.801819999999992,0.0,0.0,2.01754502297786,3.3900182173473987,2.2077659570117953,0.0,54.05459999999999
185.58746,0.5666666666666667,-1.801819999999992,0.0,0.0,2.01754502297786,3.3900182173473987,2.2077659570117953,0.0,63.06369999999998
185.58746,0.65,0.0,0.0,0.0,2.01754502297786,3.3900182173473987,2.171125073297676,0.0,66.66733999999997
185.58746,0.7333333333333333,0.0,0.0,0.0,2.24319150581091,3.310171922840575,2.171125073297676,0.0,70.27097999999998
187.38928,0.8166666666666667,1.801819999999992,0.0,0.0,2.24319150581091,3.310171922840575,2.171125073297676,0.0,70.27097999999998
192.79474,0.9,5.405459999999977,0.0,0.0,2.24319150581091,3.310171922840575,2.1166993444484254,0.0,64.86552
198.2002,0.9833333333333332,5.405460000000005,0.0,0.0,2.4570394797376567,3.203809800646745,2.1166993444484254,0.0,59.46006
205.40748,1.0666666666666669,7.207280000000026,0.0,0.0,2.4570394797376567,3.203809800646745,2.1166993444484254,0.0,52.25277999999997
212.61476,1.15,7.207279999999997,0.0,0.0,2.654664503918237,3.0722325938590744,2.1166993444484254,0.0,45.045499999999976
221.62386,1.2333333333333334,9.00909999999999,0.0,0.0,2.654664503918237,3.0722325938590744,2.0449486738440186,0.0,34.234579999999994
228.83114,1.3166666666666669,7.207279999999969,0.0,0.0,2.654664503918237,2.91674104557073,2.0449486738440186,0.0,25.225480000000033
234.2366,1.4,5.4054600000000335,0.0,0.0,2.8316421375127856,2.91674104557073,2.0449486738440186,0.0,18.01819999999998
241.44388,1.4833333333333334,7.207279999999997,0.0,0.0,2.8316421375127856,2.91674104557073,1.9563329648644316,0.0,10.810919999999982
248.65116,1.5666666666666669,7.207279999999997,0.0,0.0,2.9835479396814404,2.738635898874878,1.9563329648644316,0.0,3.603639999999984
252.2548,1.65,3.603639999999984,0.0,0.0,2.9835479396814404,2.738635898874878,1.9563329648644316,0.0,1.8018200000000208
255.85844,1.7333333333333334,3.603640000000013,0.0,0.0,3.105957469584337,2.5392178968646832,1.85131212088964,0.0,0.0
257.66026,1.8166666666666669,1.801819999999992,0.0,0.0,3.105957469584337,2.5392178968646832,1.85131212088964,0.0,-1.801819999999992
257.66026,1.9,0.0,0.0,0.0,3.194446286381611,2.319787782633314,1.85131212088964,0.0,0.0
257.66026,1.9833333333333336,0.0,0.0,0.0,3.2445899492334007,2.0816462992739355,1.730346045299617,0.0,3.603639999999984
257.66026,2.066666666666667,0.0,0.0,0.0,3.2445899492334007,2.0816462992739355,1.730346045299617,0.0,7.207279999999969
257.66026,2.15,0.0,0.0,0.0,3.2519640172998403,1.826094189879715,1.730346045299617,0.0,10.81092000000001
255.85844,2.2333333333333334,-1.801819999999992,0.0,0.0,3.2121440497410667,1.826094189879715,1.5938946414743405,0.0,18.018200000000007
254.05662,2.3166666666666664,-1.801819999999992,0.0,0.0,3.2121440497410667,1.5544321975438178,1.5938946414743405,0.0,23.423659999999984
252.2548,2.4,-1.8018200000000208,0.0,0.0,3.120705605717217,1.267961065359409,1.5938946414743405,0.0,27.027300000000025
252.2548,2.4833333333333334,0.0,0.0,0.0,2.9732242443884256,1.267961065359409,1.4424178127937848,0.0,27.027300000000025
252.2548,2.5666666666666664,0.0,0.0,0.0,2.76527552491483,0.9679815364196572,1.4424178127937848,0.0,25.225480000000005
254.05662,2.65,1.8018200000000208,0.0,0.0,2.492435006456568,0.655794353817728,1.276375462637925,0.0,21.62184000000002
255.85844,2.7333333333333334,1.801819999999992,0.0,0.0,2.150278248173772,0.332700260646786,1.276375462637925,0.0,14.414560000000025
255.85844,2.8166666666666664,0.0,0.0,0.0,1.7343808092265818,0.0,1.0962274943867365,0.0,10.810920000000038
257.66026,2.9,1.801819999999992,0.0,0.0,1.2403182487751327,0.0,1.0962274943867365,0.0,5.405460000000005
261.2639,2.9833333333333334,3.603639999999984,0.0,0.0,0.6636661259795587,0.0,0.902433811420194,0.0,-1.801819999999964
264.86753999999996,3.066666666666667,3.603639999999984,0.0,0.0,0.0,0.0,0.902433811420194,0.0,-7.207279999999969
268.47118,3.15,3.6036400000000417,0.0,0.0,0.0,0.0,0.6954543171182743,0.0,-9.00909999999999
273.87664,3.2333333333333334,5.405460000000005,0.0,0.0,0.0,0.0,0.475748914860952,0.0,-12.61274000000003
277.48028,3.3166666666666664,3.603639999999984,0.0,0.0,0.0,0.0,0.2437775080282016,0.0,-12.61274000000003
279.2821,3.4,1.8018200000000208,0.0,0.0,0.0,0.0,0.0,0.0,-10.81092000000001
279.2821,3.4833333333333334,0.0,0.0,0.0,0.0,0.0,0.0,0.0,-9.00909999999999
277.48028,3.5666666666666664,-1.8018200000000208,0.0,0.0,0.0,0.0,0.0,0.0,-5.405460000000005
275.67846000000003,3.65,-1.801819999999964,0.0,0.0,0.0,0.0,0.0,0.0,-3.6036400000000417
270.273,3.7333333333333334,-5.405460000000005,0.0,0.0,0.0,0.0,0.0,0.0,0.0
266.66936000000004,3.8166666666666664,-3.603639999999984,0.0,0.0,0.0,0.0,0.0,0.0,1.801819999999964
263.06572,3.9,-3.6036400000000417,0.0,0.0,0.0,0.0,0.0,0.0,3.6036400000000417
259.46208,3.9833333333333334,-3.603639999999984,0.0,0.0,0.0,0.0,0.0,0.0,7.207280000000026
257.66026,4.066666666666666,-1.8018200000000208,0.0,0.0,0.0,0.0,0.0,0.0,9.009100000000046
259.46208,4.15,1.8018200000000208,0.0,0.0,0.0,0.0,0.0,0.0,7.207280000000026
261.2639,4.233333333333333,1.801819999999964,0.0,0.0,0.0,0.0,0.0,0.0,7.207280000000026
264.86753999999996,4.316666666666666,3.603639999999984,0.0,0.0,0.0,0.0,0.0,0.0,3.6036400000000417
268.47118,4.4,3.6036400000000417,0.0,0.0,0.0,0.0,0.0,0.0,0.0
270.273,4.483333333333333,1.8018200000000208,0.0,0.0,0.0,0.0,0.0,0.0,-1.8018200000000208
272.07482,4.566666666666666,1.801819999999964,0.0,0.0,0.0,0.0,0.0,0.0,-5.405459999999948
272.07482,4.65,0.0,0.0,0.0,0.0,0.0,0.0,0.0,-7.207280000000026
270.273,4.733333333333333,-1.801819999999964,0.0,0.0,0.0,0.0,0.0,0.0,-9.009100000000046
268.47118,4.816666666666666,-1.8018200000000208,0.0,0.0,0.0,0.0,0.0,0.0,-10.81092000000001
266.66936000000004,4.9,-1.801819999999964,0.0,0.0,0.0,0.0,0.0,0.0,-14.414560000000051
266.66936000000004,4.983333333333333,0.0,0.0,0.0,0.0,0.0,0.0,0.0,-18.018200000000036
266.66936000000004,5.066666666666666,0.0,0.0,0.0,0.0,0.0,0.0,0.0,-23.42366000000004
266.66936000000004,5.15,0.0,0.0,0.0,0.0,0.0,0.0,0.0,-19.820020000000056
268.47118,5.233333333333333,1.801819999999964,0.0,0.0,0.0,0.0,0.0,0.0,-21.62184000000002
268.47118,5.316666666666666,0.0,0.0,0.0,0.0,0.0,0.0,0.0,-19.82002
268.47118,5.4,0.0,0.0,0.0,0.0,0.0,0.0,0.0,-19.82002
268.47118,5.483333333333333,0.0,0.0,0.0,0.0,0.0,0.0,0.0,-21.62184000000002
266.66936000000004,5.566666666666666,-1.801819999999964,0.0,0.0,0.0,0.0,0.0,0.0,-21.62184000000005
264.86753999999996,5.65,-1.8018200000000777,0.0,0.0,0.0,0.0,0.0,0.0,-23.423659999999956
261.2639,5.733333333333333,-3.603639999999984,0.0,0.0,0.0,0.0,0.0,0.0,-23.423659999999984
257.66026,5.816666666666666,-3.603639999999984,0.0,0.0,0.0,0.0,0.0,0.0,-23.423659999999984
252.2548,5.9,-5.405460000000005,0.0,0.0,0.0,0.0,0.0,0.0,-21.621839999999963
248.65116,5.983333333333333,-3.603639999999984,0.0,0.0,0.0,0.0,0.0,0.0,-19.820020000000028
243.2457,6.066666666666666,-5.405460000000005,0.0,0.0,0.0,0.0,0.0,0.0,-18.018200000000007
246.84934,6.15,3.603639999999984,0.0,0.0,0.0,0.0,0.0,0.0,-27.027299999999997
246.84934,6.233333333333333,0.0,0.0,0.0,0.0,0.0,0.0,0.0,-32.43275999999997
248.65116,6.316666666666666,1.8018200000000208,0.0,0.0,0.0,0.0,0.0,0.0,-39.64004
248.65116,6.4,0.0,0.0,0.0,0.0,0.0,0.0,0.0,-46.847320000000025
246.84934,6.483333333333333,-1.8018200000000208,0.0,0.0,0.0,0.0,0.0,0.0,-52.25277999999997
245.04752,6.566666666666666,-1.801819999999992,0.0,0.0,0.0,0.0,0.0,0.0,-57.65823999999998
241.44388,6.65,-3.603639999999984,0.0,0.0,0.0,0.0,0.0,0.0,-61.26187999999999
237.84024,6.733333333333333,-3.603640000000013,0.0,0.0,0.0,0.0,0.0,0.0,-63.06370000000001
234.2366,6.816666666666666,-3.603639999999984,0.0,0.0,0.0,0.0,0.0,0.0,-66.66734
230.63296000000005,6.9,-3.603639999999984,0.0,0.0,0.0,0.0,0.0,0.0,-68.46916000000002
228.83114,6.983333333333333,-1.801820000000049,0.0,0.0,0.0,0.0,0.0,0.0,-72.0728
225.2275,7.066666666666666,-3.603639999999984,0.0,0.0,0.0,0.0,0.0,0.0,-75.67643999999999
219.82204,7.15,-5.405460000000005,0.0,0.0,0.0,0.0,0.0,0.0,-75.67643999999999
214.41658,7.233333333333333,-5.405459999999977,0.0,0.0,0.0,0.0,0.0,0.0,-75.67644000000001
209.01112,7.316666666666666,-5.405460000000005,0.0,0.0,0.0,0.0,0.0,0.0,-79.28008
201.80384,7.4,-7.207280000000026,0.0,0.0,0.0,0.0,0.0,0.0,-79.28007999999998
194.59656,7.483333333333333,-7.207279999999969,0.0,0.0,0.0,0.0,0.0,0.0,-79.28008
187.38928,7.566666666666666,-7.207279999999997,0.0,0.0,0.0,0.0,0.0,0.0,-81.0819
180.182,7.65,-7.207279999999997,0.0,0.0,0.0,0.0,0.0,0.0,-84.68554000000002
174.77653999999998,7.733333333333333,-5.4054600000000335,0.0,0.0,0.0,0.0,0.0,0.0,-88.28917999999999
167.56926,7.816666666666666,-7.207279999999969,0.0,0.0,0.0,0.0,0.0,0.0,-93.69464000000002
162.1638,7.9,-5.405460000000005,0.0,0.0,0.0,0.0,0.0,0.0,-86.48736000000001
156.75833999999998,7.983333333333333,-5.4054600000000335,0.0,0.0,0.0,0.0,0.0,0.0,-88.28917999999997
149.55106,8.066666666666666,-7.207279999999969,0.0,0.0,0.0,0.0,0.0,0.0,-88.28918000000002
144.1456,8.15,-5.405460000000005,0.0,0.0,0.0,0.0,0.0,0.0,-82.88372000000001
138.74014,8.233333333333333,-5.405460000000005,0.0,0.0,0.0,0.0,0.0,0.0,-73.87462
129.73104,8.316666666666666,-9.00909999999999,0.0,0.0,0.0,0.0,0.0,0.0,-55.856420000000014
122.52376,8.4,-7.2072800000000115,0.0,0.0,0.0,0.0,0.0,0.0,-34.234579999999994
115.31648,8.483333333333333,-7.207279999999983,0.0,0.0,0.0,0.0,0.0,0.0,-9.009100000000004
106.30738,8.566666666666666,-9.009100000000004,0.0,0.0,0.0,0.0,0.0,0.0,21.62183999999999
95.49646,8.65,-10.81092000000001,0.0,0.0,0.0,0.0,0.0,0.0,54.05460000000001
86.48736,8.733333333333333,-9.009100000000004,0.0,0.0,0.0,0.0,0.0,0.0,86.48736
73.87462,8.75,-12.612740000000002,0.0,0.0,0.0,0.0,0.0,0.0,120.72194000000002
75.67644,8.816666666666666,1.8018200000000064,0.0,0.0,0.0,0.0,0.0,0.0,138.74014
68.46916,8.9,-7.207279999999997,0.0,0.0,0.0,0.0,0.0,0.0,163.96562
61.26188,8.983333333333333,-7.207280000000004,0.0,0.0,0.0,0.0,0.0,0.0,187.38928
61.26188,9.066666666666666,0.0,0.0,0.0,0.0,0.0,0.0,0.0,203.60565999999997
64.86552,9.15,3.6036400000000057,0.0,0.0,0.0,0.0,0.0,0.0,214.41658
73.87462,9.233333333333333,9.00909999999999,0.0,0.0,0.0,0.0,0.0,0.0,221.62386
88.28918,9.316666666666666,14.414560000000009,0.0,0.0,0.0,0.0,0.0,0.0,221.62386
106.30738,9.4,18.018200000000007,0.0,0.0,0.0,0.0,0.0,0.0,218.02022
127.92922,9.483333333333333,21.62183999999999,0.0,0.0,0.0,0.0,0.0,0.0,209.01112
149.55106,9.566666666666666,21.62184000000001,0.0,0.0,0.0,0.0,0.0,1.4200180420103194,200.00201999999996
172.97472,9.65,23.423659999999984,0.0,0.0,0.0,0.0,0.0,2.5966044196760127,187.38928000000004
194.59656,9.733333333333333,21.62184000000002,0.0,0.0,0.0,0.0,0.0,2.975275897545431,171.17290000000003
214.41658,9.816666666666666,19.82002,0.0,0.0,0.0,0.0,0.0,2.861674454184606,151.35288000000003
232.43478,9.9,18.018200000000007,0.0,0.0,0.0,0.0,0.0,2.2855528485689915,124.32557999999996
248.65116,9.983333333333333,16.216379999999987,0.0,0.0,0.0,0.0,0.0,1.590420207051558,93.69464
264.86753999999996,10.066666666666666,16.21637999999996,0.0,0.0,0.0,0.0,0.0,1.1373668317435044,59.460060000000055
279.2821,10.15,14.414560000000051,0.0,0.0,0.0,0.0,0.0,0.0,23.423659999999984
295.49848,10.233333333333333,16.21637999999996,0.0,0.0,0.0,0.0,0.0,0.0,-14.414559999999994
309.91303999999997,10.316666666666666,14.414559999999994,0.0,0.0,0.0,0.0,0.0,0.0,-52.25277999999997
324.3276,10.4,14.414560000000051,0.0,0.0,0.0,0.0,0.0,0.0,-86.48736000000002
336.94034,10.483333333333333,12.612739999999974,0.0,0.0,0.0,0.0,0.0,0.0,-115.31647999999998
349.55307999999997,10.566666666666666,12.612739999999974,0.0,0.0,0.0,0.0,0.0,0.0,-142.34377999999995
360.364,10.65,10.810920000000069,0.0,0.0,0.0,0.0,0.0,0.0,-163.96562000000003
365.76946,10.733333333333333,5.405460000000005,0.0,0.0,0.0,0.0,0.0,0.0,-176.57836000000003
365.76946,10.816666666666666,0.0,0.0,0.0,0.0,0.0,0.0,0.0,-181.98382000000004
356.76036,10.9,-9.009100000000046,0.0,0.0,0.0,0.0,0.0,0.0,-174.77653999999998
342.3458,10.983333333333333,-14.414559999999994,0.0,0.0,0.0,0.0,0.0,0.0,-162.16379999999998
324.3276,11.066666666666666,-18.01819999999998,0.0,0.0,0.0,0.0,0.0,0.0,-144.1456
302.70576,11.15,-21.62184000000002,0.0,0.0,0.0,0.0,0.0,0.0,-122.52375999999998
281.08392,11.233333333333333,-21.62184000000002,0.0,0.0,0.0,0.0,0.0,0.0,-102.70373999999998
257.66026,11.316666666666666,-23.423659999999984,0.0,0.0,0.0,0.0,0.0,0.0,-84.68554
237.84024,11.4,-19.82002,0.0,0.0,0.0,0.0,0.0,0.0,-72.0728
221.62386,11.483333333333333,-16.216379999999987,0.0,0.0,0.0,0.0,0.0,0.0,-64.86552000000003
207.2093,11.566666666666666,-14.414559999999994,0.0,0.0,0.0,0.0,0.0,0.0,-59.46006000000003
196.39838,11.65,-10.81092000000001,0.0,0.0,0.0,0.0,0.0,0.0,-55.856420000000014
189.1911,11.733333333333333,-7.207279999999997,0.0,0.0,0.0,0.0,0.0,0.0,-57.658240000000006
183.78564,11.816666666666666,-5.405460000000005,0.0,0.0,0.0,0.0,0.0,0.0,-61.261880000000005
181.98382,11.9,-1.801819999999992,0.0,0.0,0.0,0.0,0.0,0.0,-68.46916000000002
180.182,11.983333333333333,-1.801819999999992,0.0,0.0,0.0,0.0,0.0,0.0,-75.67644000000001
180.182,12.066666666666666,0.0,0.0,0.0,0.0,0.0,0.0,0.0,-81.08190000000002
180.182,12.15,0.0,0.0,0.0,0.0,0.0,0.0,0.0,-84.68554000000002
178.38018,12.233333333333333,-1.8018200000000208,0.0,0.0,0.0,0.0,0.0,0.0,-84.68553999999999
172.97472,12.316666666666666,-5.405460000000005,0.0,0.0,0.0,0.0,0.0,0.0,-79.28007999999998
165.76744,12.4,-7.207279999999997,0.0,0.0,0.0,0.0,0.0,0.0,-73.87462
156.75833999999998,12.483333333333333,-9.009100000000018,0.0,0.0,0.0,0.0,0.0,0.0,-68.46915999999997
147.74924,12.566666666666666,-9.00909999999999,0.0,0.0,0.0,0.0,0.0,0.0,-73.87462
140.54196,12.65,-7.207279999999997,0.0,0.0,0.0,0.0,0.0,0.0,-55.856419999999986
131.53286,12.733333333333333,-9.00909999999999,0.0,0.0,0.0,0.0,0.0,0.0,-54.05460000000001
122.52376,12.816666666666666,-9.009100000000004,0.0,0.0,0.0,0.0,0.0,0.0,-52.25278
113.51466,12.9,-9.009100000000004,0.0,0.0,0.0,0.0,0.0,0.0,-50.450959999999995
104.50556,12.983333333333333,-9.00909999999999,0.0,0.0,0.0,0.0,0.0,0.0,-46.84732
99.1001,13.066666666666666,-5.405460000000005,0.0,0.0,0.0,0.0,0.0,0.0,-43.24368
95.49646,13.15,-3.603639999999998,0.0,0.0,0.0,0.0,0.0,0.0,-39.64004
93.69464,13.233333333333333,-1.801819999999992,0.0,0.0,0.0,0.0,0.0,0.0,-34.23458000000001
93.69464,13.316666666666666,0.0,0.0,0.0,0.0,0.0,0.0,0.0,-27.027299999999997
91.89282,13.4,-1.8018200000000064,0.4549940480047402,0.9513813538102858,0.0221222041993186,0.390981006866921,0.2483707984996988,0.0,-16.21638
88.28918,13.483333333333333,-3.603639999999998,0.6663247018432105,0.9513813538102858,0.0221222041993186,0.390981006866921,0.2483707984996988,0.0,-1.8018200000000064
73.87462,13.5,-14.414560000000009,0.7470096059331919,1.886523425992084,0.0221222041993186,0.390981006866921,0.4766269576276086,0.0,21.62184000000001
84.68554,13.566666666666666,10.81092000000001,0.7470096059331919,1.886523425992084,0.0221222041993186,0.390981006866921,0.4766269576276086,0.0,113.51466
77.47825999999999,13.65,-7.2072800000000115,0.8122049795237399,1.886523425992084,0.0221222041993186,0.390981006866921,0.4766269576276086,0.0,25.22548000000002
70.27098,13.733333333333333,-7.207279999999997,0.8996193893667394,2.800544891515167,0.0221222041993186,0.7464662258505917,0.4766269576276086,0.0,39.64004
63.0637,13.816666666666666,-7.207279999999997,0.9235845526992934,2.800544891515167,0.0221222041993186,0.7464662258505917,0.6851364000877095,0.0,52.252780000000016
57.658240000000006,13.9,-5.405459999999991,0.935552439692618,2.800544891515167,0.0855391895706987,0.7464662258505917,0.6851364000877095,0.0,63.0637
55.85642,13.983333333333333,-1.8018200000000064,0.9363961138867656,3.6885644253493095,0.0855391895706987,0.7464662258505917,0.6851364000877095,0.0,72.0728
55.85642,14.066666666666666,0.0,0.9269886388217868,3.6885644253493095,0.0855391895706987,0.7464662258505917,0.874267048583982,0.0,77.47826000000002
59.46006,14.15,3.603639999999998,0.9082030780377328,4.5457007024642815,0.0855391895706987,1.0674312142708868,0.874267048583982,0.0,79.28008
66.66734000000001,14.233333333333333,7.2072800000000115,0.8809124950746552,4.5457007024642815,0.0855391895706987,1.0674312142708868,0.874267048583982,0.0,77.47825999999999
75.67644,14.316666666666666,9.00909999999999,0.8459899534726051,5.367072397829855,0.0855391895706987,1.0674312142708868,0.874267048583982,0.0,73.87462000000001
86.48736,14.4,10.810919999999996,0.8459899534726051,5.367072397829855,0.0855391895706987,1.0674312142708868,1.044386825820406,0.0,66.66734
95.49646,14.483333333333333,9.009100000000004,0.8043085167716335,6.147798186415806,0.1858265152742765,1.3548515294476815,1.044386825820406,0.0,61.26187999999998
198.2002,14.5,102.70374,0.7567412485117919,6.147798186415806,0.1858265152742765,1.3548515294476815,1.044386825820406,0.0,-39.64003999999997
102.70374,14.566666666666666,-95.49645999999998,0.7041612122331317,6.882996743191905,0.1858265152742765,1.3548515294476815,1.1958636545009618,0.0,57.658240000000006
109.91102,14.65,7.207279999999983,0.6474414714757037,6.882996743191905,0.1858265152742765,1.3548515294476815,1.1958636545009618,0.0,52.252780000000016
115.31648,14.733333333333333,5.405460000000019,0.5874550897795596,7.5677867431279235,0.1858265152742765,1.6097027287008503,1.1958636545009618,0.0,48.64913999999999
120.72194,14.816666666666666,5.405459999999991,0.5874550897795596,7.5677867431279235,0.1858265152742765,1.6097027287008503,1.1958636545009618,0.0,45.04549999999999
127.92922,14.9,7.207279999999997,0.5250751306847503,8.197286861193637,0.3185597404701884,1.6097027287008503,1.32906545732963,0.0,34.23458000000001
133.33468000000002,14.983333333333333,5.405460000000019,0.4611746577313274,8.197286861193637,0.3185597404701884,1.6097027287008503,1.32906545732963,0.0,27.027299999999997
138.74014,15.066666666666666,5.405459999999977,0.3966267344593421,8.766615772358817,0.3185597404701884,1.832960369350267,1.32906545732963,0.0,14.414559999999994
144.1456,15.15,5.405460000000005,0.3966267344593421,8.766615772358817,0.3185597404701884,1.832960369350267,1.444360157010391,0.0,3.603639999999984
149.55106,15.233333333333333,5.405460000000005,0.3323044244088455,9.27089215159323,0.3185597404701884,1.832960369350267,1.444360157010391,0.0,-7.207279999999997
153.1547,15.316666666666666,3.603639999999984,0.269080791119889,9.27089215159323,0.3185597404701884,1.832960369350267,1.444360157010391,0.0,-14.414559999999994
156.75833999999998,15.4,3.603639999999984,0.2078288981325235,9.70523467386666,0.4793144243185705,2.025600008715808,1.444360157010391,0.0,-21.621839999999963
158.56016000000002,15.483333333333333,1.801820000000049,0.1494218089868007,10.064762014148872,0.4793144243185705,2.025600008715808,1.5421156762472243,0.0,-23.423660000000012
160.36198000000002,15.566666666666666,1.801819999999992,0.1494218089868007,10.064762014148872,0.4793144243185705,2.025600008715808,1.5421156762472243,0.0,-27.027299999999997
162.1638,15.65,1.801819999999992,0.0947325872227717,10.34459284740964,0.4793144243185705,2.025600008715808,1.5421156762472243,0.0,-28.82911999999999
163.96562,15.733333333333333,1.801819999999992,0.0446342963804876,10.34459284740964,0.4793144243185705,2.1885972041173467,1.5421156762472243,0.0,-30.63093999999998
165.76744,15.816666666666666,1.801819999999992,0.0,10.539845848618734,0.6636661259795592,2.1885972041173467,1.6226999377441111,0.0,-34.234579999999994
162.1638,15.9,-3.603639999999984,0.0,10.645639692745934,0.6636661259795592,2.1885972041173467,1.6226999377441111,0.0,-30.63094000000001
160.36198000000002,15.983333333333333,-1.801819999999992,0.0,10.645639692745934,0.6636661259795592,2.1885972041173467,1.6226999377441111,0.0,-27.027299999999997
153.1547,16.066666666666666,-7.207280000000026,0.0,10.657093054761006,0.6636661259795592,2.322927512874758,1.6226999377441111,0.0,-19.82001999999997
147.74924,16.15,-5.405460000000005,0.0,10.657093054761006,0.6636661259795592,2.322927512874758,1.6864808642050304,0.0,-10.810919999999982
142.34378,16.233333333333334,-5.405459999999977,0.0,10.569324609633725,0.8671904046132906,2.322927512874758,1.6864808642050304,0.0,-1.8018200000000208
138.74014,16.316666666666666,-3.603640000000013,0.0,10.377453032333865,0.8671904046132906,2.4295664923079174,1.6864808642050304,0.0,5.405460000000005
135.1365,16.4,-3.603639999999984,0.0,10.377453032333865,0.8671904046132906,2.4295664923079174,1.7338263783339634,0.0,12.612739999999974
135.1365,16.483333333333334,0.0,0.0,10.076596997831192,0.8671904046132906,2.4295664923079174,1.7338263783339634,0.0,16.216379999999987
133.33468000000002,16.566666666666666,-1.801819999999992,0.0,9.661875181095484,1.0854628193799012,2.4295664923079174,1.7338263783339634,0.0,21.621839999999963
133.33468000000002,16.65,0.0,0.0,9.661875181095484,1.0854628193799012,2.5094896997366978,1.7338263783339634,0.0,25.225480000000005
133.33468000000002,16.733333333333334,0.0,0.0,9.128406257096517,1.0854628193799012,2.5094896997366978,1.7651044028348903,0.0,27.027299999999997
131.53286,16.816666666666666,-1.8018200000000208,0.0,8.471308900804056,1.0854628193799012,2.5094896997366978,1.7651044028348903,0.0,32.43276
131.53286,16.9,0.0,0.0,8.471308900804056,1.0854628193799012,2.563672692480975,1.7651044028348903,0.0,34.234579999999994
133.33468000000002,16.983333333333334,1.8018200000000208,0.0,7.685701787187879,1.314058929439527,2.563672692480975,1.7651044028348903,0.0,34.234579999999994
133.33468000000002,17.066666666666666,0.0,0.0,7.685701787187879,1.314058929439527,2.563672692480975,1.7806828604117912,0.0,36.036399999999986
136.93832,17.15,3.603639999999984,0.0,6.76670359121776,1.314058929439527,2.5930910278606247,1.7806828604117912,0.0,34.234579999999994
140.54196,17.233333333333334,3.603639999999984,0.0,5.70943298786346,1.314058929439527,2.5930910278606247,1.7806828604117912,0.0,34.234579999999994
144.1456,17.316666666666666,3.603640000000013,0.0,5.70943298786346,1.548554293952305,2.5930910278606247,1.7806828604117912,0.0,34.234579999999994
147.74924,17.4,3.603639999999984,0.0,4.5090086520947645,1.548554293952305,2.5987202631955197,1.7809296737686466,0.0,34.23458000000002
151.35288,17.483333333333334,3.603640000000013,0.0,4.5090086520947645,1.548554293952305,2.5987202631955197,1.7809296737686466,0.0,34.23458000000002
154.95651999999998,17.566666666666666,3.603639999999984,0.0,3.1605492588814426,1.7845244720783706,2.5987202631955197,1.7809296737686466,0.0,34.23458000000002
158.56016000000002,17.65,3.6036400000000417,0.0,1.6591734831932596,1.7845244720783706,2.5815359558055366,1.7809296737686466,0.0,36.036399999999986
160.36198000000002,17.733333333333334,1.801819999999992,0.0,1.6591734831932596,1.7845244720783706,2.5815359558055366,1.7662127656094362,0.0,36.036399999999986
163.96562,17.816666666666666,3.603639999999984,0.0,0.0,1.7845244720783706,2.5815359558055366,1.7662127656094362,0.0,34.234579999999994
165.76744,17.9,1.801819999999992,0.0,0.0,2.01754502297786,2.542513663010549,1.7662127656094362,0.0,32.43276
167.56926,17.983333333333334,1.8018200000000208,0.0,0.0,2.01754502297786,2.542513663010549,1.736900058638141,0.0,28.82911999999999
169.37108,18.066666666666663,1.801819999999992,0.0,0.0,2.01754502297786,2.542513663010549,1.736900058638141,0.0,25.225480000000005
171.1729,18.15,1.801819999999992,0.0,0.0,2.24319150581091,2.4826289421304315,1.736900058638141,0.0,25.225480000000005
174.77653999999998,18.233333333333334,3.603639999999984,0.0,0.0,2.24319150581091,2.4826289421304315,1.736900058638141,0.0,23.423660000000012
178.38018,18.316666666666663,3.603640000000013,0.0,0.0,2.4570394797376567,2.4028573504850588,1.6933594755587402,0.0,25.225480000000033
181.98382,18.4,3.603640000000013,0.0,0.0,2.4570394797376567,2.4028573504850588,1.6933594755587402,0.0,27.027299999999997
185.58746,18.483333333333334,3.603640000000013,0.0,0.0,2.4570394797376567,2.4028573504850588,1.6933594755587402,0.0,28.82911999999999
189.1911,18.566666666666663,3.603639999999984,0.0,0.0,2.654664503918237,2.304174445394306,1.635958939075215,0.0,30.63093999999998
194.59656,18.65,5.405460000000005,0.0,0.0,2.654664503918237,2.304174445394306,1.635958939075215,0.0,30.63093999999998
196.39838,18.733333333333334,1.801819999999992,0.0,0.0,2.8316421375127856,2.1875557841780475,1.635958939075215,0.0,36.036400000000015
198.2002,18.816666666666663,1.801819999999992,0.0,0.0,2.8316421375127856,2.1875557841780475,1.635958939075215,0.0,39.64004
198.2002,18.9,0.0,0.0,0.0,2.8316421375127856,2.0539769241561587,1.5650663718915454,0.0,41.44186000000002
196.39838,18.983333333333334,-1.801819999999992,0.0,0.0,2.9835479396814404,2.0539769241561587,1.5650663718915454,0.0,43.24368000000001
194.59656,19.066666666666663,-1.801819999999992,0.0,0.0,2.9835479396814404,2.0539769241561587,1.5650663718915454,0.0,3.603639999999984
196.39838,19.15,1.801819999999992,0.0,0.0,2.9835479396814404,1.9044134226485123,1.5650663718915454,5.325067657538698,43.24368000000001
198.2002,19.233333333333334,1.801819999999992,0.0,0.0,3.105957469584337,1.9044134226485123,1.481049696711712,9.737266573785048,36.036400000000015
203.60566000000003,19.316666666666663,5.4054600000000335,0.0,0.0,3.194446286381611,1.7398408369749856,1.481049696711712,11.157284615795366,27.027299999999997
209.01112,19.4,5.405459999999977,0.0,0.0,3.194446286381611,1.7398408369749856,1.481049696711712,10.731279203192274,14.414559999999994
214.41658,19.483333333333334,5.405460000000005,0.0,0.0,3.2445899492334007,1.561234724455452,1.3842768362396938,8.570823182133719,1.801819999999992
219.82204,19.566666666666663,5.405459999999977,0.0,0.0,3.2445899492334007,1.561234724455452,1.3842768362396938,5.964075776443343,-10.810919999999982
225.2275,19.65,5.405460000000005,0.4280712742197996,0.9513813538102858,3.269661780659295,2.0212056538546546,1.756833033989242,4.265125619038141,-19.82001999999997
232.43478,19.733333333333334,7.207280000000026,1.1374851200118503,0.9513813538102858,3.2298418131005215,2.0212056538546546,1.6476719109290203,0.0,-27.027299999999997
237.84024,19.816666666666663,5.405459999999977,1.6658117546080262,0.9513813538102858,3.1384033690766717,1.8174591596027312,1.6476719109290203,0.0,-30.63093999999998
239.64206,19.9,1.8018200000000208,1.8675240148329797,1.886523425992084,3.1384033690766717,1.602605810464425,1.8688746866764407,0.0,-25.225480000000005
239.64206,19.983333333333334,0.0,2.1569597153872637,1.886523425992084,2.9909220077478804,1.602605810464425,1.8688746866764407,0.0,-14.414560000000025
198.2002,20.0,-41.44186000000002,2.2490484734168485,2.800544891515167,2.782973288274285,1.970096528732396,1.8688746866764407,0.0,41.44186000000002
239.64206,20.066666666666663,41.44186000000002,2.3089613817482335,2.800544891515167,2.510132769816023,1.7359561417809488,2.048804970241904,0.0,16.216379999999987
234.2366,20.15,-5.405460000000005,2.3388810992315454,2.800544891515167,2.218709599830331,1.4936355719027423,2.048804970241904,0.0,37.83821999999998
230.63296000000005,20.233333333333334,-3.603639999999984,2.3409902847169137,3.6885644253493095,1.802812160883141,1.2441103764176529,1.904686595640953,0.0,57.65823999999998
223.42568,20.316666666666663,-7.207280000000026,2.3174715970544666,3.6885644253493095,1.3087496004316916,1.7790520237848113,2.188382568385362,0.0,81.08189999999996
216.2184,20.4,-7.207279999999997,2.270507695094332,4.5457007024642815,0.7320974776361177,1.7790520237848113,2.033347622012128,0.0,100.90192000000005
209.01112,20.483333333333334,-7.207279999999997,2.202281237686638,4.5457007024642815,0.068431351656559,1.7790520237848113,1.8677640265705928,0.0,118.92012
205.40748,20.566666666666663,-3.603639999999984,2.1149748836815125,5.367072397829855,0.068431351656559,1.7790520237848113,2.1229436924252285,0.0,127.92922
205.40748,20.65,0.0,2.0107712919290837,5.367072397829855,0.068431351656559,1.7790520237848113,1.9471793706193707,0.0,135.13649999999996
207.2093,20.733333333333334,1.801819999999992,2.0107712919290837,6.147798186415806,0.1486612122194212,2.2580858824128027,1.5665802387306091,0.0,136.93832
214.41658,20.816666666666663,7.207279999999997,1.89185312127948,6.147798186415806,0.1486612122194212,2.2580858824128027,1.5665802387306091,0.0,135.13649999999996
225.2275,20.9,10.810919999999982,1.760403030582829,6.882996743191905,0.1486612122194212,2.2580858824128027,1.7937954817514423,0.0,127.92922000000002
239.64206,20.983333333333334,14.414560000000025,1.6186036786892593,6.882996743191905,0.1486612122194212,2.2580858824128027,1.7937954817514423,0.0,115.31647999999996
255.85844,21.066666666666663,16.216379999999987,1.468637724448899,7.5677867431279235,0.1486612122194212,2.682837881168084,1.7937954817514423,0.0,97.29828
272.07482,21.15,16.216379999999987,1.3126878267118758,7.5677867431279235,0.1486612122194212,2.682837881168084,1.9935981859944452,0.0,75.67644000000001
288.2912,21.233333333333334,16.216380000000015,1.3126878267118758,8.197286861193637,0.2548477923761507,2.682837881168084,1.9935981859944452,0.0,50.45096000000001
304.50757999999996,21.316666666666663,16.21637999999996,1.1529366443283189,8.197286861193637,0.2548477923761507,2.682837881168084,1.9935981859944452,0.0,23.42366000000004
317.12032000000005,21.4,12.612740000000088,0.9915668361483554,8.766615772358817,0.2548477923761507,3.0549339489171117,1.9935981859944452,0.0,-3.603640000000098
327.93124,21.483333333333334,10.810919999999951,0.8307610610221139,8.766615772358817,0.2548477923761507,3.0549339489171117,2.1665402355155865,0.0,-28.82911999999999
333.3367,21.566666666666663,5.405460000000005,0.8307610610221139,9.27089215159323,0.2548477923761507,3.0549339489171117,2.1665402355155865,0.0,-50.45096000000001
340.54398,21.65,7.207279999999969,0.6727019777997225,9.70523467386666,0.3834515394548564,3.0549339489171117,2.1665402355155865,0.0,-73.87461999999994
344.14762,21.733333333333334,3.6036400000000417,0.5195722453313087,9.70523467386666,0.3834515394548564,3.3760000145263467,2.1665402355155865,0.0,-93.69464000000002
349.55307999999997,21.816666666666663,5.405459999999948,0.3735545224670019,10.064762014148872,0.3834515394548564,3.3760000145263467,2.3131735143708365,0.0,-111.71283999999996
353.15672,21.9,3.6036400000000417,0.2368314680569294,10.064762014148872,0.3834515394548564,3.3760000145263467,2.3131735143708365,0.0,-124.32558000000004
354.95853999999997,21.983333333333334,1.801819999999964,0.2368314680569294,10.34459284740964,0.3834515394548564,3.3760000145263467,2.3131735143708365,0.0,-135.13649999999998
353.15672,22.066666666666663,-1.801819999999964,0.1115857409512191,10.34459284740964,0.3834515394548564,3.647662006862244,2.3131735143708365,0.0,-140.54196
347.75126,22.15,-5.405460000000005,0.0,10.539845848618734,0.5309329007836473,3.647662006862244,2.434049906616167,0.0,-142.34377999999998
338.74216,22.233333333333334,-9.00909999999999,0.0,10.645639692745934,0.5309329007836473,3.647662006862244,2.434049906616167,0.0,-138.74014000000005
327.93124,22.316666666666663,-10.81092000000001,0.0,10.645639692745934,0.5309329007836473,3.647662006862244,2.434049906616167,0.0,-135.1365
313.51667999999995,22.4,-14.414560000000051,0.0,10.657093054761006,0.5309329007836473,3.8715458547912633,2.5297212963075455,0.0,-127.92921999999992
299.10212,22.483333333333334,-14.414559999999938,0.0,10.569324609633725,0.5309329007836473,3.8715458547912633,2.5297212963075455,0.0,-120.72194000000002
282.88574,22.566666666666663,-16.216380000000015,0.0,10.569324609633725,0.6937523236906324,3.8715458547912633,2.5297212963075455,0.0,-111.71284
266.66936000000004,22.65,-16.21637999999996,0.0,10.377453032333865,0.6937523236906324,4.049277487179862,2.5297212963075455,0.0,-99.10010000000004
250.45298,22.733333333333334,-16.216380000000044,0.0,10.076596997831192,0.6937523236906324,4.049277487179862,2.600739567500945,0.0,-84.68554
237.84024,22.816666666666663,-12.612740000000002,0.0,10.076596997831192,0.6937523236906324,4.049277487179862,2.600739567500945,0.0,-72.0728
228.83114,22.9,-9.009100000000018,0.0,9.661875181095484,0.8683702555039209,4.049277487179862,2.600739567500945,0.0,-63.06369999999998
219.82204,22.983333333333334,-9.00909999999999,0.0,9.661875181095484,0.8683702555039209,4.182482832894497,2.600739567500945,0.0,-52.25277999999997
212.61476,23.066666666666663,-7.207279999999969,0.0,9.128406257096517,0.8683702555039209,4.182482832894497,2.6476566042523357,0.0,-46.847320000000025
205.40748,23.15,-7.207279999999997,0.0,8.471308900804056,0.8683702555039209,4.182482832894497,2.6476566042523357,0.0,-43.24368000000001
200.00202,23.233333333333334,-5.4054600000000335,0.0,8.471308900804056,1.0512471435516215,4.272787820801625,2.6476566042523357,0.0,-43.24368000000001
192.79474,23.316666666666663,-7.207279999999997,0.0,7.685701787187879,1.0512471435516215,4.272787820801625,2.6476566042523357,0.0,-41.44185999999999
185.58746,23.4,-7.207279999999969,0.0,6.76670359121776,1.0512471435516215,4.272787820801625,2.671024290617687,0.0,-41.44186000000002
178.38018,23.483333333333334,-7.207280000000026,0.0,6.76670359121776,1.0512471435516215,4.321818379767707,2.671024290617687,0.0,-36.036399999999986
171.1729,23.566666666666663,-7.207279999999997,0.0,5.70943298786346,1.238843435161844,4.321818379767707,2.671024290617687,0.0,-27.027299999999997
167.56926,23.65,-3.603639999999984,0.0,5.70943298786346,1.238843435161844,4.321818379767707,2.671024290617687,0.0,-18.018200000000007
165.76744,23.733333333333334,-1.8018200000000208,0.0,4.5090086520947645,1.238843435161844,4.3312004386592,2.67139451065297,0.0,-10.81092000000001
165.76744,23.816666666666663,0.0,0.0,3.1605492588814426,1.238843435161844,4.3312004386592,2.67139451065297,0.0,-5.405459999999977
165.76744,23.9,0.0,0.0,3.1605492588814426,1.4276195776626963,4.3312004386592,2.67139451065297,0.0,-1.801819999999992
167.56926,23.983333333333334,1.8018200000000208,0.0,1.6591734831932596,1.4276195776626963,4.302559926342561,2.649319148414154,0.0,-1.8018200000000208
165.76744,0.0666666666666666,-1.8018200000000208,0.0,1.6591734831932596,1.4276195776626963,4.302559926342561,2.649319148414154,0.0,-1.801819999999992
162.1638,0.15,-3.603639999999984,0.0,0.0,1.614036018382288,4.302559926342561,2.649319148414154,0.0,0.0
156.75833999999998,0.2333333333333333,-5.4054600000000335,0.0,0.0,1.614036018382288,4.237522771684248,2.649319148414154,0.0,5.4054600000000335
151.35288,0.3166666666666666,-5.405459999999977,0.0,0.0,1.614036018382288,4.237522771684248,2.605350087957211,0.0,9.009100000000018
144.1456,0.4,-7.207279999999997,0.0,0.0,1.794553204648728,4.237522771684248,2.605350087957211,0.0,16.216380000000015
142.34378,0.4833333333333333,-1.801819999999992,0.0,0.0,1.794553204648728,4.137714903550719,2.605350087957211,0.0,14.414559999999966
144.1456,0.5666666666666667,1.801819999999992,0.0,0.0,1.794553204648728,4.137714903550719,2.605350087957211,0.0,7.207279999999997
149.55106,0.65,5.405460000000005,0.0,0.0,1.9656315837901253,4.004762250808431,2.5400392133381104,0.0,-7.207279999999997
154.95651999999998,0.7333333333333333,5.405459999999977,0.0,0.0,1.9656315837901253,4.004762250808431,2.5400392133381104,0.0,-21.621839999999963
160.36198000000002,0.8166666666666667,5.4054600000000335,0.0,0.0,1.9656315837901253,4.004762250808431,2.5400392133381104,0.0,-34.23458000000002
163.96562,0.9,3.603639999999984,0.0,0.0,2.1237316031345896,3.840290742323843,2.453938408612822,0.0,-43.24368
165.76744,0.9833333333333332,1.801819999999992,0.0,0.0,2.1237316031345896,3.840290742323843,2.453938408612822,0.0,-48.64913999999999
163.96562,1.0666666666666669,-1.801819999999992,0.0,0.0,2.2653137100102287,3.645926306963412,2.453938408612822,0.0,-46.84732
162.1638,1.15,-1.801819999999992,0.0,0.0,2.2653137100102287,3.645926306963412,2.3475995578373183,0.0,-39.64004000000001
162.1638,1.2333333333333334,0.0,0.0,0.0,2.386838351745153,3.4232948735935977,2.3475995578373183,0.0,-36.036400000000015
160.36198000000002,1.3166666666666669,-1.801819999999992,0.0,0.0,2.386838351745153,3.4232948735935977,2.3475995578373183,0.0,-30.63094000000001
160.36198000000002,1.4,0.0,0.0,0.0,2.48476597566747,3.1740223710808544,2.3475995578373183,0.0,-28.829120000000017
156.75833999999998,1.4833333333333334,-3.6036400000000417,0.0,0.0,2.48476597566747,3.1740223710808544,2.221574545067568,0.0,-27.02729999999997
151.35288,1.5666666666666669,-5.405459999999977,0.0,0.0,2.555557029105289,2.8997347282916426,2.221574545067568,0.0,-27.027299999999997
142.34378,1.65,-9.00909999999999,0.0,0.0,2.555557029105289,2.8997347282916426,2.221574545067568,0.0,-25.225480000000005
133.33468000000002,1.7333333333333334,-9.00909999999999,0.0,0.0,2.595671959386721,2.6020578740924196,2.0764152543595404,0.0,-19.820020000000028
126.1274,1.8166666666666669,-7.207280000000026,0.0,0.0,2.6015712138398723,2.6020578740924196,2.0764152543595404,0.0,-16.21638
120.72194,1.9,-5.405459999999991,0.0,0.0,2.6015712138398723,2.2826177373496437,1.9126735697692083,0.0,-14.414559999999994
117.1183,1.9833333333333336,-3.603639999999998,0.0,0.0,2.5697152397928535,1.943040246929772,1.9126735697692083,0.0,-14.414559999999994
117.1183,2.066666666666667,0.0,0.0,0.0,2.4965644845737733,1.943040246929772,1.9126735697692083,0.0,-16.216380000000015
122.52376,2.15,5.405459999999991,0.0,0.0,2.3785793955107404,1.5849513316992612,1.7309013753525415,0.0,-23.42366
126.1274,2.2333333333333334,3.603639999999998,0.0,0.0,2.212220419931864,1.2099769205245716,1.7309013753525415,0.0,-28.82911999999999
129.73104,2.3166666666666664,3.603640000000013,0.0,0.0,2.212220419931864,1.2099769205245716,1.5316505551655095,0.0,-34.23458000000001
131.53286,2.4,1.801819999999992,0.0,0.0,1.9939480051652545,0.81974294227216,1.5316505551655095,0.0,-37.83821999999999
129.73104,2.4833333333333334,-1.801819999999992,0.0,0.0,1.7202225985390174,0.4158753258084825,1.5316505551655095,0.0,-37.83822000000001
124.32558,2.5666666666666664,-5.405460000000005,0.0,0.0,1.3875046473812656,0.0,1.3154729932640838,0.0,-36.0364
117.1183,2.65,-7.207279999999997,0.0,0.0,0.9922545990201062,0.0,1.3154729932640838,0.0,-32.43276
113.51466,2.7333333333333334,-3.603640000000013,0.0,0.0,0.530932900783647,0.0,1.082920573704233,0.0,-32.43275999999999
109.91102,2.8166666666666664,-3.603639999999998,0.0,0.0,0.0,0.0,0.8345451805419293,0.0,-34.234579999999994
106.30738,2.9,-3.603639999999984,0.0,0.0,0.0,0.0,0.8345451805419293,0.0,-34.23458000000001
102.70374,2.9833333333333334,-3.603639999999998,0.0,0.0,0.0,0.0,0.5708986978331425,0.0,-36.0364
100.90192,3.066666666666667,-1.8018200000000208,0.0,0.0,0.0,0.0,0.0,0.0,-36.036399999999986
99.1001,3.15,-1.801819999999992,0.0,0.0,0.0,0.0,0.0,0.0,-34.234579999999994
97.29828,3.2333333333333334,-1.801819999999992,0.0,0.0,0.0,0.0,0.0,0.0,-32.43276
95.49646,3.3166666666666664,-1.8018200000000064,0.0,0.0,0.0,0.0,0.0,0.0,-30.630939999999995
93.69464,3.4,-1.801819999999992,0.0,0.0,0.0,0.0,0.0,0.0,-28.829120000000003
91.89282,3.4833333333333334,-1.8018200000000064,0.0,0.0,0.0,0.0,0.0,0.0,-28.829120000000003
88.28918,3.5666666666666664,-3.603639999999998,0.0,0.0,0.0,0.0,0.0,0.0,-27.027300000000004
84.68554,3.65,-3.603639999999998,0.0,0.0,0.0,0.0,0.0,0.0,-27.027299999999997
81.0819,3.7333333333333334,-3.603639999999998,0.0,0.0,0.0,0.0,0.0,0.0,-27.027300000000004
75.67644,3.8166666666666664,-5.405460000000005,0.0,0.0,0.0,0.0,0.0,0.0,-25.225480000000005
72.0728,3.9,-3.603639999999998,0.0,0.0,0.0,0.0,0.0,0.0,-25.225479999999997
66.66734000000001,3.9833333333333334,-5.405459999999991,0.0,0.0,0.0,0.0,0.0,0.0,-23.423660000000012
64.86552,4.066666666666666,-1.8018200000000064,0.0,0.0,0.0,0.0,0.0,0.0,9.00909999999999
64.86552,4.15,0.0,0.0,0.0,0.0,0.0,0.0,0.0,-23.423660000000005
64.86552,4.233333333333333,0.0,0.0,0.0,0.0,0.0,0.0,0.0,-25.225479999999997
64.86552,4.316666666666666,0.0,0.0,0.0,0.0,0.0,0.0,0.0,-25.225479999999997
64.86552,4.4,0.0,0.0,0.0,0.0,0.0,0.0,0.0,-25.225479999999997
63.0637,4.483333333333333,-1.8018200000000064,0.0,0.0,0.0,0.0,0.0,0.0,-23.42365999999999
61.26188,4.566666666666666,-1.801819999999999,0.0,0.0,0.0,0.0,0.0,0.0,-21.62183999999999
57.658240000000006,4.65,-3.603639999999991,0.0,0.0,0.0,0.0,0.0,0.0,-18.0182
54.0546,4.733333333333333,-3.6036400000000057,0.0,0.0,0.0,0.0,0.0,0.0,-14.414559999999994
50.450959999999995,4.816666666666666,-3.6036400000000057,0.0,0.0,0.0,0.0,0.0,0.0,-10.810919999999989
46.84732,4.9,-3.603639999999991,0.0,0.0,0.0,0.0,0.0,0.0,-7.207279999999997
43.24368,4.983333333333333,-3.6036400000000057,0.0,0.0,0.0,0.0,0.0,0.0,-1.801819999999999
73.87462,5.0,30.630939999999995,0.0,0.0,0.0,0.0,0.0,0.0,-27.02729999999999
41.44186,5.066666666666666,-32.432759999999995,0.0,0.0,0.0,0.0,0.0,0.0,14.414560000000002
39.640040000000006,5.15,-1.801819999999992,0.0,0.0,0.0,0.0,0.0,0.0,25.225479999999997
39.640040000000006,5.233333333333333,0.0,0.0,0.0,0.0,0.0,0.0,0.0,36.03639999999999
39.640040000000006,5.316666666666666,0.0,0.0,0.0,0.0,0.0,0.0,0.0,46.84731999999999
39.640040000000006,5.4,0.0,0.0,0.0,0.0,0.0,0.0,0.0,59.46005999999999
39.640040000000006,5.483333333333333,0.0,0.0,0.0,0.0,0.0,0.0,0.0,73.87462
39.640040000000006,5.566666666666666,0.0,0.0,0.0,0.0,0.0,0.0,0.0,88.28917999999999
39.640040000000006,5.65,0.0,0.0,0.0,0.0,0.0,0.0,0.0,104.50556
39.640040000000006,5.733333333333333,0.0,0.0,0.0,0.0,0.0,0.0,0.0,120.72194000000002
39.640040000000006,5.816666666666666,0.0,0.0,0.0,0.0,0.0,0.0,0.0,135.13649999999998
41.44186,5.9,1.801819999999992,0.0,0.0,0.0,0.0,0.0,0.0,145.94742000000002
46.84732,5.983333333333333,5.405460000000005,0.0,0.0,0.0,0.0,0.0,0.0,151.35288
55.85642,6.066666666666666,9.009099999999997,0.0,0.0,0.0,0.0,0.0,0.8875112762564497,156.75834000000003
64.86552,6.15,9.009100000000004,0.0,0.0,0.0,0.0,0.0,1.622877762297508,167.56926
75.67644,6.233333333333333,10.810919999999996,0.0,0.0,0.0,0.0,0.0,1.8595474359658943,181.98382
86.48736,6.316666666666666,10.810919999999996,0.0,0.0,0.0,0.0,0.0,1.7885465338653788,196.39838
99.1001,6.4,12.612740000000002,0.0,0.0,0.0,0.0,0.0,1.4284705303556198,210.81293999999997
113.51466,6.483333333333333,14.414559999999994,0.0,0.0,0.0,0.0,0.0,0.9940126294072238,223.42568
127.92922,6.566666666666666,14.414560000000009,0.0,0.0,0.0,0.0,0.0,0.7108542698396902,232.43478000000005
144.1456,6.65,16.21638,0.0,0.0,0.0,0.0,0.0,0.0,239.64206
160.36198000000002,6.733333333333333,16.216380000000015,0.0,0.0,0.0,0.0,0.0,0.0,239.64205999999996
174.77653999999998,6.816666666666666,14.414559999999966,0.0,0.0,0.0,0.0,0.0,0.0,225.2275
187.38928,6.9,12.61274000000003,0.0,0.0,0.0,0.0,0.0,0.0,212.61475999999996
198.2002,6.983333333333333,10.810919999999982,0.0,0.0,0.0,0.0,0.0,0.0,201.80384
212.61476,7.066666666666666,14.414560000000025,0.0,0.0,0.0,0.0,0.0,0.0,187.38927999999996
232.43478,7.15,19.82002,0.0,0.0,0.0,0.0,0.0,0.0,167.56925999999996
257.66026,7.233333333333333,25.225479999999976,0.0,0.0,0.0,0.0,0.0,0.0,142.34377999999998
282.88574,7.316666666666666,25.225480000000005,0.0,0.0,0.0,0.0,0.0,0.0,117.11829999999998
309.91303999999997,7.4,27.02729999999997,0.0,0.0,0.0,0.0,0.0,0.0,90.091
336.94034,7.483333333333333,27.027300000000025,0.0,0.0,0.0,0.0,0.0,0.0,63.06369999999998
360.364,7.566666666666666,23.42366000000004,0.0,0.0,0.0,0.0,0.0,0.0,39.64003999999994
383.78766,7.65,23.423659999999984,0.0,0.0,0.0,0.0,0.0,0.0,16.21637999999996
400.00404,7.733333333333333,16.21637999999996,0.0,0.0,0.0,0.0,0.0,0.0,0.0
400.00404,7.816666666666666,0.0,0.0,0.0,0.0,0.0,0.0,0.0,0.0
400.00404,7.9,0.0,0.0,0.0,0.0,0.0,0.0,0.0,0.0
400.00404,7.983333333333333,0.0,0.0,0.0,0.0,0.0,0.0,0.0,0.0
400.00404,8.066666666666666,0.0,0.0,0.0,0.0,0.0,0.0,0.0,0.0
400.00404,8.15,0.0,0.0,0.0,0.0,0.0,0.0,0.0,0.0
400.00404,8.233333333333333,0.0,0.0,0.0,0.0,0.0,0.0,0.0,0.0
400.00404,8.316666666666666,0.0,0.0,0.0,0.0,0.0,0.0,0.0,0.0
400.00404,8.4,0.0,0.0,0.0,0.0,0.0,0.0,0.0,0.0
400.00404,8.483333333333333,0.0,0.0,0.0,0.0,0.0,0.0,0.0,0.0
400.00404,8.566666666666666,0.0,0.0,0.0,0.0,0.0,0.0,0.0,0.0
400.00404,8.65,0.0,0.0,0.0,0.0,0.0,0.0,0.0,0.0
400.00404,8.733333333333333,0.0,0.0,0.0,0.0,0.0,0.0,0.0,0.0
400.00404,8.816666666666666,0.0,0.0,0.0,0.0,0.0,0.0,0.0,0.0
400.00404,8.9,0.0,0.0,0.0,0.0,0.0,0.0,0.0,0.0
400.00404,8.983333333333333,0.0,0.0,0.0,0.0,0.0,0.0,0.0,0.0
400.00404,9.066666666666666,0.0,0.0,0.0,0.0,0.0,0.0,0.0,0.0
400.00404,9.15,0.0,0.0,0.0,0.0,0.0,0.0,0.0,0.0
400.00404,9.233333333333333,0.0,0.0,0.0,0.0,0.0,0.0,0.0,0.0
400.00404,9.316666666666666,0.0,0.0,0.0,0.0,0.0,0.0,0.0,0.0
400.00404,9.4,0.0,0.0,0.0,0.0,0.0,0.0,0.0,0.0
400.00404,9.483333333333333,0.0,0.0,0.0,0.0,0.0,0.0,0.0,0.0
400.00404,9.566666666666666,0.0,0.0,0.0,0.0,0.0,0.0,0.0,0.0
400.00404,9.65,0.0,0.0,0.0,0.0,0.0,0.0,0.0,0.0
400.00404,9.733333333333333,0.0,0.0,0.0,0.0,0.0,0.0,0.0,0.0
400.00404,9.816666666666666,0.0,0.0,0.0,0.0,0.0,0.0,0.0,0.0
400.00404,9.9,0.0,0.0,0.0,0.0,0.0,0.0,0.0,0.0
400.00404,9.983333333333333,0.0,0.0,0.0,0.0,0.0,0.0,0.0,0.0
400.00404,10.066666666666666,0.0,0.0,0.0,0.0,0.0,0.0,0.0,0.0
400.00404,10.15,0.0,0.0,0.0,0.0,0.0,0.0,0.0,0.0
400.00404,10.233333333333333,0.0,0.0,0.0,0.0,0.0,0.0,0.0,0.0
400.00404,10.316666666666666,0.0,0.0,0.0,0.0,0.0,0.0,0.0,0.0
400.00404,10.4,0.0,0.0,0.0,0.0,0.0,0.0,0.0,0.0
400.00404,10.483333333333333,0.0,0.0,0.0,0.0,0.0,0.0,0.0,0.0
400.00404,10.566666666666666,0.0,0.0,0.0,0.0,0.0,0.0,0.0,0.0
400.00404,10.65,0.0,0.0,0.0,0.0,0.0,0.0,0.0,0.0
400.00404,10.733333333333333,0.0,0.0,0.0,0.0,0.0,0.0,0.0,0.0
400.00404,10.816666666666666,0.0,0.0,0.0,0.0,0.0,0.0,0.0,-7.207279999999969
400.00404,10.9,0.0,0.0,0.0,0.0,0.0,0.0,0.0,-28.829119999999932
400.00404,10.983333333333333,0.0,0.0,0.0,0.0,0.0,0.0,0.0,-48.64913999999999
400.00404,11.066666666666666,0.0,0.0,0.0,0.0,0.0,0.0,0.0,-64.86551999999995
400.00404,11.15,0.0,0.0,0.0,0.0,0.0,0.0,0.0,-75.67643999999996
400.00404,11.233333333333333,0.0,0.0,0.0,0.0,0.0,0.0,0.0,-82.88371999999993
400.00404,11.316666666666666,0.0,0.8065054279403739,1.308149361489143,0.0221222041993186,0.7298312128182525,0.3725561977495483,1.5062334231323744,-86.48736000000002
400.00404,11.4,0.0,1.423193009284359,1.308149361489143,0.0221222041993186,0.7298312128182525,0.3725561977495483,3.0428958043078276,-84.68553999999995
400.00404,11.483333333333333,0.0,1.8675240148329797,2.593969710739116,0.0221222041993186,0.7298312128182525,0.3725561977495483,3.661617951183752,-77.47825999999998
400.00404,11.566666666666666,0.0,2.03051244880935,2.593969710739116,0.0221222041993186,0.7298312128182525,0.7149404364414129,3.5770930677307575,-63.06369999999998
400.00404,11.65,0.0,2.1569597153872637,2.593969710739116,0.0221222041993186,1.3934036215877712,0.7149404364414129,3.1696831294873204,-43.24367999999998
400.00404,11.733333333333333,0.0,2.2490484734168485,3.850749225833354,0.0221222041993186,1.3934036215877712,0.7149404364414129,2.4647456014893403,-14.414559999999994
392.79676,11.816666666666666,-7.207279999999969,2.3089613817482335,3.850749225833354,0.0221222041993186,1.3934036215877712,1.0277046001315642,1.4217085396793805,7.207279999999969
371.17492,11.9,-21.621839999999963,2.3409902847169137,5.0717760848553,0.0855391895706987,1.3934036215877712,1.0277046001315642,0.0,28.829119999999932
351.3549,11.983333333333333,-19.820020000000056,2.3409902847169137,5.0717760848553,0.0855391895706987,1.3934036215877712,1.0277046001315642,0.0,48.64913999999999
335.13852,12.066666666666666,-16.21637999999996,2.3174715970544666,6.250338465888387,0.0855391895706987,1.9925382666389888,1.311400572875973,0.0,64.86551999999995
324.3276,12.15,-10.81092000000001,2.270507695094332,6.250338465888387,0.0855391895706987,1.9925382666389888,1.311400572875973,0.0,75.67643999999996
317.12032000000005,12.233333333333333,-7.207279999999969,2.202281237686638,6.250338465888387,0.0855391895706987,1.9925382666389888,1.311400572875973,0.0,82.88371999999993
313.51667999999995,12.316666666666666,-3.603640000000098,2.1149748836815125,7.379724547016051,0.0855391895706987,1.9925382666389888,1.5665802387306091,0.0,86.48736000000002
315.31850000000003,12.4,1.8018200000000777,2.0107712919290837,7.379724547016051,0.1858265152742765,2.5290561883023392,1.5665802387306091,0.0,84.68553999999995
322.52578,12.483333333333333,7.207279999999969,1.89185312127948,8.453222506321733,0.1858265152742765,2.5290561883023392,1.5665802387306091,0.0,52.25278000000003
336.94034,12.566666666666666,14.414559999999994,1.760403030582829,8.453222506321733,0.1858265152742765,2.5290561883023392,1.7937954817514423,0.0,9.00909999999999
356.76036,12.65,19.82002,1.760403030582829,9.46412052188887,0.1858265152742765,2.5290561883023392,1.7937954817514423,0.0,-36.03639999999996
385.58948,12.733333333333333,28.82911999999999,1.6186036786892593,9.46412052188887,0.1858265152742765,2.5290561883023392,1.7937954817514423,0.0,-90.091
400.00404,12.816666666666666,14.414559999999994,1.468637724448899,10.405706771800894,0.1858265152742765,3.004778426908254,1.7937954817514423,0.0,-124.32557999999996
400.00404,12.9,0.0,1.3126878267118758,10.405706771800894,0.3185597404701884,3.004778426908254,1.9935981859944452,0.0,-140.54195999999996
400.00404,12.983333333333333,0.0,1.1529366443283189,11.271269434141251,0.3185597404701884,3.004778426908254,1.9935981859944452,0.0,-151.35287999999997
400.00404,13.066666666666666,0.0,1.1529366443283189,12.054096686993374,0.3185597404701884,3.004778426908254,1.9935981859944452,0.0,-154.95651999999998
400.00404,13.15,0.0,0.9915668361483554,12.054096686993374,0.3185597404701884,3.421526022787165,1.9935981859944452,0.0,-154.95651999999998
400.00404,13.233333333333333,0.0,0.8307610610221139,12.747476708440692,0.3185597404701884,3.421526022787165,2.1665402355155865,0.0,-151.35287999999997
400.00404,13.316666666666666,0.0,0.6727019777997225,12.747476708440692,0.3185597404701884,3.421526022787165,2.1665402355155865,0.0,-151.35287999999997
400.00404,13.4,0.0,0.5195722453313087,13.34469767656666,0.4793144243185705,3.421526022787165,2.1665402355155865,0.0,-153.1547
374.77856,13.483333333333333,-25.225479999999948,0.5195722453313087,13.34469767656666,0.4793144243185705,3.781120016269508,2.3131735143708365,0.0,-136.93832000000003
345.94944,13.566666666666666,-28.82912000000005,0.3735545224670019,13.839047769454698,0.4793144243185705,3.781120016269508,2.3131735143708365,0.0,-118.92012
320.72396000000003,13.65,-25.225479999999948,0.2368314680569294,14.223815165188254,0.4793144243185705,3.781120016269508,2.3131735143708365,0.0,-104.50556000000005
295.49848,13.733333333333333,-25.22548000000006,0.1115857409512191,14.223815165188254,0.4793144243185705,3.781120016269508,2.3131735143708365,0.0,-90.09099999999997
275.67846000000003,13.816666666666666,-19.820019999999943,0.0,14.49228804185076,0.6636661259795592,4.085381447685713,2.434049906616167,0.0,-79.28008000000003
259.46208,13.9,-16.216380000000015,0.0,14.49228804185076,0.6636661259795592,4.085381447685713,2.434049906616167,0.0,-70.27098000000001
248.65116,13.983333333333333,-10.81092000000001,0.0,14.63775457752566,0.6636661259795592,4.085381447685713,2.434049906616167,0.0,-64.86552
245.04752,14.066666666666666,-3.603640000000013,0.0,14.653502950296383,0.6636661259795592,4.336131357366215,2.434049906616167,0.0,-64.86551999999998
147.74924,21.916666666666668,-1.8018200000000208,0.0,0.0,0.0,0.0,0.0,0.0,39.64004000000003
124.32558,22.0,-23.423659999999984,0.0,0.0,0.0,0.0,0.0,0.0,79.28008000000003
147.74924,22.0,23.423659999999984,0.0,0.0,0.0,0.0,0.0,0.0,72.0728
144.1456,22.083333333333332,-3.603639999999984,0.0,0.0,0.0,0.0,0.0,0.0,88.28918000000002
140.54196,22.166666666666668,-3.603640000000013,0.0,0.0,0.0,0.0,0.0,0.0,100.90192000000002
138.74014,22.25,-1.801819999999992,0.0,0.0,0.0,0.0,0.0,0.0,104.50556
138.74014,22.333333333333332,0.0,0.0,0.0,0.0,0.0,0.0,0.0,102.70374
138.74014,22.416666666666668,0.0,0.0,0.0,0.0,0.0,0.0,0.0,99.1001
142.34378,22.5,3.603640000000013,0.0,0.0,0.0,0.0,0.0,0.0,91.89282
149.55106,22.583333333333332,7.207279999999997,0.0,0.0,0.0,0.0,0.0,0.0,82.88372000000001
158.56016000000002,22.666666666666668,9.009100000000018,0.0,0.0,0.0,0.0,0.0,0.0,75.67643999999999
171.1729,22.75,12.612739999999974,0.0,0.0,0.0,0.0,0.0,0.0,64.86552
187.38928,22.833333333333332,16.216380000000015,0.0,0.0,0.0,0.0,0.0,0.0,50.45095999999998
203.60566000000003,22.916666666666668,16.216380000000015,0.0,0.0,0.0,0.0,0.0,0.0,30.63093999999998
219.82204,23.0,16.21637999999996,0.0,0.0,0.0,0.0,0.0,0.0,10.810920000000038
232.43478,23.083333333333332,12.61274000000003,0.0,0.0,0.0,0.0,0.0,0.0,-10.81092000000001
241.44388,23.166666666666668,9.00909999999999,0.0,0.0,0.0,0.0,0.0,0.0,-30.63094000000001
243.2457,23.25,1.801819999999992,0.0,0.0,0.0,0.0,0.0,0.0,-45.0455
241.44388,23.333333333333332,-1.801819999999992,0.0,0.0,0.0,0.0,0.0,0.0,-55.856419999999986
237.84024,23.416666666666668,-3.603640000000013,0.0,0.0,0.0,0.0,0.0,0.0,-66.66734
234.2366,23.5,-3.603639999999984,0.0,0.0,0.0,0.0,0.0,0.0,-75.67643999999999
232.43478,23.583333333333332,-1.801819999999992,0.0,0.0,0.0,0.0,0.0,0.0,-82.88372000000001
234.2366,23.666666666666668,1.801819999999992,0.0,0.0,0.0,0.0,0.0,0.0,-90.091
236.03842,23.75,1.801819999999992,0.0,0.0,0.0,0.0,0.0,0.0,-93.69464
237.84024,23.833333333333332,1.801819999999992,0.0,0.0,0.0,0.0,0.0,0.0,-95.49645999999998
234.2366,23.916666666666668,-3.603639999999984,0.0,0.0,0.0,0.0,0.0,0.0,-91.89282
230.63296000000005,0.0,-3.603639999999984,0.0,0.0,0.0,0.0,0.0,0.0,-88.28918000000002
221.62386,0.0833333333333333,-9.009100000000018,0.0,0.0,0.0,0.0,0.0,0.0,-79.28008
210.81294,0.1666666666666666,-10.81092000000001,0.0,0.0,0.0,0.0,0.0,0.0,-70.27098000000001
198.2002,0.25,-12.612740000000002,0.0,0.0,0.0,0.0,0.0,0.0,-61.26187999999999
185.58746,0.3333333333333333,-12.612739999999974,0.0,0.0,0.0,0.0,0.0,0.0,-54.05460000000002
171.1729,0.4166666666666667,-14.414560000000025,0.0,0.0,0.0,0.0,0.0,0.0,-46.84732
158.56016000000002,0.5,-12.612739999999974,0.0,0.0,0.0,0.0,0.0,0.0,-39.64004000000003
149.55106,0.5833333333333334,-9.009100000000018,0.0,0.0,0.0,0.0,0.0,0.0,-34.234579999999994
144.1456,0.6666666666666666,-5.405460000000005,0.0,0.0,0.0,0.0,0.0,0.0,-30.63094000000001
142.34378,0.75,-1.801819999999992,0.0,0.0,0.0,0.0,0.0,0.0,-27.027299999999997
142.34378,0.8333333333333334,0.0,0.0,0.0,0.0,0.0,0.0,0.0,-21.62184000000001
142.34378,0.9166666666666666,0.0,0.0,0.0,0.0,0.0,0.0,0.0,-19.820020000000017
142.34378,1.0,0.0,0.0,0.0,0.0,0.0,0.0,0.0,-16.216380000000015
142.34378,1.0833333333333333,0.0,0.0,0.0,0.0,0.0,0.0,0.0,-12.612740000000002
140.54196,1.1666666666666667,-1.8018200000000208,0.0,0.0,0.0,0.0,0.0,0.0,-9.00909999999999
136.93832,1.25,-3.603639999999984,0.0,0.0,0.0,0.0,0.0,0.0,-1.801819999999992
131.53286,1.3333333333333333,-5.405460000000005,0.0,0.0,0.0,0.0,0.0,0.0,9.00909999999999
124.32558,1.4166666666666667,-7.207279999999997,0.0,0.0,0.0,0.0,0.0,0.0,19.82002
118.92012,1.5,-5.405460000000005,0.0,0.0,0.0,0.0,0.0,0.0,32.43276
115.31648,1.5833333333333337,-3.603639999999984,0.0,0.0,0.0,0.0,0.0,0.0,41.44185999999996
113.51466,1.6666666666666663,-1.8018200000000208,0.0,0.0,0.0,0.0,0.0,0.0,48.64914000000002
115.31648,1.75,1.8018200000000208,0.0,0.0,0.0,0.0,0.0,0.0,50.45095999999998
120.72194,1.8333333333333337,5.405459999999991,0.0,0.0,0.0,0.0,0.0,0.0,46.84732000000001
122.52376,1.9166666666666663,1.801819999999992,0.0,0.0,0.0,0.0,0.0,0.0,46.84732000000001
126.1274,2.0,3.603639999999998,0.0,0.0,0.0,0.0,0.0,0.0,45.0455
129.73104,2.0833333333333335,3.603640000000013,0.0,0.0,0.0,0.0,0.0,0.0,45.045499999999976
131.53286,2.1666666666666665,1.801819999999992,0.0,0.0,0.0,0.0,0.0,0.0,43.24367999999998
135.1365,2.25,3.603640000000013,0.0,0.0,0.0,0.0,0.0,0.0,41.44185999999999
140.54196,2.3333333333333335,5.405459999999977,0.0,0.0,0.0,0.0,0.0,0.0,34.234579999999994
144.1456,2.4166666666666665,3.603640000000013,0.0,0.0,0.0,0.0,0.0,0.0,27.027299999999997
151.35288,2.5,7.207279999999997,0.0,0.0,0.0,0.0,0.0,0.0,18.018200000000007
156.75833999999998,2.5833333333333335,5.405459999999977,0.0,0.0,0.0,0.0,0.0,0.0,9.009100000000018
162.1638,2.6666666666666665,5.4054600000000335,0.0,0.0,0.0,0.0,0.0,0.0,3.603639999999984
165.76744,2.75,3.603639999999984,0.0,0.0,0.0,0.0,0.0,0.0,-1.801819999999992
167.56926,2.8333333333333335,1.8018200000000208,0.0,0.0,0.0,0.0,0.0,0.0,-1.8018200000000208
169.37108,2.9166666666666665,1.801819999999992,0.0,0.0,0.0,0.0,0.0,0.0,-3.603640000000013
171.1729,3.0,1.801819999999992,0.0,0.0,0.0,0.0,0.0,0.0,-3.603639999999984
174.77653999999998,3.0833333333333335,3.603639999999984,0.0,0.0,0.0,0.0,0.0,0.0,-5.405459999999977
174.77653999999998,3.1666666666666665,0.0,0.0,0.0,0.0,0.0,0.0,0.0,-3.603639999999984
176.57836,3.25,1.8018200000000208,0.0,0.0,0.0,0.0,0.0,0.0,-5.405460000000005
174.77653999999998,3.3333333333333335,-1.8018200000000208,0.0,0.0,0.0,0.0,0.0,0.0,-3.603639999999984
171.1729,3.4166666666666665,-3.603639999999984,0.0,0.0,0.0,0.0,0.0,0.0,0.0
169.37108,3.5,-1.801819999999992,0.0,0.0,0.0,0.0,0.0,0.0,0.0
165.76744,3.5833333333333335,-3.603640000000013,0.0,0.0,0.0,0.0,0.0,0.0,1.8018200000000208
165.76744,3.6666666666666665,0.0,0.0,0.0,0.0,0.0,0.0,0.0,0.0
163.96562,3.75,-1.801819999999992,0.0,0.0,0.0,0.0,0.0,0.0,0.0
165.76744,3.8333333333333335,1.801819999999992,0.0,0.0,0.0,0.0,0.0,0.0,-1.801819999999992
165.76744,3.9166666666666665,0.0,0.0,0.0,0.0,0.0,0.0,0.0,0.0
167.56926,4.0,1.8018200000000208,0.0,0.0,0.0,0.0,0.0,0.0,0.0
169.37108,4.083333333333333,1.801819999999992,0.0,0.0,0.0,0.0,0.0,0.0,1.801819999999992
171.1729,4.166666666666667,1.801819999999992,0.0,0.0,0.0,0.0,0.0,0.0,3.603639999999984
171.1729,4.25,0.0,0.0,0.0,0.0,0.0,0.0,0.0,5.405460000000005
171.1729,4.333333333333333,0.0,0.0,0.0,0.0,0.0,0.0,0.0,7.207279999999997
171.1729,4.416666666666667,0.0,0.0,0.0,0.0,0.0,0.0,0.0,9.009100000000018
169.37108,4.5,-1.801819999999992,0.0,0.0,0.0,0.0,0.0,0.0,10.81092000000001
167.56926,4.583333333333333,-1.801819999999992,0.0,0.0,0.0,0.0,0.0,0.0,12.612740000000002
165.76744,4.666666666666667,-1.8018200000000208,0.0,0.0,0.0,0.0,0.0,0.0,14.414560000000025
163.96562,4.75,-1.801819999999992,0.0,0.0,0.0,0.0,0.0,0.0,14.414559999999994
163.96562,4.833333333333333,0.0,0.0,0.0,0.0,0.0,0.0,0.0,12.612740000000002
165.76744,4.916666666666667,1.801819999999992,0.0,0.0,0.0,0.0,0.0,0.0,9.00909999999999
167.56926,5.0,1.8018200000000208,0.0,0.0,0.0,0.0,0.0,0.0,7.207279999999969
171.1729,5.083333333333333,3.603639999999984,0.0,0.0,0.0,0.0,0.0,0.0,3.603639999999984
174.77653999999998,5.166666666666667,3.603639999999984,0.0,0.0,0.0,0.0,0.0,0.0,0.0
176.57836,5.25,1.8018200000000208,0.0,0.0,0.0,0.0,0.0,0.0,-5.405460000000005
178.38018,5.333333333333333,1.801819999999992,0.0,0.0,0.0,0.0,0.0,0.0,-12.612740000000002
180.182,5.416666666666667,1.8018200000000208,0.0,0.0,0.0,0.0,0.0,0.0,-19.82002
180.182,5.5,0.0,0.0,0.0,0.0,0.0,0.0,0.0,-25.225480000000033
180.182,5.583333333333333,0.0,0.0,0.0,0.0,0.0,0.0,0.0,-25.225480000000033
180.182,5.666666666666667,0.0,0.0,0.0,0.0,0.0,0.0,0.0,-21.62183999999999
178.38018,5.75,-1.8018200000000208,0.0,0.0,0.0,0.0,0.0,0.0,-12.612740000000002
176.57836,5.833333333333333,-1.801819999999992,0.0,0.0,0.0,0.0,0.0,0.0,-1.8018200000000208
174.77653999999998,5.916666666666667,-1.8018200000000208,0.0,0.0,0.0,0.0,0.0,0.0,9.009100000000018
174.77653999999998,6.0,0.0,0.0,0.0,0.0,0.0,0.0,0.0,12.61274000000003
174.77653999999998,6.083333333333333,0.0,0.0,0.0,0.0,0.0,0.0,0.0,12.61274000000003
174.77653999999998,6.166666666666667,0.0,0.0,0.0,0.0,0.0,0.0,0.0,12.61274000000003
171.1729,6.25,-3.603639999999984,0.0,0.0,0.0,0.0,0.0,0.0,18.018200000000007
165.76744,6.333333333333333,-5.405460000000005,0.0,0.0,0.0,0.0,0.0,0.0,27.027299999999997
160.36198000000002,6.416666666666667,-5.405459999999977,0.0,0.0,0.0,0.0,0.0,0.0,37.83821999999998
154.95651999999998,6.5,-5.4054600000000335,0.0,0.0,0.0,0.0,0.0,0.0,50.45096000000004
154.95651999999998,6.583333333333333,0.0,0.0,0.0,0.0,0.0,0.0,0.0,55.856420000000014
158.56016000000002,6.666666666666667,3.6036400000000417,0.0,0.0,0.0,0.0,0.0,0.0,59.46005999999997
165.76744,6.75,7.207279999999969,0.0,0.0,0.0,0.0,0.0,0.0,48.64914000000002
174.77653999999998,6.833333333333333,9.00909999999999,0.0,0.0,0.0,0.0,0.0,0.0,43.24368000000001
183.78564,6.916666666666667,9.009100000000018,0.0,0.0,0.0,0.0,0.0,0.0,36.036399999999986
187.38928,7.0,3.603640000000013,0.0,0.0,0.0,0.0,0.0,0.0,34.234579999999994
187.38928,7.083333333333333,0.0,0.0,0.0,0.0,0.0,0.0,0.0,37.83821999999998
187.38928,7.166666666666667,0.0,0.0,0.0,0.0,0.0,0.0,0.0,41.44185999999996
189.1911,7.25,1.801819999999992,0.0,0.0,0.0,0.0,0.0,0.0,43.24368000000001
192.79474,7.333333333333333,3.603639999999984,0.0,0.0,0.0,0.0,0.0,0.0,43.24368000000001
198.2002,7.416666666666667,5.405460000000005,0.0,0.0,0.0,0.0,0.0,0.0,41.44186000000002
205.40748,7.5,7.207280000000026,0.0,0.0,0.0,0.0,0.0,0.0,36.036399999999986
210.81294,7.583333333333333,5.405459999999977,0.0,0.0,0.0,0.0,0.0,0.3623211363736175,36.036399999999986
218.02022,7.666666666666667,7.207279999999997,0.0,0.0,0.0,0.0,0.0,0.3623211363736175,32.43276
214.41658,7.666666666666667,-3.603639999999984,0.0,0.0,0.0,0.0,0.0,0.3623211363736175,43.24367999999998
218.02022,7.75,3.603639999999984,0.0,0.0,0.0,0.0,0.0,0.3623211363736175,43.24367999999998
219.82204,7.833333333333333,1.801819999999992,0.0,0.0,0.0,0.0,0.0,0.6924389142359004,46.84732000000005
221.62386,7.916666666666667,1.8018200000000208,0.0,0.0,0.0,0.0,0.0,0.6924389142359004,48.64914000000002
225.2275,8.0,3.603639999999984,0.0,0.0,0.0,0.0,0.0,0.6924389142359004,46.84732
228.83114,8.083333333333334,3.603639999999984,0.0,0.0,0.0,0.0,0.0,0.6924389142359004,45.04550000000003
232.43478,8.166666666666666,3.6036400000000417,0.0,0.0,0.0,0.0,0.0,0.991185949044065,43.24368000000001
236.03842,8.25,3.603639999999984,0.0,0.0,0.0,0.0,0.0,0.991185949044065,39.64004000000003
239.64206,8.333333333333334,3.603640000000013,0.0,0.0,0.0,0.0,0.0,0.991185949044065,32.43275999999997
241.44388,8.416666666666666,1.801819999999992,0.0,0.0,0.0,0.0,0.0,1.2593948562553288,28.829120000000017
246.84934,8.5,5.405459999999977,0.0,0.0,0.0,0.0,0.0,1.2593948562553288,19.820020000000056
250.45298,8.583333333333334,3.603640000000013,0.0,0.0,0.0,0.0,0.0,1.2593948562553288,14.414559999999966
257.66026,8.666666666666666,7.207279999999997,0.0,0.0,0.0,0.0,0.0,1.4978982513269077,5.405460000000005
261.2639,8.75,3.603639999999984,0.0,0.0,0.0,0.0,0.0,1.4978982513269077,0.0
266.66936000000004,8.833333333333334,5.405460000000062,0.0,0.0,0.0,0.0,0.0,1.4978982513269077,-7.207280000000026
270.273,8.916666666666666,3.603639999999984,0.0,0.0,0.0,0.0,0.0,1.4978982513269077,-1.8018200000000208
272.07482,9.0,1.801819999999964,0.0,0.0,0.0,0.0,0.0,1.707528749716017,-14.414559999999994
273.87664,9.083333333333334,1.8018200000000208,0.0,0.0,0.0,0.0,0.0,1.707528749716017,-18.018200000000007
275.67846000000003,9.166666666666666,1.8018200000000208,0.0,0.0,0.0,0.0,0.0,1.707528749716017,-21.62184000000002
275.67846000000003,9.25,0.0,0.0,0.0,0.0,0.0,0.0,1.8891189668798756,-25.225480000000033
272.07482,9.333333333333334,-3.6036400000000417,0.0,0.0,0.0,0.0,0.0,1.8891189668798756,-28.82911999999999
270.273,9.416666666666666,-1.801819999999964,0.0,0.0,0.0,0.0,0.0,1.8891189668798756,-34.23458000000002
266.66936000000004,9.5,-3.603639999999984,0.0,0.0,0.0,0.0,0.0,2.043501518275699,-41.44186000000005
264.86753999999996,9.583333333333334,-1.8018200000000777,0.0,0.0,0.0,0.0,0.0,2.043501518275699,-48.64913999999996
263.06572,9.666666666666666,-1.801819999999964,0.0,0.0,0.0,0.0,0.0,2.1715090193607036,-55.856419999999986
261.2639,9.75,-1.8018200000000208,0.0,0.0,0.0,0.0,0.0,2.1715090193607036,-61.26187999999999
259.46208,9.833333333333334,-1.801819999999964,0.0,0.0,0.0,0.0,0.0,2.2739740855921062,-66.66734000000002
268.47118,9.85,9.00909999999999,0.0,0.0,0.0,0.0,0.0,2.2739740855921062,-82.88371999999998
257.66026,9.916666666666666,-10.81092000000001,0.0,0.0,0.0,0.0,0.0,2.351729332427123,-81.08189999999999
255.85844,10.0,-1.801819999999992,0.0,0.0,0.0,0.0,0.0,2.351729332427123,-86.48736
254.05662,10.083333333333334,-1.801819999999992,0.0,0.0,0.0,0.0,0.0,2.4056073753229703,-93.69464
250.45298,10.166666666666666,-3.603640000000013,0.0,0.0,0.0,0.0,0.0,2.4056073753229703,-97.29828
243.2457,10.25,-7.207279999999997,0.0,0.0,0.0,0.0,0.0,2.4364408297368656,-95.49646
236.03842,10.333333333333334,-7.207279999999997,0.0,0.0,0.0,0.0,0.0,2.4364408297368656,-93.69464
225.2275,10.416666666666666,-10.81092000000001,0.0,0.0,0.0,0.0,0.0,2.445062311126025,-86.48736
216.2184,10.5,-9.00909999999999,0.0,0.0,0.0,0.0,0.0,2.4323044349476657,-79.28008
207.2093,10.583333333333334,-9.00909999999999,0.0,0.0,0.0,0.0,0.0,2.4323044349476657,-72.0728
200.00202,10.666666666666666,-7.207280000000026,0.0,0.0,0.0,0.0,0.0,2.3989998166590034,-64.86551999999998
192.79474,10.75,-7.207279999999997,0.0,0.0,0.0,0.0,0.0,2.345981071717255,-59.46005999999997
185.58746,10.833333333333334,-7.207279999999969,0.0,0.0,0.0,0.0,0.0,2.2740808155796364,-55.856420000000014
176.57836,10.916666666666666,-9.009100000000018,0.0,0.0,0.0,0.0,0.0,2.5766462281081175,-52.25278
169.37108,11.0,-7.207279999999997,0.0,0.0,0.0,0.0,0.0,2.4694807959504104,-39.64004
160.36198000000002,11.083333333333334,-9.00909999999999,0.0,0.0,0.0,0.0,0.0,2.4694807959504104,-43.24368000000001
153.1547,11.166666666666666,-7.207280000000026,0.0,0.0,0.0,0.0,0.0,2.3459316989684824,-43.24368
147.74924,11.25,-5.405460000000005,0.0,0.0,0.0,0.0,0.0,2.053012972360833,-45.045499999999976
142.34378,11.333333333333334,-5.405459999999977,0.0,0.0,0.0,0.0,0.0,2.2429361663336844,-41.44186000000002
138.74014,11.416666666666666,-3.603640000000013,0.0,0.0,0.0,0.0,0.0,1.8692003753822648,-37.83822000000001
136.93832,11.5,-1.801819999999992,0.0,0.0,0.0,0.0,0.0,1.2252684369912703,-30.630939999999995
135.1365,11.583333333333334,-1.801819999999992,0.0,0.0,0.0,0.0,0.0,0.7501421570888921,-19.82002
135.1365,11.666666666666666,0.0,0.0,0.0,0.0,0.0,0.0,1.0737847781310703,-9.009100000000018
133.33468000000002,11.75,-1.801819999999992,0.0,0.0,0.0,0.0,0.0,1.0737847781310703,3.603639999999984
129.73104,11.833333333333334,-3.603640000000013,0.0,0.0,0.0,0.0,0.0,1.0737847781310703,18.01819999999998
124.32558,11.916666666666666,-5.405460000000005,0.0,0.0,0.0,0.0,0.0,1.3643444276099397,28.82911999999999
129.73104,12.0,5.405460000000005,0.0,0.0,0.0,0.0,0.0,1.3643444276099397,27.02729999999997
117.1183,12.0,-12.612740000000002,0.1170943197846642,0.8412916612397617,0.0312364265635216,0.0030182910722484,0.176343896450373,1.3643444276099397,37.83821999999998
109.91102,12.083333333333334,-7.2072800000000115,0.1170943197846642,0.8412916612397617,0.0312364265635216,0.0030182910722484,0.176343896450373,1.6227231056041498,41.441860000000005
102.70374,12.166666666666666,-7.207279999999983,0.2224187978507846,1.5722806380058656,0.0312364265635216,0.0030182910722484,0.3295671486994749,1.6227231056041498,46.84732
100.90192,12.25,-1.8018200000000208,0.3163834569983161,1.5722806380058656,0.1207808493789502,0.0116707254793608,0.4608453827236414,1.6227231056041498,48.64914000000002
100.90192,12.333333333333334,0.0,0.3163834569983161,1.5722806380058656,0.1207808493789502,0.0116707254793608,0.4608453827236414,1.8498228121923517,50.45096000000001
106.30738,12.416666666666666,5.405460000000019,0.3993983200272141,2.198575541373243,0.2623859831335816,0.0253536450068873,0.5713542244992085,1.8498228121923517,46.84731999999998
115.31648,12.5,9.009100000000004,0.4718734097374337,2.198575541373243,0.2623859831335816,0.0253536450068873,0.5713542244992085,1.8498228121923517,41.44185999999996
126.1274,12.583333333333334,10.810919999999982,0.5342187489289295,2.725784982416827,0.2623859831335816,0.0434633914403783,0.6622693000025119,2.0465455474531984,34.23458000000002
136.93832,12.666666666666666,10.81092000000001,0.5868443604016575,2.725784982416827,0.4498045425147114,0.0434633914403783,0.6622693000025119,2.0465455474531984,23.423660000000012
147.74924,12.75,10.810919999999982,0.6301602669555724,3.15951757221155,0.4498045425147114,0.0653963065653841,0.7347662352098873,2.2137933114653405,10.810920000000038
153.1547,12.833333333333334,5.405460000000005,0.6645764913906292,3.15951757221155,0.6767892422096352,0.0653963065653841,0.7347662352098873,2.2137933114653405,3.603639999999984
156.75833999999998,12.916666666666666,3.603639999999984,0.6905030565067832,3.15951757221155,0.6767892422096352,0.0905487321674549,0.7900206560976709,2.2137933114653405,-5.405459999999977
154.95651999999998,13.0,-1.801819999999992,0.7083499851039894,3.5053819218323388,0.6767892422096352,0.0905487321674549,0.7900206560976709,2.352468104307429,-7.207279999999997
151.35288,13.083333333333334,-3.603639999999984,0.718527299982203,3.5053819218323388,0.9370927969056486,0.1183170100321411,0.7900206560976709,2.352468104307429,-10.81092000000001
149.55106,13.166666666666666,-1.801819999999992,0.7175131797814731,3.768986642354131,0.9370927969056486,0.1183170100321411,0.8292081886421985,2.463471926058115,-14.414559999999994
149.55106,13.25,0.0,0.7071417903024398,3.768986642354131,1.2244679212900476,0.1480974819449929,0.8292081886421985,2.463471926058115,-19.82002
151.35288,13.333333333333334,1.801819999999992,0.6687204665868124,3.768986642354131,1.2244679212900476,0.1480974819449929,0.8292081886421985,2.5477067767960495,-28.829120000000003
153.1547,13.416666666666666,1.801819999999992,0.6094612351941378,3.9559403448518577,1.2244679212900476,0.1792864896915607,0.8535044588198053,2.5477067767960495,-36.036399999999986
156.75833999999998,13.5,3.603639999999984,0.5326442785240572,3.9559403448518577,1.5326673300501277,0.1792864896915607,0.8535044588198053,2.606074656599884,-45.045499999999976
160.36198000000002,13.583333333333334,3.6036400000000417,0.4415497789762114,4.071851640400447,1.5326673300501277,0.2112803750573949,0.8535044588198053,2.606074656599884,-54.05460000000001
160.36198000000002,13.666666666666666,0.0,0.3394579189502418,4.071851640400447,1.855443737873184,0.2112803750573949,0.8640850926068279,2.639477565548271,-59.46006000000003
158.56016000000002,13.75,-1.801819999999992,0.1728754770140198,4.071851640400447,1.855443737873184,0.2434754798280456,0.8640850926068279,2.639477565548271,-63.063700000000026
156.75833999999998,13.833333333333334,-1.801820000000049,0.0,4.122329140074833,1.855443737873184,0.2434754798280456,0.8640850926068279,2.64881750371986,-64.86551999999998
151.35288,13.916666666666666,-5.405459999999977,0.0,4.122329140074833,2.186549859446514,0.275268145789063,0.8640850926068279,2.6349964711933045,-63.0637
147.74924,14.0,-3.603640000000013,0.0,4.112981454949946,2.186549859446514,0.275268145789063,0.8621257159796012,2.5989164680472534,-61.26187999999999
140.54196,14.083333333333334,-7.207279999999997,0.0,4.112981454949946,2.519738409457412,0.3060547147259977,0.8621257159796012,2.5989164680472534,-54.05459999999999
135.1365,14.166666666666666,-5.405459999999977,0.0,4.112981454949946,2.519738409457412,0.3060547147259977,0.8621257159796012,2.5414794943603596,-50.45096000000001
129.73104,14.25,-5.405460000000005,0.0,4.049417196100719,2.519738409457412,0.3352315284243998,0.8488019549144619,2.4635875502112725,-45.0455
122.52376,14.333333333333334,-7.2072800000000115,0.0,4.049417196100719,2.848762102593172,0.3352315284243998,0.8488019549144619,2.3661426356786457,-37.83821999999999
117.1183,14.416666666666666,-5.405459999999991,0.0,4.049417196100719,2.848762102593172,0.3621949286698199,0.8488019549144619,2.250046750841129,-30.63094000000001
111.71284,14.5,-5.405460000000005,0.0,4.049417196100719,2.848762102593172,0.3621949286698199,0.8488019549144619,2.1162018957773743,-36.0364
106.30738,14.583333333333334,-5.405459999999991,0.0,3.937244974602084,2.848762102593172,0.3621949286698199,0.8488019549144619,1.965510070566031,-18.018200000000007
100.90192,14.666666666666666,-5.405460000000019,0.0,3.937244974602084,3.167373653541093,0.3863412572478077,0.8252894353877456,1.798873275285754,-9.00909999999999
95.49646,14.75,-5.405459999999991,0.0,3.782073401528972,3.167373653541093,0.3863412572478077,0.8252894353877456,1.421372774832997,-1.801819999999992
91.89282,14.833333333333334,-3.603639999999998,0.0,3.782073401528972,3.469325776988468,0.4070668559439142,0.8252894353877456,0.9909163950483116,3.603639999999998
88.28918,14.916666666666666,-3.603639999999998,0.0,3.782073401528972,3.469325776988468,0.4070668559439142,0.8252894353877456,0.2617245530003172,9.009100000000004
86.48736,15.0,-1.8018200000000064,0.0,3.5895110879563163,3.469325776988468,0.4237680665436891,0.7927637833757879,0.0,14.414559999999994
86.48736,15.083333333333334,0.0,0.0,3.5895110879563163,3.7483711876225954,0.4237680665436891,0.7927637833757879,0.0,16.216380000000015
84.68554,15.166666666666666,-1.801819999999992,0.0,3.5895110879563163,3.7483711876225954,0.4237680665436891,0.7927637833757879,0.0,19.82002
84.68554,15.25,0.0,0.0,3.365166644959047,3.7483711876225954,0.4358412308326831,0.7524006248549246,0.0,19.82002
84.68554,15.333333333333334,0.0,0.0,3.365166644959047,3.998262600130768,0.4358412308326831,0.7524006248549246,0.0,21.62184000000001
86.48736,15.416666666666666,1.801819999999992,0.0,3.1146486836120957,3.998262600130768,0.4358412308326831,0.7524006248549246,0.0,19.820020000000017
75.67644,15.433333333333334,-10.810919999999996,0.0,3.1146486836120957,4.212752729200283,0.4426826905964464,0.7524006248549246,0.0,28.829120000000003
88.28918,15.5,12.612740000000002,0.0,3.1146486836120957,4.212752729200283,0.4426826905964464,0.7053755858014921,0.0,14.414560000000009
91.89282,15.583333333333334,3.603639999999998,0.0,2.843565814990394,4.212752729200283,0.4436887876205294,0.7053755858014921,0.0,10.81092000000001
93.69464,15.666666666666666,1.8018200000000064,0.0,2.843565814990394,4.385594289518435,0.4436887876205294,0.7053755858014921,0.0,9.009100000000004
95.49646,15.75,1.801819999999992,0.0,2.557526650168876,4.385594289518435,0.4436887876205294,0.7053755858014921,0.0,9.009100000000004
97.29828,15.833333333333334,1.8018200000000064,0.0,2.557526650168876,4.385594289518435,0.438255863690482,0.6528642921918254,0.0,9.009100000000004
100.90192,15.916666666666666,3.603639999999984,0.0,2.557526650168876,4.510539995772523,0.438255863690482,0.6528642921918254,0.0,7.2072800000000115
102.70374,16.0,1.8018200000000208,0.0,2.262139800222471,4.510539995772523,0.438255863690482,0.6528642921918254,0.0,7.207279999999983
104.50556,16.083333333333332,1.801819999999992,0.0,2.262139800222471,4.510539995772523,0.4257802605918549,0.6528642921918254,0.0,7.207279999999997
104.50556,16.166666666666668,0.0,0.0,1.963013876226111,4.581342562649838,0.4257802605918549,0.5960423700022608,0.0,7.207279999999997
106.30738,16.25,1.8018200000000064,0.0,1.963013876226111,4.581342562649838,0.4257802605918549,0.5960423700022608,0.0,5.405459999999991
106.30738,16.333333333333332,0.0,0.0,1.6657574892547276,4.591754704837679,0.4257802605918549,0.5960423700022608,0.0,3.603639999999984
104.50556,16.416666666666668,-1.8018200000000064,0.0,1.6657574892547276,4.591754704837679,0.4056583201101982,0.5960423700022608,0.0,5.405459999999991
102.70374,16.5,-1.801819999999992,0.0,1.6657574892547276,4.591754704837679,0.4056583201101982,0.5360854452091339,0.0,5.405459999999991
102.70374,16.583333333333332,0.0,0.0,1.3759792503832542,4.53552913702334,0.4056583201101982,0.5360854452091339,0.0,3.603639999999998
102.70374,16.666666666666668,0.0,0.0,1.3759792503832542,4.53552913702334,0.3772863840310624,0.5360854452091339,0.0,3.603639999999998
104.50556,16.75,1.801819999999992,0.0,1.099287770686622,4.53552913702334,0.3772863840310624,0.5360854452091339,0.0,0.0
106.30738,16.833333333333332,1.8018200000000064,0.0,1.099287770686622,4.4064185738941175,0.3772863840310624,0.4741691437887808,0.0,-1.8018200000000064
108.1092,16.916666666666668,1.801819999999992,0.0,0.841291661239762,4.4064185738941175,0.3772863840310624,0.4741691437887808,0.0,-3.603639999999998
109.91102,17.0,1.801819999999992,0.0,0.6075995331176061,4.4064185738941175,0.3400607941399977,0.4741691437887808,0.0,-5.405459999999991
111.71284,17.083333333333332,1.8018200000000064,0.0,0.6075995331176061,4.198175730137306,0.3400607941399977,0.4741691437887808,0.0,-9.00909999999999
111.71284,17.166666666666668,0.0,0.0,0.4038199973950855,4.198175730137306,0.3400607941399977,0.411469091717537,0.0,-10.81092000000001
111.71284,17.25,0.0,0.0,0.4038199973950855,3.904553320440203,0.3400607941399977,0.411469091717537,0.0,-12.612740000000002
109.91102,17.333333333333332,-1.8018200000000064,0.0,0.2355616651471333,3.904553320440203,0.293377892222554,0.411469091717537,0.0,-12.612739999999988
109.91102,17.416666666666668,0.0,0.0,0.1084331474486805,3.904553320440203,0.293377892222554,0.3491609149717384,0.0,-14.414559999999994
108.1092,17.5,-1.801819999999992,0.0,0.0280430553746586,3.5193040594901044,0.293377892222554,0.3491609149717384,0.0,-14.414559999999994
106.30738,17.583333333333332,-1.801819999999992,0.0,0.0,3.5193040594901044,0.293377892222554,0.3491609149717384,0.0,-12.612740000000002
106.30738,17.666666666666668,0.0,0.0,0.0,3.5193040594901044,0.2366340200642823,0.3491609149717384,0.0,-14.414560000000009
104.50556,17.75,-1.8018200000000064,0.0,0.0,3.0361806619743015,0.2366340200642823,0.2884202395277211,0.0,-14.414559999999994
104.50556,17.833333333333332,0.0,0.0,0.0,3.0361806619743015,0.2366340200642823,0.2884202395277211,0.0,-16.21638
104.50556,17.916666666666668,0.0,0.0,0.0,3.0361806619743015,0.2366340200642823,0.2884202395277211,0.0,-16.21638
104.50556,18.0,0.0,0.0,0.0,2.448935842580096,0.2366340200642823,0.2884202395277211,0.0,-18.018200000000007
102.70374,18.083333333333332,-1.801819999999992,0.0,0.0,2.448935842580096,0.1692255194507326,0.2304226913618207,0.0,-16.216380000000015
100.90192,18.166666666666668,-1.8018200000000208,0.0,0.0,1.7513223159947806,0.1692255194507326,0.2304226913618207,0.0,-14.414559999999994
99.1001,18.25,-1.801819999999992,0.0,0.0,1.7513223159947806,0.1692255194507326,0.2304226913618207,0.0,-12.612740000000002
97.29828,18.333333333333332,-1.801819999999992,0.0,0.0,1.7513223159947806,0.1692255194507326,0.176343896450373,0.0,-10.81092000000001
95.49646,18.416666666666668,-1.8018200000000064,0.0,0.0,0.937092796905648,0.1692255194507326,0.176343896450373,0.0,-9.009100000000004
93.69464,18.5,-1.801819999999992,0.0,0.0,0.937092796905648,0.0905487321674548,0.176343896450373,0.0,-7.2072800000000115
93.69464,18.583333333333332,0.0,0.0,0.0,0.937092796905648,0.0905487321674548,0.1273594807697139,0.0,-9.009100000000004
91.89282,18.666666666666668,-1.8018200000000064,0.0,0.0,0.0,0.0905487321674548,0.1273594807697139,0.0,-7.207279999999997
90.091,18.75,-1.801819999999992,0.0,0.0,0.0,0.0905487321674548,0.1273594807697139,0.0,-5.405460000000005
88.28918,18.833333333333332,-1.8018200000000064,0.0,0.0,0.0,0.0905487321674548,0.084645070296179,0.0,-3.603639999999998
88.28918,18.916666666666668,0.0,0.0,0.0,0.0,0.0,0.084645070296179,0.0,-3.603639999999998
86.48736,19.0,-1.8018200000000064,0.0,0.0,0.0,0.0,0.084645070296179,0.0,0.0
86.48736,19.083333333333332,0.0,0.0,0.0,0.0,0.0,0.0493762910061044,0.0,0.0
86.48736,19.166666666666668,0.0,0.0,0.0,0.0,0.0,0.0493762910061044,0.0,0.0
86.48736,19.25,0.0,0.0,0.0,0.0,0.0,0.0493762910061044,0.0,-1.801819999999992
86.48736,19.333333333333332,0.0,0.0,0.0,0.0,0.0,0.0227287688758258,0.0,-3.603639999999998
86.48736,19.416666666666668,0.0,0.0,0.0,0.0,0.0,0.0227287688758258,0.0,-7.207279999999983
86.48736,19.5,0.0,0.0,0.0,0.0,0.0,0.005878129881679,0.2717408522802131,-9.009100000000004
84.68554,19.583333333333332,-1.801819999999992,0.0585471598923321,0.1869537024977248,0.0200805599336924,0.0021305584039401,0.0940500781068656,0.2717408522802131,-7.2072800000000115
84.68554,19.666666666666668,0.0,0.1112093989253923,0.1869537024977248,0.0200805599336924,0.0021305584039401,0.1706617042314165,0.2717408522802131,-7.2072800000000115
84.68554,19.75,0.0,0.1112093989253923,0.3493956973346368,0.0776448317436108,0.0082381591619017,0.2304226913618207,0.2717408522802131,-7.2072800000000115
84.68554,19.833333333333332,0.0,0.158191728499158,0.3493956973346368,0.0776448317436108,0.0082381591619017,0.2304226913618207,0.5193291856769253,-7.2072800000000115
84.68554,19.916666666666668,0.0,0.199699160013607,0.4885723425273874,0.0776448317436108,0.0082381591619017,0.2856771122496042,0.5193291856769253,-7.2072800000000115
86.48736,20.0,1.801819999999992,0.2359367048687168,0.4885723425273874,0.1686767034430167,0.0178966905930969,0.2856771122496042,0.5193291856769253,-9.009100000000004
86.48736,20.083333333333332,0.0,0.2359367048687168,0.6057299960926283,0.1686767034430167,0.0178966905930969,0.3311346500012559,0.5193291856769253,-12.612740000000002
86.48736,20.166666666666668,0.0,0.2359367048687168,0.6057299960926283,0.1686767034430167,0.0178966905930969,0.3311346500012559,0.5193291856769253,-9.009100000000004
84.68554,20.25,-1.801819999999992,0.2671093744644647,0.6057299960926283,0.2891600630451716,0.0306800410167376,0.3311346500012559,0.7433894617830488,-7.2072800000000115
82.88372,20.333333333333332,-1.8018200000000064,0.2934221802008288,0.6057299960926283,0.2891600630451716,0.0306800410167376,0.3673831176049436,0.7433894617830488,-5.405460000000005
79.28008000000001,20.416666666666668,-3.603639999999984,0.3150801334777862,0.7021150160470111,0.2891600630451716,0.0461620987520358,0.3673831176049436,0.7433894617830488,0.0
77.47825999999999,20.5,-1.8018200000000208,0.3322882456953146,0.7021150160470111,0.4350787985633369,0.0461620987520358,0.3673831176049436,0.9445461421914964,7.2072800000000115
77.47825999999999,20.583333333333332,0.0,0.3452515282533916,0.7789737604071865,0.4350787985633369,0.0639167521182035,0.3950103280488354,0.9445461421914964,16.216380000000015
77.47825999999999,20.666666666666668,0.0,0.3592636499911015,0.7789737604071865,0.6024167980107741,0.0639167521182035,0.3950103280488354,0.9445461421914964,28.829120000000017
77.47825999999999,20.75,0.0,0.3607225119706896,0.7789737604071865,0.6024167980107741,0.0835178894344525,0.3950103280488354,1.1234236884951805,46.84732000000001
77.47825999999999,20.833333333333332,0.0,0.3587565898907365,0.8375525871898071,0.6024167980107741,0.0835178894344525,0.4146040943210992,1.1234236884951805,64.86552000000002
77.47825999999999,20.916666666666668,0.0,0.3453704391521173,0.8375525871898071,0.7871579494007448,0.104539399019995,0.4146040943210992,1.1234236884951805,82.88372000000003
77.47825999999999,21.0,0.0,0.3207452889750642,0.8790978544115238,0.7871579494007448,0.104539399019995,0.4146040943210992,1.280646562287013,99.1001
73.87462,21.083333333333332,-3.603639999999998,0.2865212305593978,0.8790978544115238,0.9852861407465106,0.1265551691940429,0.4267522294099026,1.280646562287013,117.1183
77.47825999999999,21.083333333333332,3.603639999999998,0.2443383551049386,0.8790978544115238,0.9852861407465106,0.1265551691940429,0.4267522294099026,1.280646562287013,124.32558
77.47825999999999,21.166666666666668,0.0,0.1958367538115072,0.9048559200889882,0.9852861407465106,0.1491390882758081,0.4267522294099026,1.416839225159907,135.1365
77.47825999999999,21.25,0.0,0.1148244404228946,0.9048559200889882,1.192785260061333,0.1718650445845028,0.4320425463034139,1.416839225159907,144.1456
79.28008000000001,21.333333333333332,1.8018200000000208,0.0288205068955849,0.9160731422388518,1.192785260061333,0.1718650445845028,0.4320425463034139,1.416839225159907,149.55105999999995
84.68554,21.416666666666668,5.405459999999991,0.0,0.9160731422388518,1.405639195358473,0.1943069264393386,0.4320425463034139,1.532626138706774,153.1547
93.69464,21.5,9.009100000000004,0.0,0.9160731422388518,1.405639195358473,0.1943069264393386,0.4310628579898006,1.532626138706774,149.55106
106.30738,21.583333333333332,12.612740000000002,0.0,0.9139958788777656,1.405639195358473,0.2160386221595278,0.4310628579898006,1.6286317645205275,142.34377999999998
124.32558,21.666666666666668,18.018199999999993,0.0,0.9139958788777656,1.6198318346511933,0.2160386221595278,0.4310628579898006,1.6286317645205275,127.92922
142.34378,21.75,18.018200000000007,0.0,0.9139958788777656,1.6198318346511933,0.2366340200642822,0.4310628579898006,1.7054805641940796,109.91101999999998
160.36198000000002,21.833333333333332,18.018200000000007,0.0,0.8998704880223819,1.6198318346511933,0.2366340200642822,0.4244009774572309,1.7054805641940796,91.89281999999996
176.57836,21.916666666666668,16.216379999999987,0.0,0.8998704880223819,1.8313470659527535,0.255667008472814,0.4244009774572309,1.763796999320342,75.67643999999999
190.99292,22.0,14.414559999999994,0.0,0.874943327689352,1.8313470659527535,0.255667008472814,0.4244009774572309,1.763796999320342,61.26187999999999
201.80384,22.083333333333332,10.810919999999982,0.0,0.874943327689352,2.0361687772764165,0.2727114757043349,0.4126447176938728,1.8042055314922276,48.64914000000002
212.61476,22.166666666666668,10.810920000000038,0.0,0.874943327689352,2.0361687772764165,0.2727114757043349,0.4126447176938728,1.8042055314922276,37.83821999999998
221.62386,22.25,9.00909999999999,0.0,0.8404607558953271,2.0361687772764165,0.2727114757043349,0.4126447176938728,1.8273306223026493,27.027299999999997
228.83114,22.333333333333332,7.207279999999969,0.0,0.8404607558953271,2.230280856635444,0.2873413100780571,0.4126447176938728,1.8273306223026493,18.018200000000007
237.84024,22.416666666666668,9.009100000000018,0.0,0.8404607558953271,2.230280856635444,0.2873413100780571,0.3963818916878939,1.8337967333445184,9.00909999999999
243.2457,22.5,5.405460000000005,0.0,0.7976691306569592,2.230280856635444,0.2991303999131923,0.3963818916878939,1.8242283262107493,1.801819999999992
248.65116,22.583333333333332,5.405460000000005,0.0,0.7976691306569592,2.4096671920430968,0.2991303999131923,0.3963818916878939,1.8242283262107493,-5.405460000000005
252.2548,22.666666666666668,3.603639999999984,0.0,0.7478148099908993,2.4096671920430968,0.3076526335289528,0.3963818916878939,1.7992498624942523,-10.810919999999982
252.2548,22.75,0.0,0.0,0.7478148099908993,2.5703116715126364,0.3076526335289528,0.3762003124274623,1.7594858037879413,-12.612739999999974
252.2548,22.833333333333332,0.0,0.0,0.7478148099908993,2.5703116715126364,0.3076526335289528,0.3762003124274623,1.7055606116847273,-18.01819999999998
252.2548,22.916666666666668,0.0,0.0,0.692144151913799,2.5703116715126364,0.3124818992445504,0.3762003124274623,1.638098747777524,-23.423660000000012
252.2548,23.0,0.0,0.0,0.692144151913799,2.7081981830573247,0.3124818992445504,0.3762003124274623,1.5577246736592432,-28.82911999999999
250.45298,23.083333333333332,-1.801819999999992,0.0,0.63190351444231,2.7081981830573247,0.3124818992445504,0.352687792900746,1.4650628509227974,-30.63094000000001
250.45298,23.166666666666668,0.0,0.0,0.63190351444231,2.7081981830573247,0.3131920853791972,0.352687792900746,1.2453738059670605,-34.234579999999994
248.65116,23.25,-1.801819999999992,0.0,0.63190351444231,2.8193106146904228,0.3131920853791972,0.352687792900746,1.1195955069335943,-34.234579999999994
246.84934,23.333333333333332,-1.8018200000000208,0.0,0.5683392555930835,2.8193106146904228,0.3131920853791972,0.352687792900746,0.8392936637200292,-32.43275999999997
246.84934,23.416666666666668,0.0,0.0,0.5683392555930835,2.899632854425193,0.3093570802521049,0.3264321460959127,0.3563447099267838,-34.234579999999966
245.04752,23.5,-1.801819999999992,0.0,0.5026977333827712,2.899632854425193,0.3093570802521049,0.3264321460959127,0.0,-34.234579999999994
243.2457,23.583333333333332,-1.801819999999992,0.0,0.5026977333827712,2.899632854425193,0.3093570802521049,0.3264321460959127,0.0,-36.036399999999986
241.44388,23.666666666666668,-1.801819999999992,0.0,0.5026977333827712,2.9451487902748963,0.3005507721824858,0.3264321460959127,0.0,-39.64004000000003
239.64206,23.75,-1.801819999999992,0.0,0.4362253058280246,2.9451487902748963,0.3005507721824858,0.2980211850011304,0.0,-41.44186000000002
234.2366,23.833333333333332,-5.405460000000005,0.0,0.4362253058280246,2.9451487902748963,0.3005507721824858,0.2980211850011304,0.0,-39.64004
228.83114,23.916666666666668,-5.4054600000000335,0.0,0.370168330945495,2.9518423102527938,0.2863470494895517,0.2980211850011304,0.0,-36.036399999999986
223.42568,0.0,-5.405459999999977,0.0,0.370168330945495,2.9518423102527938,0.2863470494895517,0.2680427226045669,0.0,-34.234579999999994
219.82204,0.0833333333333333,-3.603640000000013,0.0,0.3057731667518342,2.9518423102527938,0.2863470494895517,0.2680427226045669,0.0,-32.43275999999997
216.2184,0.1666666666666666,-3.603639999999984,0.0,0.3057731667518342,2.915697302372147,0.2863470494895517,0.2680427226045669,0.0,-28.82911999999999
214.41658,0.25,-1.801819999999992,0.0,0.2442861712636937,2.915697302372147,0.2663198004925146,0.2680427226045669,0.0,-28.82911999999999
214.41658,0.3333333333333333,0.0,0.0,0.2442861712636937,2.832697654646218,0.2663198004925146,0.2370845718943904,0.0,-32.43276
212.61476,0.4166666666666667,-1.801819999999992,0.0,0.1869537024977248,2.832697654646218,0.2663198004925146,0.2370845718943904,0.0,-34.23458000000002
210.81294,0.5,-1.8018200000000208,0.0,0.1869537024977248,2.832697654646218,0.2663198004925146,0.2370845718943904,0.0,-36.036400000000015
207.2093,0.5833333333333334,-3.603639999999984,0.0,0.1350221184705791,2.6988272550882684,0.2400429135105866,0.2370845718943904,0.0,-36.036400000000015
201.80384,0.6666666666666666,-5.4054600000000335,0.0,0.1350221184705791,2.6988272550882684,0.2400429135105866,0.2057345458587685,0.0,-34.234579999999966
198.2002,0.75,-3.603639999999984,0.0,0.0897377771989079,2.6988272550882684,0.2400429135105866,0.2057345458587685,0.0,-32.43276
194.59656,0.8333333333333334,-3.603639999999984,0.0,0.0523470366993629,2.510069991711559,0.2400429135105866,0.2057345458587685,0.0,-32.43276
192.79474,0.9166666666666666,-1.8018200000000208,0.0,0.0240962549885956,2.510069991711559,0.2070902768629793,0.2057345458587685,0.0,-32.43275999999997
189.1911,1.0,-3.603639999999984,0.0,0.0240962549885956,2.510069991711559,0.2070902768629793,0.1745804574858692,0.0,-32.43276000000003
187.38928,1.0833333333333333,-1.801819999999992,0.0,0.0240962549885956,2.510069991711559,0.2070902768629793,0.1745804574858692,0.0,-27.027299999999997
187.38928,1.1666666666666667,0.0,0.0,0.0,2.262409752529353,0.2070902768629793,0.1745804574858692,0.0,-27.027299999999997
185.58746,1.25,-1.801819999999992,0.0,0.0,2.262409752529353,0.2070902768629793,0.1745804574858692,0.0,-25.225480000000005
181.98382,1.3333333333333333,-3.603640000000013,0.0,0.0,1.951830425554908,0.1670357788689051,0.1745804574858692,0.0,-21.62183999999999
178.38018,1.4166666666666667,-3.603640000000013,0.0,0.0,1.951830425554908,0.1670357788689051,0.1442101197638605,0.0,-16.216379999999987
174.77653999999998,1.5,-3.603640000000013,0.0,0.0,1.951830425554908,0.1670357788689051,0.1442101197638605,0.0,-12.612739999999974
171.1729,1.5833333333333337,-3.603639999999984,0.0,0.0,1.57431589880149,0.1670357788689051,0.1442101197638605,0.0,-9.00909999999999
167.56926,1.6666666666666663,-3.603639999999984,0.0,0.0,1.57431589880149,0.1194533078475759,0.1152113456809103,0.0,-5.405460000000005
165.76744,1.75,-1.8018200000000208,0.0,0.0,1.57431589880149,0.1194533078475759,0.1152113456809103,0.0,-3.603639999999984
162.1638,1.8333333333333337,-3.603639999999984,0.0,0.0,1.125850060282359,0.1194533078475759,0.1152113456809103,0.0,-1.801819999999992
160.36198000000002,1.9166666666666663,-1.801819999999992,0.0,0.0,1.125850060282359,0.1194533078475759,0.1152113456809103,0.0,0.0
156.75833999999998,2.0,-3.6036400000000417,0.0,0.0,1.125850060282359,0.1194533078475759,0.0881719482251865,0.0,1.801820000000049
160.36198000000002,2.0,3.6036400000000417,0.0,0.0,0.6024167980107737,0.0639167521182034,0.0881719482251865,0.0,-3.6036400000000417
160.36198000000002,2.0833333333333335,0.0,0.0,0.0,0.6024167980107737,0.0639167521182034,0.0881719482251865,0.0,-7.207280000000026
160.36198000000002,2.1666666666666665,0.0,0.0,0.0,0.0,0.0639167521182034,0.0636797403848569,0.0,-7.207280000000026
160.36198000000002,2.25,0.0,0.0,0.0,0.0,0.0639167521182034,0.0636797403848569,0.0,-9.009100000000018
162.1638,2.3333333333333335,1.801819999999992,0.0,0.0,0.0,0.0639167521182034,0.0636797403848569,0.0,-10.81092000000001
162.1638,2.4166666666666665,0.0,0.0,0.0,0.0,0.0,0.0423225351480895,0.0,-9.009100000000018
162.1638,2.5,0.0,0.0,0.0,0.0,0.0,0.0423225351480895,0.0,-9.009100000000018
162.1638,2.5833333333333335,0.0,0.0,0.0,0.0,0.0,0.0423225351480895,0.0,-7.207280000000026
162.1638,2.6666666666666665,0.0,0.0,0.0,0.0,0.0,0.0246881455030522,0.0,-9.009100000000018
160.36198000000002,2.75,-1.801819999999992,0.0,0.0,0.0,0.0,0.0246881455030522,0.0,-9.009100000000018
160.36198000000002,2.8333333333333335,0.0,0.0,0.0,0.0,0.0,0.0113643844379129,0.0,-10.81092000000001
158.56016000000002,2.9166666666666665,-1.801819999999992,0.0,0.0,0.0,0.0,0.0113643844379129,0.0,-10.810920000000038
156.75833999999998,3.0,-1.801820000000049,0.0,0.0,0.0,0.0,0.0113643844379129,0.0,-12.612739999999974
153.1547,3.0833333333333335,-3.603639999999984,0.0,0.0,0.0,0.0,0.0029390649408395,0.0,-9.00909999999999
153.1547,3.1666666666666665,0.0,0.0,0.0,0.0,0.0,0.0029390649408395,0.0,-9.00909999999999
151.35288,3.25,-1.801819999999992,0.0,0.0,0.0,0.0,0.0,0.0,-5.405460000000005
151.35288,3.3333333333333335,0.0,0.0,0.0,0.0,0.0,0.0,0.0,-3.603640000000013
153.1547,3.4166666666666665,1.801819999999992,0.0,0.0,0.0,0.0,0.0,0.0,-3.603639999999984
153.1547,3.5,0.0,0.0,0.0,0.0,0.0,0.0,0.0,0.0
154.95651999999998,3.5833333333333335,1.801819999999992,0.0,0.0,0.0,0.0,0.0,0.0,0.0
153.1547,3.6666666666666665,-1.801819999999992,0.0,0.0,0.0,0.0,0.0,0.0,3.603639999999984
151.35288,3.75,-1.801819999999992,0.0,0.0,0.0,0.0,0.0,0.0,3.603639999999984
149.55106,3.8333333333333335,-1.801819999999992,0.0,0.0,0.0,0.0,0.0,0.0,5.405459999999977
147.74924,3.9166666666666665,-1.8018200000000208,0.0,0.0,0.0,0.0,0.0,0.0,5.405460000000005
144.1456,4.0,-3.603639999999984,0.0,0.0,0.0,0.0,0.0,0.0,9.00909999999999
144.1456,4.083333333333333,0.0,0.0,0.0,0.0,0.0,0.0,0.0,7.207279999999997
144.1456,4.166666666666667,0.0,0.0,0.0,0.0,0.0,0.0,0.0,7.207279999999997
145.94742,4.25,1.801819999999992,0.0,0.0,0.0,0.0,0.0,0.0,5.405460000000005
147.74924,4.333333333333333,1.801819999999992,0.0,0.0,0.0,0.0,0.0,0.0,5.405460000000005
149.55106,4.416666666666667,1.8018200000000208,0.0,0.0,0.0,0.0,0.0,0.0,3.603639999999984
153.1547,4.5,3.603639999999984,0.0,0.0,0.0,0.0,0.0,0.0,1.801819999999992
154.95651999999998,4.583333333333333,1.801819999999992,0.0,0.0,0.0,0.0,0.0,0.0,1.801819999999992
156.75833999999998,4.666666666666667,1.801819999999992,0.0,0.0,0.0,0.0,0.0,0.0,1.801820000000049
154.95651999999998,4.75,-1.801819999999992,0.0,0.0,0.0,0.0,0.0,0.0,3.6036400000000417
154.95651999999998,4.833333333333333,0.0,0.0,0.0,0.0,0.0,0.0,0.0,5.4054600000000335
153.1547,4.916666666666667,-1.801819999999992,0.0,0.0,0.0,0.0,0.0,0.0,9.009100000000018
153.1547,5.0,0.0,0.0,0.0,0.0,0.0,0.0,0.0,12.612740000000002
151.35288,5.083333333333333,-1.801819999999992,0.0,0.0,0.0,0.0,0.0,0.0,16.216380000000015
151.35288,5.166666666666667,0.0,0.0,0.0,0.0,0.0,0.0,0.0,16.216380000000015
151.35288,5.25,0.0,0.0,0.0,0.0,0.0,0.0,0.0,16.216380000000015
153.1547,5.333333333333333,1.801819999999992,0.0,0.0,0.0,0.0,0.0,0.0,14.414560000000025
153.1547,5.416666666666667,0.0,0.0,0.0,0.0,0.0,0.0,0.0,14.414560000000025
154.95651999999998,5.5,1.801819999999992,0.0,0.0,0.0,0.0,0.0,0.0,10.81092000000001
156.75833999999998,5.583333333333333,1.801819999999992,0.0,0.0,0.0,0.0,0.0,0.0,7.207280000000026
158.56016000000002,5.666666666666667,1.801820000000049,0.0,0.0,0.0,0.0,0.0,0.0,3.603639999999984
158.56016000000002,5.75,0.0,0.0,0.0,0.0,0.0,0.0,0.0,1.801819999999992
160.36198000000002,5.833333333333333,1.801819999999992,0.0,0.0,0.0,0.0,0.0,0.0,-1.801819999999992
162.1638,5.916666666666667,1.801819999999992,0.0,0.0,0.0,0.0,0.0,0.0,-3.603639999999984
165.76744,6.0,3.603639999999984,0.0,0.0,0.0,0.0,0.0,0.0,-7.207279999999969
167.56926,6.083333333333333,1.8018200000000208,0.0,0.0,0.0,0.0,0.0,0.0,-9.00909999999999
167.56926,6.166666666666667,0.0,0.0,0.0,0.0,0.0,0.0,0.0,-9.00909999999999
167.56926,6.25,0.0,0.0,0.0,0.0,0.0,0.0,0.0,-9.00909999999999
167.56926,6.333333333333333,0.0,0.0,0.0,0.0,0.0,0.0,0.0,-9.00909999999999
167.56926,6.416666666666667,0.0,0.0,0.0,0.0,0.0,0.0,0.0,-9.00909999999999
165.76744,6.5,-1.8018200000000208,0.0,0.0,0.0,0.0,0.0,0.0,-9.009100000000018
163.96562,6.583333333333333,-1.801819999999992,0.0,0.0,0.0,0.0,0.0,0.0,-7.207280000000026
162.1638,6.666666666666667,-1.801819999999992,0.0,0.0,0.0,0.0,0.0,0.0,-5.4054600000000335
160.36198000000002,6.75,-1.801819999999992,0.0,0.0,0.0,0.0,0.0,0.0,-3.6036400000000417
158.56016000000002,6.833333333333333,-1.801819999999992,0.0,0.0,0.0,0.0,0.0,0.0,0.0
158.56016000000002,6.916666666666667,0.0,0.0,0.0,0.0,0.0,0.0,0.0,-1.801820000000049
158.56016000000002,7.0,0.0,0.0,0.0,0.0,0.0,0.0,0.0,-1.801820000000049
158.56016000000002,7.083333333333333,0.0,0.0,0.0,0.0,0.0,0.0,0.0,-1.801820000000049
158.56016000000002,7.166666666666667,0.0,0.0,0.0,0.0,0.0,0.0,0.0,0.0
158.56016000000002,7.25,0.0,0.0,0.0,0.0,0.0,0.0,0.0,0.0
158.56016000000002,7.333333333333333,0.0,0.0,0.0,0.0,0.0,0.0,0.0,0.0
158.56016000000002,7.416666666666667,0.0,0.0,0.0,0.0,0.0,0.0,0.0,0.0
156.75833999999998,7.5,-1.801820000000049,0.0,0.0,0.0,0.0,0.0,0.0,7.207280000000026
156.75833999999998,7.583333333333333,0.0,0.0,0.0,0.0,0.0,0.0,0.0,1.801820000000049
156.75833999999998,7.666666666666667,0.0,0.0,0.0,0.0,0.0,0.0,0.0,1.801820000000049
156.75833999999998,7.75,0.0,0.0,0.0,0.0,0.0,0.0,0.0,0.0
158.56016000000002,7.833333333333333,1.801820000000049,0.0,0.0,0.0,0.0,0.0,0.0,-3.6036400000000417
156.75833999999998,7.916666666666667,-1.801820000000049,0.0,0.0,0.0,0.0,0.0,0.0,-3.603639999999984
156.75833999999998,8.0,0.0,0.0,0.0,0.0,0.0,0.0,0.0,-3.603639999999984
156.75833999999998,8.083333333333334,0.0,0.0,0.0,0.0,0.0,0.0,0.0,-3.603639999999984
158.56016000000002,8.166666666666666,1.801820000000049,0.0,0.0,0.0,0.0,0.0,0.0,-1.801820000000049
158.56016000000002,8.25,0.0,0.0,0.0,0.0,0.0,0.0,0.0,1.801819999999992
158.56016000000002,8.333333333333334,0.0,0.0,0.0,0.0,0.0,0.0,0.0,9.00909999999999
158.56016000000002,8.416666666666666,0.0,0.0,0.0,0.0,0.0,0.0,0.0,18.01819999999998
163.96562,8.5,5.405459999999977,0.0,0.0,0.0,0.0,0.0,0.0,21.62184000000002
158.56016000000002,8.5,-5.405459999999977,0.0,0.0,0.0,0.0,0.0,0.0,36.036399999999986
158.56016000000002,8.583333333333334,0.0,0.0,0.0,0.0,0.0,0.0,0.0,45.0455
156.75833999999998,8.666666666666666,-1.801820000000049,0.0,0.0,0.0,0.0,0.0,0.0,55.85642000000004
154.95651999999998,8.75,-1.801819999999992,0.0,0.0,0.0,0.0,0.0,0.0,68.46916000000002
153.1547,8.833333333333334,-1.801819999999992,0.0,0.0,0.0,0.0,0.0,0.0,79.28008000000003
153.1547,8.916666666666666,0.0,0.0,0.0,0.0,0.0,0.0,0.0,88.28918000000002
153.1547,9.0,0.0,0.0,0.0,0.0,0.0,0.0,0.3019342803113479,97.29828
156.75833999999998,9.083333333333334,3.603639999999984,0.0,0.0,0.0,0.0,0.0,0.3019342803113479,100.90192000000002
160.36198000000002,9.166666666666666,3.6036400000000417,0.0,0.0,0.0,0.0,0.0,0.3019342803113479,100.90191999999996
167.56926,9.25,7.207279999999997,0.0,0.0,0.0,0.0,0.0,0.3019342803113479,97.29827999999996
176.57836,9.333333333333334,9.00909999999999,0.0,0.0,0.0,0.0,0.0,0.577032428529917,88.28917999999996
185.58746,9.416666666666666,9.009100000000018,0.0,0.0,0.0,0.0,0.0,0.577032428529917,77.47825999999998
194.59656,9.5,9.00909999999999,0.0,0.0,0.0,0.0,0.0,0.577032428529917,66.66733999999997
203.60566000000003,9.583333333333334,9.009100000000018,0.0,0.0,0.0,0.0,0.0,0.577032428529917,57.65823999999995
212.61476,9.666666666666666,9.00909999999999,0.0,0.0,0.0,0.0,0.0,0.8259882908700542,48.64913999999996
223.42568,9.75,10.810919999999982,0.0,0.0,0.0,0.0,0.0,0.8259882908700542,41.44185999999996
232.43478,9.833333333333334,9.009100000000018,0.0,0.0,0.0,0.0,0.0,0.8259882908700542,34.23458000000002
241.44388,9.916666666666666,9.00909999999999,0.0,0.0,0.0,0.0,0.0,1.0494957135461072,23.423659999999956
250.45298,10.0,9.00909999999999,0.0,0.0,0.0,0.0,0.0,1.0494957135461072,10.810919999999982
257.66026,10.083333333333334,7.207279999999997,0.0,0.0,0.0,0.0,0.0,1.0494957135461072,-5.405460000000005
261.2639,10.166666666666666,3.603639999999984,0.0,0.0,0.0,0.0,0.0,1.2482485427724228,-21.621839999999963
264.86753999999996,10.25,3.603639999999984,0.0,0.0,0.0,0.0,0.0,1.2482485427724228,-41.44185999999996
264.86753999999996,10.333333333333334,0.0,0.0,0.0,0.0,0.0,0.0,1.2482485427724228,-57.65823999999995
263.06572,10.416666666666666,-1.801819999999964,0.0,0.0,0.0,0.0,0.0,1.4229406247633474,-70.27098000000001
261.2639,10.5,-1.8018200000000208,0.0,0.0,0.0,0.0,0.0,1.4229406247633474,-82.88371999999998
261.2639,10.583333333333334,0.0,0.0,0.0,0.0,0.0,0.0,1.4229406247633474,-91.89281999999996
261.2639,10.666666666666666,0.0,0.0,0.0,0.0,0.0,0.0,1.5742658057332295,-95.49645999999998
264.86753999999996,10.75,3.603639999999984,0.0,0.0,0.0,0.0,0.0,1.5742658057332295,-99.10009999999996
266.66936000000004,10.833333333333334,1.8018200000000777,0.0,0.0,0.0,0.0,0.0,1.5742658057332295,-99.10010000000004
264.86753999999996,10.916666666666666,-1.8018200000000777,0.0,0.0,0.0,0.0,0.0,1.7029179318964158,-77.47825999999995
261.2639,11.0,-3.603639999999984,0.0,0.0,0.0,0.0,0.0,1.7029179318964158,-86.48736
252.2548,11.083333333333334,-9.00909999999999,0.0,0.0,0.0,0.0,0.0,1.7029179318964158,-73.87462
239.64206,11.166666666666666,-12.612739999999974,0.0,0.0,0.0,0.0,0.0,1.809590849467253,-55.856420000000014
223.42568,11.25,-16.216380000000015,0.0,0.0,0.0,0.0,0.0,1.809590849467253,-36.036399999999986
207.2093,11.333333333333334,-16.216379999999987,0.0,0.0,0.0,0.0,0.0,1.8949784046600884,-18.018200000000007
192.79474,11.416666666666666,-14.414560000000025,0.0,0.0,0.0,0.0,0.0,1.8949784046600884,-3.603639999999984
178.38018,11.5,-14.414559999999994,0.0,0.0,0.0,0.0,0.0,1.9597744436892688,12.612740000000002
169.37108,11.583333333333334,-9.00909999999999,0.0,0.0,0.0,0.0,0.0,1.9597744436892688,19.82002
165.76744,11.666666666666666,-3.603640000000013,0.0,0.0,0.0,0.0,0.0,2.004672812769142,23.423660000000012
165.76744,11.75,0.0,0.0,0.0,0.0,0.0,0.0,2.004672812769142,19.820020000000028
167.56926,11.833333333333334,1.8018200000000208,0.0,0.0,0.0,0.0,0.0,2.030367358114055,14.414559999999994
187.38928,11.9,19.82002,0.0,0.0,0.0,0.0,0.0,2.030367358114055,-9.009100000000018
174.77653999999998,11.916666666666666,-12.61274000000003,0.0,0.0,0.0,0.0,0.0,2.037551925938354,0.0
178.38018,12.0,3.603640000000013,0.0,0.0,0.0,0.0,0.0,2.026920362456388,-7.207279999999997
183.78564,12.083333333333334,5.405460000000005,0.0,0.0,0.0,0.0,0.0,2.026920362456388,-14.414559999999994
187.38928,12.166666666666666,3.603640000000013,0.0,0.0,0.0,0.0,0.0,2.3011007941938506,-16.216380000000015
189.1911,12.25,1.801819999999992,0.1756414796769964,0.7478148099908993,0.039045533204402,0.0035509306732335,0.176343896450373,2.2569185067423936,-12.612740000000002
189.1911,12.333333333333334,0.0,0.333628196776177,0.7478148099908993,0.039045533204402,0.0035509306732335,0.3295671486994749,2.1970016266277117,-9.00909999999999
190.99292,12.416666666666666,1.801819999999992,0.4745751854974742,1.3975827893385473,0.1509760617236878,0.0137302652698363,0.4608453827236414,2.1220440000641525,-7.207279999999997
189.1911,12.5,-1.801819999999992,0.4745751854974742,1.3975827893385473,0.1509760617236878,0.0137302652698363,0.4608453827236414,2.3078376214846315,-5.405460000000005
189.1911,12.583333333333334,0.0,0.5990974800408212,1.9542893701095496,0.327982478916977,0.0298278176551616,0.5713542244992085,2.2048800406663585,-9.00909999999999
185.58746,12.666666666666666,-3.603639999999984,0.7078101146061505,1.9542893701095496,0.327982478916977,0.0298278176551616,0.5713542244992085,1.960781101826651,-10.810920000000038
181.98382,12.75,-3.603640000000013,0.8013281233933942,2.422919984370514,0.327982478916977,0.0511334016945628,0.6622693000025119,1.8210274362339107,-12.612740000000002
178.38018,12.833333333333334,-3.603640000000013,0.8802665406024863,2.422919984370514,0.5622556781433893,0.0511334016945628,0.6622693000025119,1.758536806114531,-16.216379999999987
174.77653999999998,12.916666666666666,-3.603640000000013,0.9452404004333586,2.8084600641880444,0.5622556781433893,0.0511334016945628,0.7347662352098873,1.2219268574553697,-19.82002
171.1729,13.0,-3.603639999999984,0.9968647370859438,2.8084600641880444,0.845986552762044,0.0769368312533931,0.7347662352098873,0.8259882908700542,-21.62183999999999
169.37108,13.083333333333334,-1.801819999999992,1.0357545847601748,2.8084600641880444,0.845986552762044,0.0769368312533931,0.7347662352098873,1.0494957135461072,-25.225480000000005
171.1729,13.166666666666666,1.801819999999992,1.062524977655984,3.115895041628746,0.845986552762044,0.1065279201970058,0.7900206560976709,1.0494957135461072,-32.43276
176.57836,13.25,5.405460000000005,1.0777909499733045,3.115895041628746,1.1713659961320608,0.1065279201970058,0.7900206560976709,1.0494957135461072,-41.44185999999999
180.182,13.333333333333334,3.603640000000013,1.0762697696722097,3.3502103487592283,1.1713659961320608,0.1391964823907542,0.8292081886421985,1.2482485427724228,-50.45096000000001
183.78564,13.416666666666666,3.603639999999984,1.0607126854536597,3.3502103487592283,1.5305849016125594,0.1742323316999917,0.8292081886421985,1.2482485427724228,-59.46006
183.78564,13.5,0.0,1.0030806998802186,3.3502103487592283,1.5305849016125594,0.1742323316999917,0.8292081886421985,1.2482485427724228,-63.0637
180.182,13.583333333333334,-3.603639999999984,0.9622358669251928,3.516391417646095,1.5305849016125594,0.2109252819900715,0.8535044588198053,1.4229406247633474,-63.06370000000001
174.77653999999998,13.666666666666666,-5.4054600000000335,0.8595636916781935,3.516391417646095,1.9158341625626596,0.2109252819900715,0.8535044588198053,1.4229406247633474,-59.46005999999997
169.37108,13.75,-5.405459999999977,0.6623246684643171,3.6194236803559527,1.9158341625626596,0.2485651471263469,0.8535044588198053,1.4229406247633474,-55.856420000000014
162.1638,13.833333333333334,-7.207279999999997,0.5091868784253628,3.6194236803559527,2.31930467234148,0.2485651471263469,0.8535044588198053,1.5742658057332295,-50.45096000000001
154.95651999999998,13.916666666666666,-7.207280000000026,0.2593132155210297,3.6194236803559527,2.31930467234148,0.2864417409741713,0.8640850926068279,1.5742658057332295,-45.04549999999999
149.55106,14.0,-5.405459999999977,0.0,3.6642925689554073,2.31930467234148,0.2864417409741713,0.8640850926068279,1.5742658057332295,-43.24368
144.1456,14.083333333333334,-5.405460000000005,0.0,3.6642925689554073,2.733187324308142,0.3238448773988977,0.8640850926068279,1.7029179318964158,-41.44185999999999
138.74014,14.166666666666666,-5.405460000000005,0.0,3.6642925689554073,2.733187324308142,0.3238448773988977,0.8621257159796012,1.7029179318964158,-37.83822000000001
135.1365,14.25,-3.603639999999984,0.0,3.6559835155110623,2.733187324308142,0.3600643702658797,0.8621257159796012,1.809590849467253,-37.83822000000001
129.73104,14.333333333333334,-5.405460000000005,0.0,3.6559835155110623,3.149673011821765,0.3600643702658797,0.8621257159796012,1.809590849467253,-36.0364
124.32558,14.416666666666666,-5.405460000000005,0.0,3.5994819520895276,3.149673011821765,0.3943900334404704,0.8488019549144619,1.8949784046600884,-32.43276
120.72194,14.5,-3.603639999999998,0.0,3.5994819520895276,3.560952628241465,0.3943900334404704,0.8488019549144619,1.8949784046600884,-28.829120000000003
117.1183,14.583333333333334,-3.603639999999998,0.0,3.5994819520895276,3.560952628241465,0.4261116807880233,0.8488019549144619,1.9597744436892688,-27.027299999999997
115.31648,14.666666666666666,-1.801819999999992,0.0,3.499773310757408,3.560952628241465,0.4261116807880233,0.8488019549144619,1.9597744436892688,-25.225480000000005
113.51466,14.75,-1.8018200000000208,0.0,3.499773310757408,3.9592170669263655,0.4545191261738915,0.8252894353877456,2.004672812769142,-25.22547999999999
111.71284,14.833333333333334,-1.801819999999992,0.0,3.499773310757408,3.9592170669263655,0.4545191261738915,0.8252894353877456,2.004672812769142,-25.225480000000005
109.91102,14.916666666666666,-1.8018200000000064,0.0,3.3618430235813084,4.336657221235585,0.4789021834634284,0.8252894353877456,2.030367358114055,-27.027299999999997
106.30738,15.0,-3.603639999999984,0.0,3.3618430235813084,4.336657221235585,0.4789021834634284,0.8252894353877456,2.030367358114055,-27.027299999999997
102.70374,15.083333333333334,-3.603639999999998,0.0,3.190676522627837,4.336657221235585,0.4789021834634284,0.7927637833757879,2.037551925938354,-27.02730000000001
100.90192,15.166666666666666,-1.8018200000000208,0.0,3.190676522627837,4.685463984528244,0.4985506665219872,0.7927637833757879,2.026920362456388,-25.22547999999999
97.29828,15.25,-3.603639999999984,0.0,3.190676522627837,4.685463984528244,0.4985506665219872,0.7927637833757879,2.026920362456388,-19.820020000000017
93.69464,15.333333333333334,-3.603639999999998,0.0,2.9912592399635973,4.685463984528244,0.5127543892149213,0.7524006248549246,1.9991665138825023,-10.81092000000001
91.89282,15.416666666666666,-1.8018200000000064,0.0,2.9912592399635973,4.685463984528244,0.5127543892149213,0.7524006248549246,1.9549842264310455,-32.43276
91.89282,15.5,0.0,0.0,2.9912592399635973,4.99782825016346,0.5127543892149213,0.7524006248549246,1.9549842264310455,-1.801819999999992
90.091,15.583333333333334,-1.801819999999992,0.0,2.9912592399635973,4.99782825016346,0.5127543892149213,0.7524006248549246,1.8950673463163636,12.612740000000002
90.091,15.666666666666666,0.0,0.0,2.768576607655196,4.99782825016346,0.5208031654075841,0.7524006248549246,1.8201097197528044,25.225480000000005
88.28918,15.75,-1.8018200000000064,0.0,2.768576607655196,5.265940911500354,0.5208031654075841,0.7053755858014921,1.7308051929547146,43.24368
86.48736,15.833333333333334,-1.8018200000000064,0.0,2.52761405776924,5.265940911500354,0.5219868089653287,0.7053755858014921,1.6278476121364416,61.26187999999999
82.88372,15.916666666666666,-3.603639999999998,0.0,2.52761405776924,5.4819928618980445,0.5219868089653287,0.7053755858014921,1.383748673296734,79.28008000000001
79.28008000000001,16.0,-3.603639999999984,0.0,2.52761405776924,5.4819928618980445,0.5219868089653287,0.7053755858014921,1.2439950077039938,97.29828
75.67644,16.083333333333332,-3.603640000000013,0.0,2.273357022372334,5.4819928618980445,0.5155951337535083,0.6528642921918254,0.9325485152444768,111.71284
75.67644,16.166666666666668,0.0,0.0,2.273357022372334,5.638174994715653,0.5155951337535083,0.6528642921918254,0.3959385665853153,120.72194
77.47825999999999,16.25,1.801819999999992,0.0,2.010790933531085,5.638174994715653,0.5155951337535083,0.6528642921918254,0.0,127.92922000000004
82.88372,16.333333333333332,5.405460000000005,0.0,2.010790933531085,5.638174994715653,0.5009179536374764,0.6528642921918254,0.0,127.92922
59.46006,16.366666666666667,-23.42366,0.0,1.7449012233120986,5.726678203312298,0.5009179536374764,0.5960423700022608,0.0,154.95652
90.091,16.416666666666668,30.63094000000001,0.0,1.7449012233120986,5.726678203312298,0.5009179536374764,0.5960423700022608,0.0,127.92922
102.70374,16.5,12.612740000000002,0.0,1.7449012233120986,5.726678203312298,0.5009179536374764,0.5960423700022608,0.0,115.31647999999998
115.31648,16.583333333333332,12.612740000000002,0.0,1.48067332378198,5.739693381047099,0.4772450824825861,0.5960423700022608,0.0,100.90192
131.53286,16.666666666666668,16.216379999999987,0.0,1.48067332378198,5.739693381047099,0.4772450824825861,0.5360854452091339,0.0,82.88372000000001
147.74924,16.75,16.216379999999987,0.0,1.223092667007337,5.669411421279174,0.4772450824825861,0.5360854452091339,0.0,63.06370000000001
162.1638,16.833333333333332,14.414560000000025,0.0,1.223092667007337,5.669411421279174,0.443866334154191,0.5360854452091339,0.0,45.0455
176.57836,16.916666666666668,14.414559999999994,0.0,0.977144685054775,5.669411421279174,0.443866334154191,0.5360854452091339,0.0,27.027300000000025
187.38928,17.0,10.81092000000001,0.0,0.977144685054775,5.508023217367646,0.443866334154191,0.4741691437887808,0.0,16.216380000000015
196.39838,17.083333333333332,9.00909999999999,0.0,0.7478148099908994,5.508023217367646,0.443866334154191,0.4741691437887808,0.0,5.405459999999977
205.40748,17.166666666666668,9.009100000000018,0.0,0.7478148099908994,5.508023217367646,0.4000715225176443,0.4741691437887808,0.0,-7.207280000000026
210.81294,17.25,5.405459999999977,0.0,0.5400884738823165,5.247719662671633,0.4000715225176443,0.4741691437887808,0.0,-14.414559999999994
214.41658,17.333333333333332,3.603640000000013,0.0,0.3589511087956316,5.247719662671633,0.4000715225176443,0.411469091717537,0.0,-19.82002
218.02022,17.416666666666668,3.603639999999984,0.0,0.3589511087956316,5.247719662671633,0.4000715225176443,0.411469091717537,0.0,-28.82911999999999
218.02022,17.5,0.0,0.0,0.2093881467974518,4.880691650550254,0.3451504614382988,0.411469091717537,0.0,-30.63093999999998
216.2184,17.583333333333332,-1.801819999999992,0.0,0.0963850199543827,4.880691650550254,0.3451504614382988,0.411469091717537,0.0,-30.63093999999998
214.41658,17.666666666666668,-1.801819999999992,0.0,0.0249271603330299,4.39913007436263,0.3451504614382988,0.3491609149717384,0.0,-32.43276
210.81294,17.75,-3.603640000000013,0.0,0.0,4.39913007436263,0.3451504614382988,0.3491609149717384,0.0,-30.63093999999998
207.2093,17.833333333333332,-3.603639999999984,0.0,0.0,4.39913007436263,0.2783929647815086,0.3491609149717384,0.0,-28.829120000000017
203.60566000000003,17.916666666666668,-3.603639999999984,0.0,0.0,3.7952258274678767,0.2783929647815086,0.2884202395277211,0.0,-27.027300000000025
203.60566000000003,18.0,0.0,0.0,0.0,3.7952258274678767,0.2783929647815086,0.2884202395277211,0.0,-30.63094000000004
201.80384,18.083333333333332,-1.801820000000049,0.0,0.0,3.7952258274678767,0.2783929647815086,0.2884202395277211,0.0,-30.63093999999998
198.2002,18.166666666666668,-3.603639999999984,0.0,0.0,3.06116980322512,0.2783929647815086,0.2884202395277211,0.0,-28.82911999999999
196.39838,18.25,-1.801819999999992,0.0,0.0,3.06116980322512,0.1990888464126265,0.2304226913618207,0.0,-28.82911999999999
194.59656,18.333333333333332,-1.801819999999992,0.0,0.0,3.06116980322512,0.1990888464126265,0.2304226913618207,0.0,-27.027299999999997
189.1911,18.416666666666668,-5.405460000000005,0.0,0.0,2.189152894993476,0.1990888464126265,0.2304226913618207,0.0,-23.423660000000012
187.38928,18.5,-1.801819999999992,0.0,0.0,2.189152894993476,0.1990888464126265,0.176343896450373,0.0,-21.62184000000002
185.58746,18.583333333333332,-1.801819999999992,0.0,0.0,1.17136599613206,0.1990888464126265,0.176343896450373,0.0,-19.820020000000028
181.98382,18.666666666666668,-3.603640000000013,0.0,0.0,1.17136599613206,0.1065279201970057,0.176343896450373,0.0,-19.82002
180.182,18.75,-1.801819999999992,0.0,0.0,1.17136599613206,0.1065279201970057,0.1273594807697139,0.0,-18.018200000000007
178.38018,18.833333333333332,-1.8018200000000208,0.0,0.0,0.0,0.1065279201970057,0.1273594807697139,0.0,-18.01819999999998
176.57836,18.916666666666668,-1.801819999999992,0.0,0.0,0.0,0.1065279201970057,0.1273594807697139,0.0,-18.01819999999998
172.97472,19.0,-3.603640000000013,0.0,0.0,0.0,0.1065279201970057,0.1273594807697139,0.0,-16.216380000000015
171.1729,19.083333333333332,-1.801819999999992,0.0,0.0,0.0,0.0,0.084645070296179,0.0,-16.216380000000015
169.37108,19.166666666666668,-1.801819999999992,0.0,0.0,0.0,0.0,0.084645070296179,0.0,-16.216380000000015
167.56926,19.25,-1.801819999999992,0.0,0.0,0.0,0.0,0.0493762910061044,0.0,-16.216380000000015
167.56926,19.333333333333332,0.0,0.0,0.0,0.0,0.0,0.0493762910061044,0.0,-18.018200000000007
165.76744,19.416666666666668,-1.8018200000000208,0.0,0.0,0.0,0.0,0.0493762910061044,0.0,-18.018200000000007
165.76744,19.5,0.0,0.0,0.0,0.0,0.0,0.0227287688758258,0.0,-23.423659999999984
165.76744,19.583333333333332,0.0,0.0,0.0,0.0,0.0,0.0227287688758258,0.0,-21.62183999999999
162.1638,19.666666666666668,-3.603639999999984,0.0,0.0,0.0,0.0,0.0227287688758258,0.0,-19.82002
162.1638,19.75,0.0,0.0,0.0,0.0,0.0,0.0227287688758258,0.0,-18.018200000000007
160.36198000000002,19.833333333333332,-1.801819999999992,0.0,0.0,0.0,0.0,0.005878129881679,0.0,-10.81092000000001
158.56016000000002,19.916666666666668,-1.801819999999992,0.0,0.0,0.0,0.0,0.005878129881679,0.0,-1.801820000000049
156.75833999999998,20.0,-1.801820000000049,0.0,0.0,0.0,0.0,0.0,0.0,9.009100000000018
154.95651999999998,20.083333333333332,-1.801819999999992,0.0,0.0,0.0,0.0,0.0,0.0,21.62184000000002
153.1547,20.166666666666668,-1.801819999999992,0.0,0.0,0.0,0.0,0.0,0.0,32.43276000000003
151.35288,20.25,-1.801819999999992,0.0,0.0,0.0,0.0,0.0,0.0,41.44185999999999
149.55106,20.333333333333332,-1.801819999999992,0.0,0.0,0.0,0.0,0.0,0.0,48.64913999999999
147.74924,20.416666666666668,-1.8018200000000208,0.0,0.0,0.0,0.0,0.0,0.0,54.05459999999999
142.34378,20.5,-5.405459999999977,0.0,0.0,0.0,0.0,0.0,0.0,63.06370000000001
144.1456,20.5,1.801819999999992,0.0,0.0,0.0,0.0,0.0,0.0,63.06370000000001
142.34378,20.583333333333332,-1.801819999999992,0.0,0.0,0.0,0.0,0.0,0.0,64.86552
144.1456,20.666666666666668,1.801819999999992,0.0,0.0,0.0,0.0,0.0,0.0,63.06370000000001
149.55106,20.75,5.405460000000005,0.0,0.0,0.0,0.0,0.0,0.0,55.856420000000014
156.75833999999998,20.833333333333332,7.207279999999969,0.0,0.0,0.0,0.0,0.0,0.0,45.0455
165.76744,20.916666666666668,9.009100000000018,0.0,0.0,0.0,0.0,0.0,0.0,30.63094000000001
176.57836,21.0,10.81092000000001,0.0,0.0,0.0,0.0,0.0,0.3321277083424827,14.414559999999994
185.58746,21.083333333333332,9.009100000000018,0.0,0.0,0.0,0.0,0.0,0.3321277083424827,0.0
192.79474,21.166666666666668,7.207279999999969,0.0,0.0,0.0,0.0,0.0,0.3321277083424827,-10.810919999999982
198.2002,21.25,5.405460000000005,0.0,0.0,0.0,0.0,0.0,0.3321277083424827,-19.82002
201.80384,21.333333333333332,3.603639999999984,0.0,0.0,0.0,0.0,0.0,0.6347356713829087,-25.225479999999976
205.40748,21.416666666666668,3.6036400000000417,0.0,0.0,0.0,0.0,0.0,0.6347356713829087,-34.23458000000002
207.2093,21.5,1.801819999999992,0.0,0.0,0.0,0.0,0.0,0.6347356713829087,-37.83822000000001
207.2093,21.583333333333332,0.0,0.0,0.0,0.0,0.0,0.0,0.6347356713829087,-41.44186000000002
207.2093,21.666666666666668,0.0,0.0,0.0,0.0,0.0,0.0,0.9085871199570597,-46.84732
205.40748,21.75,-1.801819999999992,0.0,0.0,0.0,0.0,0.0,0.9085871199570597,-48.649140000000045
201.80384,21.833333333333332,-3.6036400000000417,0.0,0.0,0.0,0.0,0.0,0.9085871199570597,-48.64913999999999
196.39838,21.916666666666668,-5.405459999999977,0.0,0.0,0.0,0.0,0.0,1.1544452849007178,-46.84732
190.99292,22.0,-5.405460000000005,0.0,0.0,0.0,0.0,0.0,1.1544452849007178,-43.24368000000001
185.58746,22.083333333333332,-5.405459999999977,0.0,0.0,0.0,0.0,0.0,1.1544452849007178,-41.44186000000002
181.98382,22.166666666666668,-3.603640000000013,0.0,0.0,0.0,0.0,0.0,1.3730733970496651,-41.44186000000002
178.38018,22.25,-3.603640000000013,0.0,0.0,0.0,0.0,0.0,1.3730733970496651,-37.83822000000001
176.57836,22.333333333333332,-1.801819999999992,0.0,0.0,0.0,0.0,0.0,1.3730733970496651,-37.83822000000001
171.1729,22.416666666666668,-5.405460000000005,0.0,0.0,0.0,0.0,0.0,1.5652346872396825,-32.43276
169.37108,22.5,-1.801819999999992,0.0,0.0,0.0,0.0,0.0,1.5652346872396825,-32.43276
165.76744,22.583333333333332,-3.603640000000013,0.0,0.0,0.0,0.0,0.0,1.5652346872396825,-28.82911999999999
160.36198000000002,22.666666666666668,-5.405459999999977,0.0,0.0,0.0,0.0,0.0,1.7316923863065523,-25.225480000000005
156.75833999999998,22.75,-3.6036400000000417,0.0,0.0,0.0,0.0,0.0,1.7316923863065523,-23.423659999999956
153.1547,22.833333333333332,-3.603639999999984,0.0,0.0,0.0,0.0,0.0,1.7316923863065523,-19.82001999999997
149.55106,22.916666666666668,-3.603639999999984,0.0,0.0,0.0,0.0,0.0,1.873209725086057,-18.018200000000007
147.74924,23.0,-1.8018200000000208,0.0,0.0,0.0,0.0,0.0,1.873209725086057,-19.820019999999985
144.1456,23.083333333333332,-3.603639999999984,0.0,0.0,0.0,0.0,0.0,1.9905499344139783,-18.018200000000007
140.54196,23.166666666666668,-3.603640000000013,0.0,0.0,0.0,0.0,0.0,1.9905499344139783,-18.018199999999993
140.54196,23.25,0.0,0.0,0.0,0.0,0.0,0.0,2.084476245126097,-19.820019999999985
138.74014,23.333333333333332,-1.801819999999992,0.0,0.0,0.0,0.0,0.0,2.084476245126097,-19.82002
138.74014,23.416666666666668,0.0,0.0,0.0,0.0,0.0,0.0,2.155751888058196,-21.62183999999999
136.93832,23.5,-1.801819999999992,0.0,0.0,0.0,0.0,0.0,2.155751888058196,-21.62183999999999
136.93832,23.583333333333332,0.0,0.0,0.0,0.0,0.0,0.0,2.205140094046056,-21.62183999999999
135.1365,23.666666666666668,-1.801819999999992,0.0,0.0,0.0,0.0,0.0,2.205140094046056,-21.62184000000002
133.33468000000002,23.75,-1.801819999999992,0.0,0.0,0.0,0.0,0.0,2.23340409392546,-19.820020000000028
133.33468000000002,23.833333333333332,0.0,0.0,0.0,0.0,0.0,0.0,2.23340409392546,-21.62184000000002
131.53286,23.916666666666668,-1.8018200000000208,0.0,0.0,0.0,0.0,0.0,2.2413071185321893,-21.62184000000001
127.92922,0.0,-3.603639999999998,0.0,0.0,0.0,0.0,0.0,2.229612398702027,-19.82002
126.1274,0.0833333333333333,-1.8018200000000064,0.0,0.0,0.0,0.0,0.0,2.229612398702027,-19.820019999999985
122.52376,0.1666666666666666,-3.603639999999998,0.0,0.0,0.0,0.0,0.0,2.199083165270753,-18.018199999999993
120.72194,0.25,-1.801819999999992,0.0,0.0,0.0,0.0,0.0,2.15048264907415,-16.21638
118.92012,0.3333333333333333,-1.8018200000000064,0.0,0.0,0.0,0.0,0.0,2.084574080948,-16.216379999999987
117.1183,0.4166666666666667,-1.801819999999992,0.0,0.0,0.0,0.0,0.0,2.0021206917280847,-14.414559999999994
115.31648,0.5,-1.801819999999992,0.0,0.0,0.0,0.0,0.0,1.9038857122501864,-14.414560000000025
115.31648,0.5833333333333334,0.0,0.0,0.0,0.0,0.0,0.0,1.7906323733500855,-14.414560000000025
113.51466,0.6666666666666666,-1.8018200000000208,0.0,0.0,0.0,0.0,0.0,1.522123540626407,-12.612740000000002
113.51466,0.75,0.0,0.0,0.0,0.0,0.0,0.0,1.3683945084743931,-12.612740000000002
111.71284,0.8333333333333334,-1.801819999999992,0.0,0.0,0.0,0.0,0.0,1.0258033667689246,-10.81092000000001
109.91102,0.9166666666666666,-1.8018200000000064,0.0,0.0,0.0,0.0,0.0,0.4355324232438468,-9.009100000000004
108.1092,1.0,-1.801819999999992,0.0,0.0,0.0,0.0,0.0,0.0,-7.2072800000000115
106.30738,1.0833333333333333,-1.801819999999992,0.0,0.0,0.0,0.0,0.0,0.0,-5.405460000000019
104.50556,1.1666666666666667,-1.8018200000000064,0.0,0.0,0.0,0.0,0.0,0.0,-1.801819999999992
104.50556,1.25,0.0,0.0,0.0,0.0,0.0,0.0,0.0,-1.801819999999992
102.70374,1.3333333333333333,-1.801819999999992,0.0,0.0,0.0,0.0,0.0,0.0,0.0
102.70374,1.4166666666666667,0.0,0.0,0.0,0.0,0.0,0.0,0.0,1.801819999999992
100.90192,1.5,-1.8018200000000208,0.0,0.0,0.0,0.0,0.0,0.0,3.603640000000013
100.90192,1.5833333333333337,0.0,0.0,0.0,0.0,0.0,0.0,0.0,3.603640000000013
100.90192,1.6666666666666663,0.0,0.0,0.0,0.0,0.0,0.0,0.0,5.405460000000019
100.90192,1.75,0.0,0.0,0.0,0.0,0.0,0.0,0.0,7.2072800000000115
100.90192,1.8333333333333337,0.0,0.0,0.0,0.0,0.0,0.0,0.0,9.009100000000004
100.90192,1.9166666666666663,0.0,0.0,0.0,0.0,0.0,0.0,0.0,10.81092000000001
100.90192,2.0,0.0,0.0,0.0,0.0,0.0,0.0,0.0,12.612740000000002
100.90192,2.0833333333333335,0.0,0.0,0.0,0.0,0.0,0.0,0.0,12.612740000000002
102.70374,2.1666666666666665,1.8018200000000208,0.0,0.0,0.0,0.0,0.0,0.0,12.612740000000002
102.70374,2.25,0.0,0.0,0.0,0.0,0.0,0.0,0.0,14.414559999999994
102.70374,2.3333333333333335,0.0,0.0,0.0,0.0,0.0,0.0,0.0,14.414559999999994
104.50556,2.4166666666666665,1.801819999999992,0.0,0.0,0.0,0.0,0.0,0.0,14.414559999999994
104.50556,2.5,0.0,0.0,0.0,0.0,0.0,0.0,0.0,16.21638
104.50556,2.5833333333333335,0.0,0.0,0.0,0.0,0.0,0.0,0.0,16.21638
106.30738,2.6666666666666665,1.8018200000000064,0.0,0.0,0.0,0.0,0.0,0.0,16.216379999999987
108.1092,2.75,1.801819999999992,0.0,0.0,0.0,0.0,0.0,0.0,14.414559999999994
109.91102,2.8333333333333335,1.801819999999992,0.0,0.0,0.0,0.0,0.0,0.0,14.414560000000009
111.71284,2.9166666666666665,1.8018200000000064,0.0,0.0,0.0,0.0,0.0,0.0,14.414559999999994
113.51466,3.0,1.801819999999992,0.0,0.0,0.0,0.0,0.0,0.0,14.414560000000009
113.51466,3.0833333333333335,0.0,0.0,0.0,0.0,0.0,0.0,0.0,16.216380000000015
115.31648,3.1666666666666665,1.8018200000000208,0.0,0.0,0.0,0.0,0.0,0.0,16.216379999999987
117.1183,3.25,1.801819999999992,0.0,0.0,0.0,0.0,0.0,0.0,16.216380000000015
117.1183,3.3333333333333335,0.0,0.0,0.0,0.0,0.0,0.0,0.0,18.018200000000007
118.92012,3.4166666666666665,1.801819999999992,0.0,0.0,0.0,0.0,0.0,0.0,16.216380000000015
120.72194,3.5,1.8018200000000064,0.0,0.0,0.0,0.0,0.0,0.0,14.414560000000009
120.72194,3.5833333333333335,0.0,0.0,0.0,0.0,0.0,0.0,0.0,14.414560000000009
122.52376,3.6666666666666665,1.801819999999992,0.0,0.0,0.0,0.0,0.0,0.0,12.612740000000016
122.52376,3.75,0.0,0.0,0.0,0.0,0.0,0.0,0.0,12.612740000000016
124.32558,3.8333333333333335,1.8018200000000064,0.0,0.0,0.0,0.0,0.0,0.0,10.81092000000001
126.1274,3.9166666666666665,1.801819999999992,0.0,0.0,0.0,0.0,0.0,0.0,9.009100000000018
127.92922,4.0,1.8018200000000064,0.0,0.0,0.0,0.0,0.0,0.0,7.2072800000000115
129.73104,4.083333333333333,1.8018200000000064,0.0,0.0,0.0,0.0,0.0,0.0,5.405460000000005
131.53286,4.166666666666667,1.801819999999992,0.0,0.0,0.0,0.0,0.0,0.0,1.8018200000000208
133.33468000000002,4.25,1.8018200000000208,0.0,0.0,0.0,0.0,0.0,0.0,-1.8018200000000208
135.1365,4.333333333333333,1.801819999999992,0.0,0.0,0.0,0.0,0.0,0.0,-5.405460000000005
135.1365,4.416666666666667,0.0,0.0,0.0,0.0,0.0,0.0,0.0,-5.405460000000005
135.1365,4.5,0.0,0.0,0.0,0.0,0.0,0.0,0.0,-7.2072800000000115
135.1365,4.583333333333333,0.0,0.0,0.0,0.0,0.0,0.0,0.0,-7.2072800000000115
135.1365,4.666666666666667,0.0,0.0,0.0,0.0,0.0,0.0,0.0,-5.405460000000005
135.1365,4.75,0.0,0.0,0.0,0.0,0.0,0.0,0.0,-5.405460000000005
135.1365,4.833333333333333,0.0,0.0,0.0,0.0,0.0,0.0,0.0,-3.603640000000013
135.1365,4.916666666666667,0.0,0.0,0.0,0.0,0.0,0.0,0.0,-1.801819999999992
135.1365,5.0,0.0,0.0,0.0,0.0,0.0,0.0,0.0,-1.801819999999992
135.1365,5.083333333333333,0.0,0.0,0.0,0.0,0.0,0.0,0.0,0.0
133.33468000000002,5.166666666666667,-1.801819999999992,0.0,0.0,0.0,0.0,0.0,0.0,1.801819999999992
131.53286,5.25,-1.8018200000000208,0.0,0.0,0.0,0.0,0.0,0.0,5.405460000000005
129.73104,5.333333333333333,-1.801819999999992,0.0,0.0,0.0,0.0,0.0,0.0,7.207279999999997
129.73104,5.416666666666667,0.0,0.0,0.0,0.0,0.0,0.0,0.0,5.405460000000005
127.92922,5.5,-1.8018200000000064,0.0,0.0,0.0,0.0,0.0,0.0,7.2072800000000115
127.92922,5.583333333333333,0.0,0.0,0.0,0.0,0.0,0.0,0.0,5.405460000000019
129.73104,5.666666666666667,1.8018200000000064,0.0,0.0,0.0,0.0,0.0,0.0,1.801819999999992
129.73104,5.75,0.0,0.0,0.0,0.0,0.0,0.0,0.0,0.0
131.53286,5.833333333333333,1.801819999999992,0.0,0.0,0.0,0.0,0.0,0.0,-3.603639999999998
133.33468000000002,5.916666666666667,1.8018200000000208,0.0,0.0,0.0,0.0,0.0,0.0,-7.207280000000026
133.33468000000002,6.0,0.0,0.0,0.0,0.0,0.0,0.0,0.0,-10.810920000000024
135.1365,6.083333333333333,1.801819999999992,0.0,0.0,0.0,0.0,0.0,0.0,-14.414560000000009
135.1365,6.166666666666667,0.0,0.0,0.0,0.0,0.0,0.0,0.0,-16.216380000000015
136.93832,6.25,1.801819999999992,0.0,0.0,0.0,0.0,0.0,0.0,-19.82002
136.93832,6.333333333333333,0.0,0.0,0.0,0.0,0.0,0.0,0.0,-21.62183999999999
135.1365,6.416666666666667,-1.801819999999992,0.0,0.0,0.0,0.0,0.0,0.0,-21.62184000000002
135.1365,6.5,0.0,0.0,0.0,0.0,0.0,0.0,0.0,-21.62184000000002
133.33468000000002,6.583333333333333,-1.801819999999992,0.0,0.0,0.0,0.0,0.0,0.0,-19.820020000000028
131.53286,6.666666666666667,-1.8018200000000208,0.0,0.0,0.0,0.0,0.0,0.0,-18.018200000000007
129.73104,6.75,-1.801819999999992,0.0,0.0,0.0,0.0,0.0,0.0,-14.414559999999994
127.92922,6.833333333333333,-1.8018200000000064,0.0,0.0,0.0,0.0,0.0,0.0,-12.612739999999988
126.1274,6.916666666666667,-1.8018200000000064,0.0,0.0,0.0,0.0,0.0,0.0,-10.810919999999982
122.52376,7.0,-3.603639999999998,0.0,0.0,0.0,0.0,0.0,0.0,-5.405459999999991
120.72194,7.083333333333333,-1.801819999999992,0.0,0.0,0.0,0.0,0.0,0.0,-3.603639999999998
118.92012,7.166666666666667,-1.8018200000000064,0.0,0.0,0.0,0.0,0.0,0.0,0.0
117.1183,7.25,-1.801819999999992,0.0,0.0,0.0,0.0,0.0,0.0,3.603639999999998
115.31648,7.333333333333333,-1.801819999999992,0.0,0.0,0.0,0.0,0.0,0.0,7.207279999999983
113.51466,7.416666666666667,-1.8018200000000208,0.0,0.0,0.0,0.0,0.0,0.0,9.009100000000004
113.51466,7.5,0.0,0.0,0.0,0.0,0.0,0.0,0.0,10.81092000000001
113.51466,7.583333333333333,0.0,0.0,0.0,0.0,0.0,0.0,0.0,10.81092000000001
113.51466,7.666666666666667,0.0,0.0,0.0,0.0,0.0,0.0,0.0,10.81092000000001
115.31648,7.75,1.8018200000000208,0.0,0.0,0.0,0.0,0.0,0.0,7.207279999999983
115.31648,7.833333333333333,0.0,0.0,0.0,0.0,0.0,0.0,0.0,5.405459999999991
115.31648,7.916666666666667,0.0,0.0,0.0,0.0,0.0,0.0,0.0,3.603639999999984
117.1183,8.0,1.801819999999992,0.0,0.0,0.0,0.0,0.0,0.0,0.0
117.1183,8.083333333333334,0.0,0.0,0.0,0.0,0.0,0.0,0.0,-1.801819999999992
118.92012,8.166666666666666,1.801819999999992,0.0,0.0,0.0,0.0,0.0,0.0,-3.603639999999984
120.72194,8.25,1.8018200000000064,0.0,0.0,0.0,0.0,0.0,0.0,-7.2072800000000115
122.52376,8.333333333333334,1.801819999999992,0.0,0.0,0.0,0.0,0.0,0.0,-9.009100000000004
122.52376,8.416666666666666,0.0,0.0,0.0,0.0,0.0,0.0,0.0,-9.009100000000004
124.32558,8.5,1.8018200000000064,0.0,0.0,0.0,0.0,0.0,0.0,-9.00909999999999
124.32558,8.583333333333334,0.0,0.0,0.0,0.0,0.0,0.0,0.0,-9.00909999999999
124.32558,8.666666666666666,0.0,0.0,0.0,0.0,0.0,0.0,0.0,-7.207279999999997
122.52376,8.75,-1.8018200000000064,0.0,0.0,0.0,0.0,0.0,0.0,-1.801819999999992
120.72194,8.833333333333334,-1.801819999999992,0.0,0.0,0.0,0.0,0.0,0.0,1.801819999999992
118.92012,8.916666666666666,-1.8018200000000064,0.0,0.0,0.0,0.0,0.0,0.0,5.405460000000005
117.1183,9.0,-1.801819999999992,0.0,0.0,0.0,0.0,0.0,0.0,12.612740000000002
115.31648,9.083333333333334,-1.801819999999992,0.0,0.0,0.0,0.0,0.0,0.0,14.414559999999994
115.31648,9.166666666666666,0.0,0.0,0.0,0.0,0.0,0.0,0.0,18.018200000000007
113.51466,9.25,-1.8018200000000208,0.0,0.0,0.0,0.0,0.0,0.0,27.027299999999997
113.51466,9.333333333333334,0.0,0.0,0.0,0.0,0.0,0.0,0.0,34.234579999999994
113.51466,9.416666666666666,0.0,0.0,0.0,0.0,0.0,0.0,0.0,43.24367999999998
115.31648,9.5,1.8018200000000208,0.0,0.0,0.0,0.0,0.0,0.0,50.45095999999998
115.31648,9.583333333333334,0.0,0.0,0.0,0.0,0.0,0.0,0.0,59.46005999999997
117.1183,9.666666666666666,1.801819999999992,0.0,0.0,0.0,0.0,0.0,0.0,66.66734
120.72194,9.75,3.603639999999998,0.0,0.0,0.0,0.0,0.0,0.0,72.07279999999999
122.52376,9.833333333333334,1.801819999999992,0.0,0.0,0.0,0.0,0.0,0.0,77.47825999999999
124.32558,9.916666666666666,1.8018200000000064,0.0,0.0,0.0,0.0,0.0,0.0,82.88372000000001
129.73104,10.0,5.405460000000005,0.0,0.0,0.0,0.0,0.0,0.0,82.88372000000001
129.73104,10.0,0.0,0.0,0.0,0.0,0.0,0.0,0.0,86.48736
133.33468000000002,10.083333333333334,3.603640000000013,0.0,0.0,0.0,0.0,0.0,0.0,86.48735999999997
140.54196,10.166666666666666,7.207279999999969,0.0,0.0,0.0,0.0,0.0,0.0,79.28008
147.74924,10.25,7.207279999999997,0.0,0.0,0.0,0.0,0.0,0.0,72.0728
156.75833999999998,10.333333333333334,9.00909999999999,0.0,0.0,0.0,0.0,0.0,0.0,61.26188000000002
165.76744,10.416666666666666,9.009100000000018,0.0,0.0,0.0,0.0,0.0,0.0,50.45096000000001
174.77653999999998,10.5,9.00909999999999,0.0,0.0,0.0,0.0,0.0,0.0,39.64004000000003
183.78564,10.583333333333334,9.009100000000018,0.0,0.0,0.0,0.0,0.0,0.0,28.829120000000017
192.79474,10.666666666666666,9.00909999999999,0.0,0.0,0.0,0.0,0.0,0.0,18.018200000000007
200.00202,10.75,7.207279999999997,0.0,0.0,0.0,0.0,0.0,0.0,7.207280000000026
207.2093,10.833333333333334,7.207280000000026,0.0,0.0,0.0,0.0,0.0,0.0,-3.603639999999984
212.61476,10.916666666666666,5.405460000000005,0.0,0.0,0.0,0.0,0.0,0.0,-14.414560000000025
216.2184,11.0,3.603639999999984,0.0,0.0,0.0,0.0,0.0,0.3019342803113479,-21.62183999999999
219.82204,11.083333333333334,3.603639999999984,0.0,0.0,0.0,0.0,0.0,0.3019342803113479,-30.63093999999998
219.82204,11.166666666666666,0.0,0.0,0.0,0.0,0.0,0.0,0.3019342803113479,-34.234579999999966
219.82204,11.25,0.0,0.0,0.0,0.0,0.0,0.0,0.3019342803113479,-37.83821999999998
218.02022,11.333333333333334,-1.801819999999992,0.0,0.0,0.0,0.0,0.0,0.577032428529917,-39.64004
216.2184,11.416666666666666,-1.801819999999992,0.0,0.0,0.0,0.0,0.0,0.577032428529917,-41.44186000000002
214.41658,11.5,-1.801819999999992,0.0,0.0,0.0,0.0,0.0,0.577032428529917,-43.24368000000001
212.61476,11.583333333333334,-1.801819999999992,0.0,0.0,0.0,0.0,0.0,0.577032428529917,-46.847320000000025
210.81294,11.666666666666666,-1.8018200000000208,0.2927357994616607,0.8412916612397617,0.0334675998894874,0.0053263960098502,0.293906494083955,0.8259882908700542,-52.25277999999997
207.2093,11.75,-3.603639999999984,0.2927357994616607,0.8412916612397617,0.0334675998894874,0.0053263960098502,0.5492785811657915,0.8259882908700542,-55.856420000000014
203.60566000000003,11.833333333333334,-3.603639999999984,0.5560469946269617,1.5722806380058656,0.0334675998894874,0.0053263960098502,0.5492785811657915,0.8259882908700542,-61.26188000000002
198.2002,11.916666666666666,-5.4054600000000335,0.7909586424957904,1.5722806380058656,0.1294080529060181,0.0205953979047544,0.7680756378727356,1.0494957135461072,-64.86551999999998
194.59656,12.0,-3.603639999999984,0.9984958000680354,2.198575541373243,0.1294080529060181,0.0205953979047544,0.952257040832014,1.0494957135461072,-61.26187999999999
189.1911,12.083333333333334,-5.405460000000005,0.9984958000680354,2.198575541373243,0.1294080529060181,0.0205953979047544,0.952257040832014,1.0494957135461072,-63.06370000000001
185.58746,12.166666666666666,-3.603639999999984,0.9984958000680354,2.198575541373243,0.2811278390716946,0.0447417264827424,0.952257040832014,1.0494957135461072,-66.66734000000002
181.98382,12.25,-3.603640000000013,1.179683524343584,2.198575541373243,0.2811278390716946,0.0447417264827424,1.1037821666708534,1.2482485427724228,-68.46916000000002
178.38018,12.333333333333334,-3.603640000000013,1.3355468723223238,2.725784982416827,0.4819334384086194,0.0767001025418442,1.1037821666708534,1.2482485427724228,-66.66734
174.77653999999998,12.416666666666666,-3.603640000000013,1.467110901004144,2.725784982416827,0.4819334384086194,0.0767001025418442,1.1037821666708534,1.2482485427724228,-61.26187999999999
171.1729,12.5,-3.603639999999984,1.575400667388931,3.15951757221155,0.4819334384086194,0.1154052468800896,1.2246103920164788,1.4229406247633474,-52.25278
165.76744,12.583333333333334,-5.405460000000005,1.6614412284765732,3.15951757221155,0.7251313309388949,0.1154052468800896,1.2246103920164788,1.4229406247633474,-37.83821999999999
158.56016000000002,12.666666666666666,-7.207279999999969,1.726257641266958,3.5053819218323388,0.7251313309388949,0.1597918802955087,1.316701093496118,1.4229406247633474,-19.820020000000028
151.35288,12.75,-7.207280000000026,1.7708749627599736,3.5053819218323388,1.0040279966846235,0.1597918802955087,1.316701093496118,1.5742658057332295,-3.603640000000013
142.34378,12.833333333333334,-9.00909999999999,1.803612559853448,3.5053819218323388,1.0040279966846235,0.2087947235861314,1.316701093496118,1.5742658057332295,12.612739999999974
133.33468000000002,12.916666666666666,-9.00909999999999,1.7937829494536828,3.768986642354131,1.0040279966846235,0.2087947235861314,1.3820136477369973,1.5742658057332295,25.225480000000005
133.33468000000002,13.0,0.0,1.7678544757560997,3.768986642354131,1.311929915667908,0.2613484975499876,1.3820136477369973,1.7029179318964158,25.225480000000005
126.1274,13.0,-7.207280000000026,1.671801166467031,3.9559403448518577,1.311929915667908,0.2613484975499876,1.3820136477369973,1.7029179318964158,27.027299999999997
118.92012,13.083333333333334,-7.207279999999997,1.5236530879853445,3.9559403448518577,1.642143567910851,0.3163879229851072,1.4225074313663422,1.809590849467253,30.63094000000001
113.51466,13.166666666666666,-5.405460000000005,1.3316106963101428,3.9559403448518577,1.642143567910851,0.3163879229851072,1.4225074313663422,1.809590849467253,30.63094000000001
111.71284,13.25,-1.801819999999992,1.1038744474405284,4.071851640400447,1.642143567910851,0.3728477206895204,1.4225074313663422,1.8949784046600884,28.82911999999999
113.51466,13.333333333333334,1.801819999999992,0.7132825893946213,4.071851640400447,1.9879754334355544,0.3728477206895204,1.44014182101138,1.8949784046600884,21.62184000000002
118.92012,13.416666666666666,5.405460000000005,0.2885071176562378,4.071851640400447,1.9879754334355544,0.4296626114612569,1.44014182101138,1.9597744436892688,12.612740000000002
127.92922,13.5,9.009100000000004,0.0,4.122329140074833,1.9879754334355544,0.4296626114612569,1.44014182101138,1.9597744436892688,1.8018200000000064
138.74014,13.583333333333334,10.810919999999996,0.0,4.122329140074833,2.3427319922641217,0.4857673160983465,1.44014182101138,2.004672812769142,-12.612740000000002
147.74924,13.666666666666666,9.00909999999999,0.0,4.112981454949946,2.3427319922641217,0.4857673160983465,1.4368761932993357,2.004672812769142,-23.423659999999984
154.95651999999998,13.75,7.207279999999997,0.0,4.112981454949946,2.6997197244186557,0.5400965553988195,1.4368761932993357,2.030367358114055,-32.43275999999999
158.56016000000002,13.833333333333334,3.6036400000000417,0.0,4.112981454949946,2.6997197244186557,0.5400965553988195,1.4368761932993357,2.030367358114055,-39.64004000000003
158.56016000000002,13.916666666666666,0.0,0.0,4.049417196100719,2.6997197244186557,0.5915850501607056,1.4146699248574366,2.037551925938354,-43.24368000000001
153.1547,14.0,-5.4054600000000335,0.0,4.049417196100719,3.052245109921256,0.5915850501607056,1.4146699248574366,2.026920362456388,-41.44185999999999
149.55106,14.083333333333334,-3.603639999999984,0.0,4.049417196100719,3.052245109921256,0.639167521182035,1.4146699248574366,2.026920362456388,-43.24368
144.1456,14.166666666666666,-5.405460000000005,0.0,3.937244974602084,3.052245109921256,0.639167521182035,1.4146699248574366,1.9991665138825023,-45.0455
140.54196,14.25,-3.603640000000013,0.0,3.937244974602084,3.393614628794028,0.6817786892608373,1.3754823923129091,1.9549842264310455,-48.64913999999999
135.1365,14.333333333333334,-5.405459999999977,0.0,3.782073401528972,3.393614628794028,0.6817786892608373,1.3754823923129091,1.8950673463163636,-50.45096000000001
131.53286,14.416666666666666,-3.603640000000013,0.0,3.782073401528972,3.717134761059073,0.7183532751951426,1.3754823923129091,1.8201097197528044,-54.05460000000001
129.73104,14.5,-1.801819999999992,0.0,3.782073401528972,3.717134761059073,0.7183532751951426,1.3212729722929797,1.7308051929547146,-57.658240000000006
126.1274,14.583333333333334,-3.603640000000013,0.0,3.5895110879563163,3.717134761059073,0.7478259997829808,1.3212729722929797,1.6278476121364416,-57.65823999999999
124.32558,14.666666666666666,-1.801819999999992,0.0,3.5895110879563163,4.016111986738495,0.7478259997829808,1.3212729722929797,1.383748673296734,-57.65823999999999
122.52376,14.75,-1.8018200000000064,0.0,3.5895110879563163,4.016111986738495,0.7478259997829808,1.3212729722929797,1.2439950077039938,-57.65823999999999
118.92012,14.833333333333334,-3.603639999999998,0.0,3.365166644959047,4.016111986738495,0.7691315838223821,1.2540010414248746,0.9325485152444768,-54.05459999999999
115.31648,14.916666666666666,-3.603639999999984,0.0,3.365166644959047,4.283852785854394,0.7691315838223821,1.2540010414248746,0.3959385665853153,-48.64914
111.71284,15.0,-3.603640000000013,0.0,3.1146486836120957,4.283852785854394,0.7812047481113761,1.2540010414248746,0.0,-45.04549999999999
106.30738,15.083333333333334,-5.405459999999991,0.0,3.1146486836120957,4.513663638428874,0.7812047481113761,1.2540010414248746,0.0,-39.64004
99.1001,15.166666666666666,-7.2072800000000115,0.0,3.1146486836120957,4.513663638428874,0.7812047481113761,1.17562597633582,0.0,-32.43275999999999
91.89282,15.25,-7.207279999999997,0.0,2.843565814990394,4.513663638428874,0.782980213447993,1.17562597633582,0.0,-25.22547999999999
84.68554,15.333333333333334,-7.207279999999997,0.0,2.843565814990394,4.698851024484038,0.782980213447993,1.17562597633582,0.0,-27.027299999999997
77.47825999999999,15.416666666666666,-7.2072800000000115,0.0,2.843565814990394,4.698851024484038,0.782980213447993,1.17562597633582,0.0,-9.00909999999999
72.0728,15.5,-5.405459999999991,0.0,2.557526650168876,4.698851024484038,0.782980213447993,1.17562597633582,0.0,-1.8018200000000064
68.46916,15.583333333333334,-3.603639999999998,0.0,2.557526650168876,4.698851024484038,0.7733927006302624,1.0881071536530422,0.0,7.207279999999997
66.66734000000001,15.666666666666666,-1.801819999999992,0.0,2.557526650168876,4.8327214240419885,0.7733927006302624,1.0881071536530422,0.0,12.612740000000002
64.86552,15.75,-1.8018200000000064,0.0,2.262139800222471,4.8327214240419885,0.7733927006302624,1.0881071536530422,0.0,21.62183999999999
64.86552,15.833333333333334,0.0,0.0,2.262139800222471,4.908581317124827,0.7513769304562146,1.0881071536530422,0.0,27.027299999999997
66.66734000000001,15.916666666666666,1.8018200000000064,0.0,1.963013876226111,4.908581317124827,0.7513769304562146,0.993403950003768,0.0,28.82911999999999
66.66734000000001,16.0,0.0,0.0,1.963013876226111,4.908581317124827,0.7513769304562146,0.993403950003768,0.0,30.630939999999995
66.66734000000001,16.083333333333332,0.0,0.0,1.6657574892547276,4.919737183754656,0.7158676237238792,0.993403950003768,0.0,30.630939999999995
66.66734000000001,16.166666666666668,0.0,0.0,1.6657574892547276,4.919737183754656,0.7158676237238792,0.993403950003768,0.0,28.82911999999999
66.66734000000001,16.25,0.0,0.0,1.3759792503832542,4.919737183754656,0.7158676237238792,0.8934757420152233,0.0,25.22547999999999
57.658240000000006,16.333333333333332,-9.009100000000004,0.0,1.3759792503832542,4.859495503953578,0.7158676237238792,0.8934757420152233,0.0,32.43276
68.46916,16.333333333333332,10.810919999999996,0.0,1.3759792503832542,4.859495503953578,0.6657995012312865,0.8934757420152233,0.0,19.82002
70.27098,16.416666666666668,1.801819999999992,0.0,1.099287770686622,4.859495503953578,0.6657995012312865,0.8934757420152233,0.0,16.21638
75.67644,16.5,5.405460000000005,0.0,0.841291661239762,4.721162757743697,0.6657995012312865,0.7902819063146348,0.0,10.810919999999996
79.28008000000001,16.583333333333332,3.603640000000013,0.0,0.841291661239762,4.721162757743697,0.6657995012312865,0.7902819063146348,0.0,7.207279999999983
86.48736,16.666666666666668,7.207279999999983,0.0,0.6075995331176061,4.498045425147114,0.6001072837764665,0.7902819063146348,0.0,0.0
91.89282,16.75,5.405460000000005,0.0,0.6075995331176061,4.498045425147114,0.6001072837764665,0.6857818195292285,0.0,-5.405460000000005
95.49646,16.833333333333332,3.603639999999998,0.0,0.4038199973950855,4.498045425147114,0.6001072837764665,0.6857818195292285,0.0,-7.207279999999997
97.29828,16.916666666666668,1.8018200000000064,0.0,0.2355616651471333,4.1834499861859324,0.6001072837764665,0.6857818195292285,0.0,-9.009100000000004
97.29828,17.0,0.0,0.0,0.2355616651471333,4.1834499861859324,0.5177256921574482,0.6857818195292285,0.0,-7.207279999999997
95.49646,17.083333333333332,-1.8018200000000064,0.0,0.1084331474486805,4.1834499861859324,0.5177256921574482,0.5819348582862307,0.0,-3.603639999999998
91.89282,17.166666666666668,-3.603639999999998,0.0,0.0280430553746586,3.7706829208822543,0.5177256921574482,0.5819348582862307,0.0,0.0
90.091,17.25,-1.801819999999992,0.0,0.0,3.7706829208822543,0.5177256921574482,0.5819348582862307,0.0,1.801819999999992
88.28918,17.333333333333332,-1.8018200000000064,0.0,0.0,3.7706829208822543,0.4175894471722629,0.5819348582862307,0.0,3.603639999999998
86.48736,17.416666666666668,-1.8018200000000064,0.0,0.0,3.25305070925818,0.4175894471722629,0.4807003992128684,0.0,5.405460000000005
86.48736,17.5,0.0,0.0,0.0,3.25305070925818,0.4175894471722629,0.4807003992128684,0.0,5.405460000000005
86.48736,17.583333333333332,0.0,0.0,0.0,2.623859831335817,0.4175894471722629,0.4807003992128684,0.0,3.603640000000013
86.48736,17.666666666666668,0.0,0.0,0.0,2.623859831335817,0.4175894471722629,0.3840378189363679,0.0,3.603640000000013
86.48736,17.75,0.0,0.0,0.0,2.623859831335817,0.2986332696189399,0.3840378189363679,0.0,1.8018200000000064
88.28918,17.833333333333332,1.8018200000000064,0.0,0.0,1.876416767137265,0.2986332696189399,0.3840378189363679,0.0,0.0
88.28918,17.916666666666668,0.0,0.0,0.0,1.876416767137265,0.2986332696189399,0.3840378189363679,0.0,0.0
90.091,18.0,1.8018200000000064,0.0,0.0,1.876416767137265,0.2986332696189399,0.2939064940839551,0.0,-1.8018200000000064
91.89282,18.083333333333332,1.801819999999992,0.0,0.0,1.0040279966846228,0.2986332696189399,0.2939064940839551,0.0,-3.603639999999998
91.89282,18.166666666666668,0.0,0.0,0.0,1.0040279966846228,0.1597918802955086,0.2939064940839551,0.0,-5.405460000000005
91.89282,18.25,0.0,0.0,0.0,1.0040279966846228,0.1597918802955086,0.2122658012828565,0.0,-7.207279999999997
91.89282,18.333333333333332,0.0,0.0,0.0,0.0,0.1597918802955086,0.2122658012828565,0.0,-9.009100000000004
91.89282,18.416666666666668,0.0,0.0,0.0,0.0,0.1597918802955086,0.2122658012828565,0.0,-12.612739999999988
91.89282,18.5,0.0,0.0,0.0,0.0,0.1597918802955086,0.1410751171602983,0.0,-14.414560000000009
90.091,18.583333333333332,-1.801819999999992,0.0,0.0,0.0,0.0,0.1410751171602983,0.0,-14.414560000000009
90.091,18.666666666666668,0.0,0.0,0.0,0.0,0.0,0.1410751171602983,0.0,-16.216380000000015
88.28918,18.75,-1.8018200000000064,0.0,0.0,0.0,0.0,0.0822938183435074,0.0,-16.21638
88.28918,18.833333333333332,0.0,0.0,0.0,0.0,0.0,0.0822938183435074,0.0,-18.018200000000007
88.28918,18.916666666666668,0.0,0.0,0.0,0.0,0.0,0.0822938183435074,0.0,-18.018200000000007
88.28918,19.0,0.0,0.0,0.0,0.0,0.0,0.0378812814597098,0.0,-18.018200000000007
88.28918,19.083333333333332,0.0,0.0,0.0,0.0,0.0,0.0378812814597098,0.0,-18.018200000000007
86.48736,19.166666666666668,-1.8018200000000064,0.0,0.0,0.0,0.0,0.0097968831361318,0.0,-16.21638
84.68554,19.25,-1.801819999999992,0.0,0.0,0.0,0.0,0.0097968831361318,0.0,-14.414560000000009
82.88372,19.333333333333332,-1.8018200000000064,0.0,0.0,0.0,0.0,0.0,0.0,-9.009100000000004
79.28008000000001,19.416666666666668,-3.603639999999984,0.0,0.0,0.0,0.0,0.0,0.3623211363736175,-5.405460000000019
77.47825999999999,19.5,-1.8018200000000208,0.2341886395693285,0.7478148099908993,0.0167337999447437,0.0021305584039401,0.176343896450373,0.3623211363736175,-1.801819999999992
75.67644,19.583333333333332,-1.801819999999992,0.2341886395693285,0.7478148099908993,0.0167337999447437,0.0021305584039401,0.3295671486994749,0.3623211363736175,1.801819999999992
73.87462,19.666666666666668,-1.8018200000000064,0.4448375957015693,1.3975827893385473,0.064704026453009,0.0082381591619017,0.3295671486994749,0.3623211363736175,3.603639999999998
72.0728,19.75,-1.801819999999992,0.6327669139966323,1.3975827893385473,0.064704026453009,0.0082381591619017,0.4608453827236414,0.6924389142359004,7.2072800000000115
70.27098,19.833333333333332,-1.8018200000000064,0.7987966400544283,1.9542893701095496,0.064704026453009,0.0082381591619017,0.5713542244992085,0.6924389142359004,9.009100000000018
70.27098,19.916666666666668,0.0,0.9437468194748674,1.9542893701095496,0.1405639195358473,0.0178966905930969,0.5713542244992085,0.6924389142359004,9.009100000000018
70.27098,20.0,0.0,0.9437468194748674,2.422919984370514,0.1405639195358473,0.0178966905930969,0.6622693000025119,0.6924389142359004,9.009100000000018
70.27098,20.083333333333332,0.0,1.068437497857859,2.422919984370514,0.2409667192043097,0.0306800410167376,0.6622693000025119,0.991185949044065,10.81092000000001
70.27098,20.166666666666668,0.0,1.173688720803315,2.422919984370514,0.2409667192043097,0.0306800410167376,0.6622693000025119,0.991185949044065,12.612740000000002
70.27098,20.25,0.0,1.2603205339111447,2.8084600641880444,0.2409667192043097,0.0461620987520358,0.7347662352098873,0.991185949044065,16.21638
73.87462,20.333333333333332,3.603639999999998,1.3291529827812585,2.8084600641880444,0.3625656654694474,0.0461620987520358,0.7347662352098873,1.2593948562553288,19.820020000000017
73.87462,20.416666666666668,0.0,1.3810061130135665,3.115895041628746,0.3625656654694474,0.0639167521182035,0.7900206560976709,1.2593948562553288,27.027299999999997
75.67644,20.5,1.8018200000000064,1.437054599964406,3.115895041628746,0.5020139983423118,0.0639167521182035,0.7900206560976709,1.2593948562553288,34.234579999999994
77.47825999999999,20.583333333333332,1.801819999999992,1.4428900478827584,3.115895041628746,0.5020139983423118,0.0835178894344525,0.7900206560976709,1.4978982513269077,39.64004000000001
77.47825999999999,20.666666666666668,0.0,1.4350263595629462,3.3502103487592283,0.5020139983423118,0.0835178894344525,0.8292081886421985,1.4978982513269077,45.0455
79.28008000000001,20.75,1.8018200000000208,1.3814817566084692,3.3502103487592283,0.655964957833954,0.104539399019995,0.8292081886421985,1.4978982513269077,46.84731999999998
79.28008000000001,20.833333333333332,0.0,1.3374409331736248,3.516391417646095,0.655964957833954,0.104539399019995,0.8292081886421985,1.707528749716017,50.450959999999995
79.28008000000001,20.916666666666668,0.0,1.2189224703882755,3.516391417646095,0.8210717839554255,0.1265551691940429,0.8535044588198053,1.707528749716017,50.450959999999995
79.28008000000001,21.0,0.0,1.0652885570481143,3.516391417646095,0.8210717839554255,0.1265551691940429,0.8535044588198053,1.707528749716017,48.64913999999999
81.0819,21.083333333333332,1.801819999999992,1.0652885570481143,3.516391417646095,0.8210717839554255,0.1265551691940429,0.8535044588198053,1.707528749716017,46.84732
82.88372,21.166666666666668,1.801819999999992,0.7833470152460291,3.6194236803559527,0.8210717839554255,0.1491390882758081,0.8535044588198053,1.8891189668798756,43.24368
86.48736,21.25,3.603639999999998,0.4592977616915786,3.6194236803559527,0.9939877167177772,0.1491390882758081,0.8640850926068279,1.8891189668798756,37.83822000000001
93.69464,21.333333333333332,7.2072800000000115,0.2308056941249902,3.6642925689554073,0.9939877167177772,0.1718650445845028,0.8640850926068279,1.8891189668798756,28.82911999999999
100.90192,21.416666666666668,7.207279999999983,0.0,3.6642925689554073,1.1713659961320608,0.1943069264393386,0.8640850926068279,2.043501518275699,21.62184000000001
109.91102,21.5,9.009100000000004,0.0,3.6642925689554073,1.1713659961320608,0.1943069264393386,0.8621257159796012,2.043501518275699,16.21638
117.1183,21.583333333333332,7.2072800000000115,0.0,3.6559835155110623,1.1713659961320608,0.2160386221595278,0.8621257159796012,2.1715090193607036,14.414559999999994
122.52376,21.666666666666668,5.405459999999991,0.0,3.6559835155110623,1.349859862209328,0.2160386221595278,0.8621257159796012,2.1715090193607036,18.018199999999993
126.1274,21.75,3.603639999999998,0.0,3.6559835155110623,1.349859862209328,0.2366340200642822,0.8621257159796012,2.2739740855921062,23.423660000000012
129.73104,21.833333333333332,3.603640000000013,0.0,3.5994819520895276,1.349859862209328,0.2366340200642822,0.8488019549144619,2.2739740855921062,28.829120000000017
129.73104,21.916666666666668,0.0,0.0,3.5994819520895276,1.526122554960628,0.255667008472814,0.8488019549144619,2.351729332427123,37.83822000000001
127.92922,22.0,-1.8018200000000064,0.0,3.499773310757408,1.526122554960628,0.255667008472814,0.8488019549144619,2.351729332427123,50.450959999999995
127.92922,22.0,0.0,0.0,3.499773310757408,1.696807314397014,0.255667008472814,0.8252894353877456,2.4056073753229703,61.261880000000005
126.1274,22.083333333333332,-1.8018200000000064,0.0,3.499773310757408,1.696807314397014,0.2727114757043349,0.8252894353877456,2.4056073753229703,72.0728
124.32558,22.166666666666668,-1.801819999999992,0.0,3.3618430235813084,1.696807314397014,0.2727114757043349,0.8252894353877456,2.4364408297368656,84.68554
122.52376,22.25,-1.8018200000000064,0.0,3.3618430235813084,1.8585673805295364,0.2873413100780571,0.8252894353877456,2.4364408297368656,95.49646
122.52376,22.333333333333332,0.0,0.0,3.3618430235813084,1.8585673805295364,0.2873413100780571,0.7927637833757879,2.445062311126025,102.70374
126.1274,22.416666666666668,3.603639999999998,0.0,3.190676522627837,1.8585673805295364,0.2991303999131923,0.7927637833757879,2.4323044349476657,104.50556000000005
131.53286,22.5,5.405460000000005,0.0,3.190676522627837,2.008055993369247,0.2991303999131923,0.7927637833757879,2.4323044349476657,102.70374
140.54196,22.583333333333332,9.00909999999999,0.0,2.9912592399635973,2.008055993369247,0.2991303999131923,0.7927637833757879,2.3989998166590034,97.29828
149.55106,22.666666666666668,9.009100000000018,0.0,2.9912592399635973,2.141926392927197,0.3076526335289528,0.7524006248549246,2.345981071717255,88.28917999999999
158.56016000000002,22.75,9.009100000000018,0.0,2.9912592399635973,2.141926392927197,0.3076526335289528,0.7524006248549246,2.2740808155796364,79.28007999999997
167.56926,22.833333333333332,9.00909999999999,0.0,2.768576607655196,2.141926392927197,0.3124818992445504,0.7524006248549246,2.184131663703365,66.66734
178.38018,22.916666666666668,10.810919999999982,0.0,2.768576607655196,2.256831819214437,0.3124818992445504,0.7524006248549246,2.076966231545658,54.05460000000002
189.1911,23.0,10.81092000000001,0.0,2.768576607655196,2.256831819214437,0.3124818992445504,0.7053755858014921,1.95341713456373,41.44186000000002
198.2002,23.083333333333332,9.00909999999999,0.0,2.52761405776924,2.256831819214437,0.3131920853791972,0.7053755858014921,1.6604984079560805,28.82911999999999
209.01112,23.166666666666668,10.81092000000001,0.0,2.52761405776924,2.349425512242019,0.3131920853791972,0.7053755858014921,1.4927940092447924,16.216379999999987
218.02022,23.25,9.00909999999999,0.0,2.273357022372334,2.349425512242019,0.3131920853791972,0.7053755858014921,1.1190582182933724,5.405460000000005
225.2275,23.333333333333332,7.207279999999997,0.0,2.273357022372334,2.349425512242019,0.3093570802521049,0.6528642921918254,0.4751262799023784,-5.405460000000005
230.63296000000005,23.416666666666668,5.4054600000000335,0.0,2.273357022372334,2.4163607120209942,0.3093570802521049,0.6528642921918254,0.0,-14.414560000000025
234.2366,23.5,3.603639999999984,0.0,2.010790933531085,2.4163607120209942,0.3093570802521049,0.6528642921918254,0.0,-19.82002
237.84024,23.583333333333332,3.603639999999984,0.0,2.010790933531085,2.454290658562414,0.3005507721824858,0.6528642921918254,0.0,-27.027299999999997
237.84024,23.666666666666668,0.0,0.0,1.7449012233120986,2.454290658562414,0.3005507721824858,0.5960423700022608,0.0,-30.63093999999998
237.84024,23.75,0.0,0.0,1.7449012233120986,2.454290658562414,0.3005507721824858,0.5960423700022608,0.0,-32.43275999999997
234.2366,23.833333333333332,-3.603639999999984,0.0,1.48067332378198,2.459868591877328,0.2863470494895517,0.5960423700022608,0.0,-28.82911999999999
232.43478,23.916666666666668,-1.801819999999992,0.0,1.48067332378198,2.459868591877328,0.2863470494895517,0.5960423700022608,0.0,-28.82911999999999
230.63296000000005,0.0,-1.801819999999992,0.0,1.223092667007337,2.459868591877328,0.2863470494895517,0.5360854452091339,0.0,-27.027299999999997
227.02932,0.0833333333333333,-3.6036400000000417,0.0,1.223092667007337,2.429747751976789,0.2863470494895517,0.5360854452091339,0.0,-21.621839999999963
225.2275,0.1666666666666666,-1.801819999999992,0.0,0.977144685054775,2.429747751976789,0.2663198004925146,0.5360854452091339,0.0,-18.01819999999998
223.42568,0.25,-1.801819999999992,0.0,0.977144685054775,2.429747751976789,0.2663198004925146,0.4741691437887808,0.0,-12.612740000000002
219.82204,0.3333333333333333,-3.603640000000013,0.0,0.7478148099908994,2.3605813788718484,0.2663198004925146,0.4741691437887808,0.0,-5.405459999999977
216.2184,0.4166666666666667,-3.603639999999984,0.0,0.7478148099908994,2.3605813788718484,0.2663198004925146,0.4741691437887808,0.0,3.603639999999984
214.41658,0.5,-1.801819999999992,0.0,0.5400884738823165,2.249022712573557,0.2400429135105866,0.4741691437887808,0.0,10.810919999999982
210.81294,0.5833333333333334,-3.603640000000013,0.0,0.5400884738823165,2.249022712573557,0.2400429135105866,0.411469091717537,0.0,19.820020000000028
207.2093,0.6666666666666666,-3.603639999999984,0.0,0.3589511087956316,2.249022712573557,0.2400429135105866,0.411469091717537,0.0,27.027299999999997
205.40748,0.75,-1.801819999999992,0.0,0.2093881467974518,2.0917249930929662,0.2400429135105866,0.411469091717537,0.0,34.234579999999994
205.40748,0.8333333333333334,0.0,0.0,0.0963850199543827,2.0917249930929662,0.2070902768629793,0.411469091717537,0.0,36.036399999999986
203.60566000000003,0.9166666666666666,-1.801819999999992,0.0,0.0963850199543827,2.0917249930929662,0.2070902768629793,0.3491609149717384,0.0,43.243679999999955
203.60566000000003,1.0,0.0,0.0,0.0249271603330299,1.8853414604411272,0.2070902768629793,0.3491609149717384,0.0,45.045499999999976
205.40748,1.0833333333333333,1.801819999999992,0.0,0.0,1.8853414604411272,0.2070902768629793,0.3491609149717384,0.0,46.84731999999997
207.2093,1.1666666666666667,1.801819999999992,0.0,0.0,1.8853414604411272,0.1670357788689051,0.3491609149717384,0.0,48.64913999999999
210.81294,1.25,3.603639999999984,0.0,0.0,1.62652535462909,0.1670357788689051,0.2884202395277211,0.0,48.64914000000002
214.41658,1.3333333333333333,3.603640000000013,0.0,0.0,1.62652535462909,0.1670357788689051,0.2884202395277211,0.0,46.84731999999997
219.82204,1.4166666666666667,5.405459999999977,0.0,0.0,1.3119299156679085,0.1670357788689051,0.2884202395277211,0.0,43.24368000000001
225.2275,1.5,5.405460000000005,0.0,0.0,1.3119299156679085,0.1670357788689051,0.2304226913618207,0.0,39.64003999999997
230.63296000000005,1.5833333333333337,5.4054600000000335,0.0,0.0,1.3119299156679085,0.1194533078475759,0.2304226913618207,0.0,34.23457999999994
234.2366,1.6666666666666663,3.603639999999984,0.0,0.0,0.9382083835686325,0.1194533078475759,0.2304226913618207,0.0,30.630939999999953
239.64206,1.75,5.405460000000005,0.0,0.0,0.9382083835686325,0.1194533078475759,0.2304226913618207,0.0,25.225479999999948
241.44388,1.8333333333333337,1.801819999999992,0.0,0.0,0.9382083835686325,0.1194533078475759,0.176343896450373,0.0,23.423659999999956
246.84934,1.9166666666666663,5.405459999999977,0.0,0.0,0.5020139983423114,0.0639167521182034,0.176343896450373,0.0,18.01819999999998
248.65116,2.0,1.8018200000000208,0.0,0.0,0.5020139983423114,0.0639167521182034,0.176343896450373,0.0,18.018200000000036
252.2548,2.0833333333333335,3.603639999999984,0.0,0.0,0.0,0.0639167521182034,0.1273594807697139,0.0,16.216380000000015
255.85844,2.1666666666666665,3.603640000000013,0.0,0.0,0.0,0.0639167521182034,0.1273594807697139,0.0,16.216379999999987
259.46208,2.25,3.603640000000013,0.0,0.0,0.0,0.0639167521182034,0.1273594807697139,0.0,16.216380000000015
261.2639,2.3333333333333335,1.801819999999964,0.0,0.0,0.0,0.0639167521182034,0.084645070296179,0.0,18.018200000000036
263.06572,2.4166666666666665,1.8018200000000208,0.0,0.0,0.0,0.0,0.084645070296179,0.0,21.62184000000002
264.86753999999996,2.5,1.801819999999964,0.0,0.0,0.0,0.0,0.084645070296179,0.0,23.42366000000004
264.86753999999996,2.5833333333333335,0.0,0.0,0.0,0.0,0.0,0.0493762910061044,0.0,28.82912000000005
264.86753999999996,2.6666666666666665,0.0,0.0,0.0,0.0,0.0,0.0493762910061044,0.0,32.43276000000003
264.86753999999996,2.75,0.0,0.0,0.0,0.0,0.0,0.0493762910061044,0.0,37.838220000000035
264.86753999999996,2.8333333333333335,0.0,0.0,0.0,0.0,0.0,0.0227287688758258,0.0,41.44186000000002
264.86753999999996,2.9166666666666665,0.0,0.0,0.0,0.0,0.0,0.0227287688758258,0.0,45.0455
266.66936000000004,3.0,1.8018200000000777,0.0,0.0,0.0,0.0,0.005878129881679,0.0,45.0455
268.47118,3.0833333333333335,1.801819999999964,0.0,0.0,0.0,0.0,0.005878129881679,0.0,43.24368000000004
272.07482,3.1666666666666665,3.603639999999984,0.0,0.0,0.0,0.0,0.0,0.0,39.640040000000056
275.67846000000003,3.25,3.6036400000000417,0.0,0.0,0.0,0.0,0.0,0.0,34.23457999999994
279.2821,3.3333333333333335,3.603639999999984,0.0,0.0,0.0,0.0,0.0,0.0,30.630939999999953
284.68756,3.4166666666666665,5.405460000000005,0.0,0.0,0.0,0.0,0.0,0.0,25.225479999999948
288.2912,3.5,3.603639999999984,0.0,0.0,0.0,0.0,0.0,0.0,21.621839999999963
293.69666,3.5833333333333335,5.405460000000005,0.0,0.0,0.0,0.0,0.0,0.0,18.018200000000036
297.3003,3.6666666666666665,3.603639999999984,0.0,0.0,0.0,0.0,0.0,0.0,14.414560000000051
302.70576,3.75,5.405460000000005,0.0,0.0,0.0,0.0,0.0,0.0,9.009100000000046
306.3094,3.8333333333333335,3.603639999999984,0.0,0.0,0.0,0.0,0.0,0.0,5.405460000000062
309.91303999999997,3.9166666666666665,3.603639999999984,0.0,0.0,0.0,0.0,0.0,0.0,1.8018200000000777
311.71486000000004,4.0,1.8018200000000777,0.0,0.0,0.0,0.0,0.0,0.0,0.0
311.71486000000004,4.083333333333333,0.0,0.0,0.0,0.0,0.0,0.0,0.0,0.0
311.71486000000004,4.166666666666667,0.0,0.0,0.0,0.0,0.0,0.0,0.0,1.801819999999907
309.91303999999997,4.25,-1.8018200000000777,0.0,0.0,0.0,0.0,0.0,0.0,3.603639999999984
309.91303999999997,4.333333333333333,0.0,0.0,0.0,0.0,0.0,0.0,0.0,1.8018200000000777
309.91303999999997,4.416666666666667,0.0,0.0,0.0,0.0,0.0,0.0,0.0,0.0
309.91303999999997,4.5,0.0,0.0,0.0,0.0,0.0,0.0,0.0,-3.603639999999984
311.71486000000004,4.583333333333333,1.8018200000000777,0.0,0.0,0.0,0.0,0.0,0.0,-7.207280000000083
311.71486000000004,4.666666666666667,0.0,0.0,0.0,0.0,0.0,0.0,0.0,-9.009100000000046
311.71486000000004,4.75,0.0,0.0,0.0,0.0,0.0,0.0,0.0,-7.207280000000083
311.71486000000004,4.833333333333333,0.0,0.0,0.0,0.0,0.0,0.0,0.0,-7.207280000000083
311.71486000000004,4.916666666666667,0.0,0.0,0.0,0.0,0.0,0.0,0.0,-7.207280000000083
311.71486000000004,5.0,0.0,0.0,0.0,0.0,0.0,0.0,0.0,-7.207280000000083
311.71486000000004,5.083333333333333,0.0,0.0,0.0,0.0,0.0,0.0,0.0,-7.207280000000083
313.51667999999995,5.166666666666667,1.801819999999907,0.0,0.0,0.0,0.0,0.0,0.0,-10.810919999999951
313.51667999999995,5.25,0.0,0.0,0.0,0.0,0.0,0.0,0.0,-10.810919999999951
311.71486000000004,5.333333333333333,-1.801819999999907,0.0,0.0,0.0,0.0,0.0,0.0,-9.009100000000046
309.91303999999997,5.416666666666667,-1.8018200000000777,0.0,0.0,0.0,0.0,0.0,0.0,-7.207279999999969
306.3094,5.5,-3.603639999999984,0.0,0.0,0.0,0.0,0.0,0.0,-3.603639999999984
304.50757999999996,5.583333333333333,-1.8018200000000208,0.0,0.0,0.0,0.0,0.0,0.0,0.0
302.70576,5.666666666666667,-1.801819999999964,0.0,0.0,0.0,0.0,0.0,0.0,1.801819999999964
304.50757999999996,5.75,1.801819999999964,0.0,0.0,0.0,0.0,0.0,0.0,-1.801819999999964
304.50757999999996,5.833333333333333,0.0,0.0,0.0,0.0,0.0,0.0,0.0,-1.801819999999964
304.50757999999996,5.916666666666667,0.0,0.0,0.0,0.0,0.0,0.0,0.0,-3.603639999999984
304.50757999999996,6.0,0.0,0.0,0.0,0.0,0.0,0.0,0.0,-7.207279999999969
304.50757999999996,6.083333333333333,0.0,0.0,0.0,0.0,0.0,0.0,0.0,-9.00909999999999
302.70576,6.166666666666667,-1.801819999999964,0.0,0.0,0.0,0.0,0.0,0.0,-9.00909999999999
302.70576,6.25,0.0,0.0,0.0,0.0,0.0,0.0,0.0,-10.81092000000001
302.70576,6.333333333333333,0.0,0.0,0.0,0.0,0.0,0.0,0.0,-12.612739999999974
302.70576,6.416666666666667,0.0,0.0,0.0,0.0,0.0,0.0,0.0,-14.414559999999994
302.70576,6.5,0.0,0.0,0.0,0.0,0.0,0.0,0.0,-14.414559999999994
304.50757999999996,6.583333333333333,1.801819999999964,0.0,0.0,0.0,0.0,0.0,0.0,-18.01819999999998
304.50757999999996,6.666666666666667,0.0,0.0,0.0,0.0,0.0,0.0,0.0,-19.820019999999943
302.70576,6.75,-1.801819999999964,0.0,0.0,0.0,0.0,0.0,0.0,-23.423659999999984
302.70576,6.833333333333333,0.0,0.0,0.0,0.0,0.0,0.0,0.0,-25.225480000000005
300.90394,6.916666666666667,-1.8018200000000208,0.0,0.0,0.0,0.0,0.0,0.0,-27.02729999999997
297.3003,7.0,-3.603639999999984,0.0,0.0,0.0,0.0,0.0,0.0,-23.423659999999984
295.49848,7.083333333333333,-1.8018200000000208,0.0,0.0,0.0,0.0,0.0,0.0,-21.621839999999963
293.69666,7.166666666666667,-1.801819999999964,0.0,0.0,0.0,0.0,0.0,0.0,-19.82002
291.89484,7.25,-1.8018200000000208,0.0,0.0,0.0,0.0,0.0,0.0,-18.01819999999998
290.09302,7.333333333333333,-1.801819999999964,0.0,0.0,0.0,0.0,0.0,0.0,-18.018200000000036
288.2912,7.416666666666667,-1.8018200000000208,0.0,0.0,0.0,0.0,0.0,0.0,-18.01819999999998
288.2912,7.5,0.0,0.0,0.0,0.0,0.0,0.0,0.0,-19.82002
286.48938,7.583333333333333,-1.8018200000000208,0.0,0.0,0.0,0.0,0.0,0.0,-19.820019999999943
284.68756,7.666666666666667,-1.801819999999964,0.0,0.0,0.0,0.0,0.0,0.0,-19.820020000000056
279.2821,7.75,-5.405460000000005,0.0,0.0,0.0,0.0,0.0,0.0,-16.216380000000015
277.48028,7.833333333333333,-1.8018200000000208,0.0,0.0,0.0,0.0,0.0,0.0,-16.216380000000015
273.87664,7.916666666666667,-3.603639999999984,0.0,0.0,0.0,0.0,0.0,0.0,-16.216380000000015
273.87664,8.0,0.0,0.0,0.0,0.0,0.0,0.0,0.0,-18.018200000000007
273.87664,8.083333333333334,0.0,0.0,0.0,0.0,0.0,0.0,0.0,-23.423660000000012
273.87664,8.166666666666666,0.0,0.0,0.0,0.0,0.0,0.0,0.0,-30.63094000000001
273.87664,8.25,0.0,0.0,0.0,0.0,0.0,0.0,0.0,-36.036400000000015
272.07482,8.333333333333334,-1.8018200000000208,0.0,0.0,0.0,0.0,0.0,0.0,-39.64003999999997
270.273,8.416666666666666,-1.801819999999964,0.0,0.0,0.0,0.0,0.0,0.0,-41.44186000000005
268.47118,8.5,-1.8018200000000208,0.0,0.0,0.0,0.0,0.0,0.0,-43.24368000000001
266.66936000000004,8.583333333333334,-1.801819999999964,0.0,0.0,0.0,0.0,0.0,0.0,-43.24368000000004
264.86753999999996,8.666666666666666,-1.8018200000000777,0.0,0.0,0.0,0.0,0.0,0.0,-41.44185999999996
263.06572,8.75,-1.801819999999964,0.0,0.0,0.0,0.0,0.0,0.0,-39.64004
261.2639,8.833333333333334,-1.8018200000000208,0.0,0.0,0.0,0.0,0.0,0.0,-37.83821999999998
257.66026,8.916666666666666,-3.603639999999984,0.0,0.0,0.0,0.0,0.0,0.0,-34.234579999999994
255.85844,9.0,-1.801819999999992,0.0,0.0,0.0,0.0,0.0,0.0,-34.234579999999994
250.45298,9.083333333333334,-5.405460000000005,0.0,0.0,0.0,0.0,0.0,0.0,-28.82911999999999
243.2457,9.166666666666666,-7.207279999999997,0.0,0.0,0.0,0.0,0.0,0.0,-23.423660000000012
237.84024,9.25,-5.405460000000005,0.0,0.0,0.0,0.0,0.0,0.0,-18.018200000000007
232.43478,9.333333333333334,-5.405459999999977,0.0,0.0,0.0,0.0,0.0,0.0,-14.414560000000025
228.83114,9.416666666666666,-3.6036400000000417,0.0,0.0,0.0,0.0,0.0,0.0,-12.612739999999974
225.2275,9.5,-3.603639999999984,0.0,0.0,0.0,0.0,0.0,0.0,-10.810919999999982
223.42568,9.583333333333334,-1.801819999999992,0.0,0.0,0.0,0.0,0.0,0.0,-10.810919999999982
223.42568,9.666666666666666,0.0,0.0,0.0,0.0,0.0,0.0,0.0,-12.612740000000002
223.42568,9.75,0.0,0.0,0.0,0.0,0.0,0.0,0.0,-14.414559999999994
223.42568,9.833333333333334,0.0,0.0,0.0,0.0,0.0,0.0,0.0,-18.01819999999998
223.42568,9.916666666666666,0.0,0.0,0.0,0.0,0.0,0.0,0.0,-19.82001999999997
221.62386,10.0,-1.801819999999992,0.0,0.0,0.0,0.0,0.0,0.0,-19.820020000000028
221.62386,10.083333333333334,0.0,0.0,0.0,0.0,0.0,0.0,0.0,-19.820020000000028
219.82204,10.166666666666666,-1.8018200000000208,0.0,0.0,0.0,0.0,0.0,0.0,-19.82002
219.82204,10.25,0.0,0.0,0.0,0.0,0.0,0.0,0.0,-21.62183999999999
218.02022,10.333333333333334,-1.801819999999992,0.0,0.0,0.0,0.0,0.0,0.0,-21.62183999999999
216.2184,10.416666666666666,-1.801819999999992,0.0,0.0,0.0,0.0,0.0,0.0,-23.423660000000012
214.41658,10.5,-1.801819999999992,0.0,0.0,0.0,0.0,0.0,0.0,-25.225480000000005
212.61476,10.583333333333334,-1.801819999999992,0.0,0.0,0.0,0.0,0.0,0.0,-27.027299999999997
210.81294,10.666666666666666,-1.8018200000000208,0.0,0.0,0.0,0.0,0.0,0.0,-28.82911999999999
209.01112,10.75,-1.801819999999992,0.0,0.0,0.0,0.0,0.0,0.0,-28.82911999999999
205.40748,10.833333333333334,-3.603639999999984,0.0,0.0,0.0,0.0,0.0,0.0,-27.027300000000025
203.60566000000003,10.916666666666666,-1.801819999999992,0.0,0.0,0.0,0.0,0.0,0.0,-27.027300000000025
201.80384,11.0,-1.801820000000049,0.0,0.0,0.0,0.0,0.0,0.0,-36.036399999999986
201.80384,11.083333333333334,0.0,0.0,0.0,0.0,0.0,0.0,0.0,-27.027299999999997
200.00202,11.166666666666666,-1.801819999999992,0.0,0.0,0.0,0.0,0.0,0.0,-28.82911999999999
198.2002,11.25,-1.801819999999992,0.0,0.0,0.0,0.0,0.0,0.0,-28.82911999999999
196.39838,11.333333333333334,-1.801819999999992,0.0,0.0,0.0,0.0,0.0,0.0,-30.63094000000001
192.79474,11.416666666666666,-3.603640000000013,0.0,0.0,0.0,0.0,0.0,0.0,-28.82911999999999
189.1911,11.5,-3.603639999999984,0.0,0.0,0.0,0.0,0.0,0.0,-27.027299999999997
185.58746,11.583333333333334,-3.603639999999984,0.0,0.0,0.0,0.0,0.0,0.0,-25.225480000000005
181.98382,11.666666666666666,-3.603640000000013,0.0,0.0,0.0,0.0,0.0,0.0,-21.62183999999999
180.182,11.75,-1.801819999999992,0.0,0.0,0.0,0.0,0.0,0.0,-16.216380000000015
178.38018,11.833333333333334,-1.8018200000000208,0.0,0.0,0.0,0.0,0.0,0.0,-9.00909999999999
176.57836,11.916666666666666,-1.801819999999992,0.0,0.0,0.0,0.0,0.0,0.0,1.801819999999992
165.76744,12.0,-10.81092000000001,0.0,0.0,0.0,0.0,0.0,0.0,23.423660000000012
174.77653999999998,12.0,9.00909999999999,0.0,0.0,0.0,0.0,0.0,0.0,25.225480000000005
171.1729,12.083333333333334,-3.603639999999984,0.0,0.0,0.0,0.0,0.0,0.0,39.64004
169.37108,12.166666666666666,-1.801819999999992,0.0,0.0,0.0,0.0,0.0,0.0,48.64913999999999
165.76744,12.25,-3.603640000000013,0.0,0.0,0.0,0.0,0.0,0.0,57.658240000000006
163.96562,12.333333333333334,-1.801819999999992,0.0,0.0,0.0,0.0,0.0,0.0,61.26187999999999
162.1638,12.416666666666666,-1.801819999999992,0.0,0.0,0.0,0.0,0.0,0.0,61.26187999999999
160.36198000000002,12.5,-1.801819999999992,0.0,0.0,0.0,0.0,0.0,0.0,61.26187999999999
160.36198000000002,12.583333333333334,0.0,0.0,0.0,0.0,0.0,0.0,0.0,57.65823999999998
163.96562,12.666666666666666,3.603639999999984,0.0,0.0,0.0,0.0,0.0,0.0,50.45096000000001
169.37108,12.75,5.405460000000005,0.0,0.0,0.0,0.0,0.0,0.0,39.64004
178.38018,12.833333333333334,9.00909999999999,0.0,0.0,0.0,0.0,0.0,0.0,25.225480000000033
189.1911,12.916666666666666,10.81092000000001,0.0,0.0,0.0,0.0,0.0,0.0,9.00909999999999
200.00202,13.0,10.810919999999982,0.0,0.0,0.0,0.0,0.0,0.0,-5.405459999999977
210.81294,13.083333333333334,10.81092000000001,0.0,0.0,0.0,0.0,0.0,0.0,-18.018200000000007
218.02022,13.166666666666666,7.207279999999997,0.0,0.0,0.0,0.0,0.0,0.0,-28.82911999999999
223.42568,13.25,5.405460000000005,0.0,0.0,0.0,0.0,0.0,0.0,-36.036399999999986
225.2275,13.333333333333334,1.801819999999992,0.0,0.0,0.0,0.0,0.0,0.0,-41.44185999999999
223.42568,13.416666666666666,-1.801819999999992,0.0,0.0,0.0,0.0,0.0,0.0,-46.84732
221.62386,13.5,-1.801819999999992,0.0,0.0,0.0,0.0,0.0,0.0,-50.45096000000001
218.02022,13.583333333333334,-3.603640000000013,0.0,0.0,0.0,0.0,0.0,0.0,-54.05459999999999
214.41658,13.666666666666666,-3.603639999999984,0.0,0.0,0.0,0.0,0.0,0.0,-57.658240000000035
209.01112,13.75,-5.405460000000005,0.0,0.0,0.0,0.0,0.0,0.0,-57.658240000000006
203.60566000000003,13.833333333333334,-5.405459999999977,0.0,0.0,0.0,0.0,0.0,0.0,-55.85642000000004
198.2002,13.916666666666666,-5.4054600000000335,0.0,0.0,0.0,0.0,0.0,0.0,-52.25278
194.59656,14.0,-3.603639999999984,0.0,0.0,0.0,0.0,0.0,0.0,-50.45096000000001
192.79474,14.083333333333334,-1.8018200000000208,0.0,0.0,0.0,0.0,0.0,0.0,-48.64913999999999
189.1911,14.166666666666666,-3.603639999999984,0.0,0.0,0.0,0.0,0.0,0.0,-39.64004
187.38928,14.25,-1.801819999999992,0.0,0.0,0.0,0.0,0.0,0.0,-41.44186000000002
183.78564,14.333333333333334,-3.603640000000013,0.0,0.0,0.0,0.0,0.0,0.0,-36.036400000000015
176.57836,14.416666666666666,-7.207279999999997,0.0,0.0,0.0,0.0,0.0,0.0,-28.829120000000017
171.1729,14.5,-5.405460000000005,0.0,0.0,0.0,0.0,0.0,0.0,-19.82002
163.96562,14.583333333333334,-7.207279999999997,0.0,0.0,0.0,0.0,0.0,0.0,-10.81092000000001
156.75833999999998,14.666666666666666,-7.207280000000026,0.0,0.0,0.0,0.0,0.0,0.0,0.0
151.35288,14.75,-5.405459999999977,0.0,0.0,0.0,0.0,0.0,0.0,9.009100000000018
147.74924,14.833333333333334,-3.603640000000013,0.0,0.0,0.0,0.0,0.0,0.0,18.018200000000007
145.94742,14.916666666666666,-1.801819999999992,0.0,0.0,0.0,0.0,0.0,0.0,23.423660000000012
144.1456,15.0,-1.801819999999992,0.0,0.0,0.0,0.0,0.0,0.0,27.027299999999997
144.1456,15.083333333333334,0.0,0.0,0.0,0.0,0.0,0.0,0.0,28.82911999999999
149.55106,15.116666666666667,5.405460000000005,0.0,0.0,0.0,0.0,0.0,0.0,25.225479999999976
145.94742,15.166666666666666,-3.603640000000013,0.0,0.0,0.0,0.0,0.0,0.0,28.82911999999999
147.74924,15.25,1.801819999999992,0.0,0.0,0.0,0.0,0.0,0.0,27.027299999999997
147.74924,15.333333333333334,0.0,0.0,0.0,0.0,0.0,0.0,0.0,27.027299999999997
151.35288,15.416666666666666,3.603640000000013,0.0,0.0,0.0,0.0,0.0,0.0,23.423659999999984
153.1547,15.5,1.801819999999992,0.0,0.0,0.0,0.0,0.0,0.0,23.423660000000012
156.75833999999998,15.583333333333334,3.603639999999984,0.0,0.0,0.0,0.0,0.0,0.0,19.820020000000028
160.36198000000002,15.666666666666666,3.6036400000000417,0.0,0.0,0.0,0.0,0.0,0.0,16.216379999999987
165.76744,15.75,5.405459999999977,0.0,0.0,0.0,0.0,0.0,0.0,10.81092000000001
169.37108,15.833333333333334,3.603640000000013,0.0,0.0,0.0,0.0,0.0,0.0,9.00909999999999
171.1729,15.916666666666666,1.801819999999992,0.0,0.0,0.0,0.0,0.0,0.0,7.207279999999997
172.97472,16.0,1.801819999999992,0.0,0.0,0.0,0.0,0.0,0.0,7.207280000000026
174.77653999999998,16.083333333333332,1.801819999999992,0.0,0.0,0.0,0.0,0.0,0.0,9.009100000000018
174.77653999999998,16.166666666666668,0.0,0.0,0.0,0.0,0.0,0.0,0.0,10.810920000000038
174.77653999999998,16.25,0.0,0.0,0.0,0.0,0.0,0.0,0.0,14.414560000000025
174.77653999999998,16.333333333333332,0.0,0.0,0.0,0.0,0.0,0.0,0.0,19.820020000000028
174.77653999999998,16.416666666666668,0.0,0.0,0.0,0.0,0.0,0.0,0.0,23.423660000000012
176.57836,16.5,1.8018200000000208,0.0,0.0,0.0,0.0,0.0,0.0,25.225479999999976
176.57836,16.583333333333332,0.0,0.0,0.0,0.0,0.0,0.0,0.0,25.225479999999976
176.57836,16.666666666666668,0.0,0.0,0.0,0.0,0.0,0.0,0.0,25.225479999999976
176.57836,16.75,0.0,0.0,0.0,0.0,0.0,0.0,0.0,21.62183999999999
178.38018,16.833333333333332,1.801819999999992,0.0,0.0,0.0,0.0,0.0,0.0,18.018200000000007
178.38018,16.916666666666668,0.0,0.0,0.0,0.0,0.0,0.0,0.0,14.414559999999994
180.182,17.0,1.8018200000000208,0.0,0.0,0.0,0.0,0.0,0.0,10.810919999999982
183.78564,17.083333333333332,3.603639999999984,0.0,0.0,0.0,0.0,0.0,0.0,3.603640000000013
185.58746,17.166666666666668,1.8018200000000208,0.0,0.0,0.0,0.0,0.0,0.0,0.0
189.1911,17.25,3.603639999999984,0.0,0.0,0.0,0.0,0.0,0.0,-5.405460000000005
194.59656,17.333333333333332,5.405460000000005,0.0,0.0,0.0,0.0,0.0,0.0,-12.612740000000002
198.2002,17.416666666666668,3.603639999999984,0.0,0.0,0.0,0.0,0.0,0.0,-19.82002
201.80384,17.5,3.603639999999984,0.0,0.0,0.0,0.0,0.0,0.0,-25.225479999999976
201.80384,17.583333333333332,0.0,0.0,0.0,0.0,0.0,0.0,0.0,-27.027299999999997
201.80384,17.666666666666668,0.0,0.0,0.0,0.0,0.0,0.0,0.0,-30.63093999999998
198.2002,17.75,-3.603639999999984,0.0,0.0,0.0,0.0,0.0,0.0,-28.82911999999999
196.39838,17.833333333333332,-1.801819999999992,0.0,0.0,0.0,0.0,0.0,0.0,-28.82911999999999
192.79474,17.916666666666668,-3.603640000000013,0.0,0.0,0.0,0.0,0.0,0.0,-28.82911999999999
190.99292,18.0,-1.801819999999992,0.0,0.0,0.0,0.0,0.0,0.0,-28.82911999999999
187.38928,18.083333333333332,-3.603639999999984,0.0,0.0,0.0,0.0,0.0,0.0,-28.82911999999999
185.58746,18.166666666666668,-1.801819999999992,0.0,0.0,0.0,0.0,0.0,0.0,-28.82912000000005
183.78564,18.25,-1.8018200000000208,0.0,0.0,0.0,0.0,0.0,0.0,-30.63094000000001
181.98382,18.333333333333332,-1.801819999999992,0.0,0.0,0.0,0.0,0.0,0.0,-30.63094000000001
178.38018,18.416666666666668,-3.603640000000013,0.0,0.0,0.0,0.0,0.0,0.0,-28.82911999999999
176.57836,18.5,-1.801819999999992,0.0,0.0,0.0,0.0,0.0,0.0,-28.829120000000017
174.77653999999998,18.583333333333332,-1.8018200000000208,0.0,0.0,0.0,0.0,0.0,0.0,-30.63093999999998
171.1729,18.666666666666668,-3.603639999999984,0.0,0.0,0.0,0.0,0.0,0.0,-28.82911999999999
169.37108,18.75,-1.801819999999992,0.0,0.0,0.0,0.0,0.0,0.0,-28.829120000000017
167.56926,18.833333333333332,-1.801819999999992,0.0,0.0,0.0,0.0,0.0,0.0,-28.829120000000017
163.96562,18.916666666666668,-3.603640000000013,0.0,0.0,0.0,0.0,0.0,0.0,-27.027299999999997
162.1638,19.0,-1.801819999999992,0.0,0.0,0.0,0.0,0.0,0.0,-27.027299999999997
158.56016000000002,19.083333333333332,-3.603639999999984,0.0,0.0,0.0,0.0,0.0,0.0,-25.225480000000005
156.75833999999998,19.166666666666668,-1.801820000000049,0.0,0.0,0.0,0.0,0.0,0.0,-25.225479999999976
153.1547,19.25,-3.603639999999984,0.0,0.0,0.0,0.0,0.0,0.0,-23.423659999999984
151.35288,19.333333333333332,-1.801819999999992,0.0,0.0,0.0,0.0,0.0,0.0,-25.225480000000005
149.55106,19.416666666666668,-1.801819999999992,0.0,0.0,0.0,0.0,0.0,0.0,-16.216379999999987
147.74924,19.5,-1.8018200000000208,0.0,0.0,0.0,0.0,0.0,0.0,-23.423659999999984
144.1456,19.583333333333332,-3.603639999999984,0.0,0.0,0.0,0.0,0.0,0.0,-21.62184000000001
142.34378,19.666666666666668,-1.801819999999992,0.0,0.0,0.0,0.0,0.0,0.0,-21.62184000000001
140.54196,19.75,-1.8018200000000208,0.0,0.0,0.0,0.0,0.0,0.0,-19.820019999999985
138.74014,19.833333333333332,-1.801819999999992,0.0,0.0,0.0,0.0,0.0,0.0,-18.018199999999993
136.93832,19.916666666666668,-1.801819999999992,0.0,0.0,0.0,0.0,0.0,0.0,-14.414560000000009
135.1365,20.0,-1.801819999999992,0.0,0.0,0.0,0.0,0.0,0.0,-9.009100000000018
133.33468000000002,20.083333333333332,-1.801819999999992,0.0,0.0,0.0,0.0,0.0,0.0,1.801819999999992
131.53286,20.166666666666668,-1.8018200000000208,0.0,0.0,0.0,0.0,0.0,0.0,12.612740000000002
129.73104,20.25,-1.801819999999992,0.0,0.0,0.0,0.0,0.0,0.0,27.02729999999997
126.1274,20.333333333333332,-3.603640000000013,0.0,0.0,0.0,0.0,0.0,0.0,43.24368000000001
133.33468000000002,20.416666666666668,7.207280000000026,0.0,0.0,0.0,0.0,0.0,0.0,48.64913999999999
124.32558,20.416666666666668,-9.009100000000018,0.0,0.0,0.0,0.0,0.0,0.0,68.46915999999999
122.52376,20.5,-1.8018200000000064,0.0,0.0,0.0,0.0,0.0,0.0,79.28007999999998
120.72194,20.583333333333332,-1.801819999999992,0.0,0.0,0.0,0.0,0.0,0.0,90.091
120.72194,20.666666666666668,0.0,0.0,0.0,0.0,0.0,0.0,0.0,95.49646
120.72194,20.75,0.0,0.0,0.0,0.0,0.0,0.0,0.0,100.90192
122.52376,20.833333333333332,1.801819999999992,0.0,0.0,0.0,0.0,0.0,0.0,102.70374
126.1274,20.916666666666668,3.603639999999998,0.0,0.0,0.0,0.0,0.0,0.0,102.70373999999998
135.1365,21.0,9.009100000000018,0.0,0.0,0.0,0.0,0.0,0.0,97.29828
144.1456,21.083333333333332,9.00909999999999,0.0,0.0,0.0,0.0,0.0,0.0,91.89282
156.75833999999998,21.166666666666668,12.612739999999974,0.0,0.0,0.0,0.0,0.0,0.0,82.88372000000004
169.37108,21.25,12.61274000000003,0.0,0.0,0.0,0.0,0.0,0.0,73.87462
181.98382,21.333333333333332,12.612740000000002,0.0,0.0,0.0,0.0,0.0,0.0,64.86551999999998
192.79474,21.416666666666668,10.810919999999982,0.0,0.0,0.0,0.0,0.0,0.0,55.856420000000014
201.80384,21.5,9.00909999999999,0.0,0.0,0.0,0.0,0.0,0.0,46.847320000000025
210.81294,21.583333333333332,9.009100000000018,0.0,0.0,0.0,0.0,0.0,0.0,37.83822000000001
216.2184,21.666666666666668,5.405460000000005,0.0,0.0,0.0,0.0,0.0,0.0,32.43276
221.62386,21.75,5.405460000000005,0.0,0.0,0.0,0.0,0.0,0.0,27.027299999999997
225.2275,21.833333333333332,3.603639999999984,0.0,0.0,0.0,0.0,0.0,0.0,21.62183999999999
228.83114,21.916666666666668,3.603639999999984,0.0,0.0,0.0,0.0,0.0,0.0,18.018200000000007
232.43478,22.0,3.6036400000000417,0.0,0.0,0.0,0.0,0.0,0.0,14.414559999999966
236.03842,22.083333333333332,3.603639999999984,0.0,0.0,0.0,0.0,0.0,0.0,10.810919999999982
239.64206,22.166666666666668,3.603640000000013,0.0,0.0,0.0,0.0,0.0,0.0,7.207279999999969
243.2457,22.25,3.603639999999984,0.0,0.0,0.0,0.0,0.0,0.0,3.603639999999984
246.84934,22.333333333333332,3.603639999999984,0.0,0.0,0.0,0.0,0.0,0.0,0.0
248.65116,22.416666666666668,1.8018200000000208,0.0,0.0,0.0,0.0,0.0,0.0,-1.8018200000000208
248.65116,22.5,0.0,0.0,0.0,0.0,0.0,0.0,0.0,-1.8018200000000208
248.65116,22.583333333333332,0.0,0.0,0.0,0.0,0.0,0.0,0.0,-1.8018200000000208
248.65116,22.666666666666668,0.0,0.0,0.0,0.0,0.0,0.0,0.0,-3.603640000000013
248.65116,22.75,0.0,0.0,0.0,0.0,0.0,0.0,0.0,-5.405460000000005
246.84934,22.833333333333332,-1.8018200000000208,0.0,0.0,0.0,0.0,0.0,0.0,-3.603639999999984
246.84934,22.916666666666668,0.0,0.0,0.0,0.0,0.0,0.0,0.0,-5.405459999999977
246.84934,23.0,0.0,0.0,0.0,0.0,0.0,0.0,0.0,-7.207279999999969
246.84934,23.083333333333332,0.0,0.0,0.0,0.0,0.0,0.0,0.0,-9.00909999999999
246.84934,23.166666666666668,0.0,0.0,0.0,0.0,0.0,0.0,0.0,-9.00909999999999
246.84934,23.25,0.0,0.0,0.0,0.0,0.0,0.0,0.0,-9.00909999999999
246.84934,23.333333333333332,0.0,0.0,0.0,0.0,0.0,0.0,0.0,-9.00909999999999
246.84934,23.416666666666668,0.0,0.0,0.0,0.0,0.0,0.0,0.0,-9.00909999999999
246.84934,23.5,0.0,0.0,0.0,0.0,0.0,0.0,0.0,-7.207279999999969
246.84934,23.583333333333332,0.0,0.0,0.0,0.0,0.0,0.0,0.0,-5.405459999999977
245.04752,23.666666666666668,-1.801819999999992,0.0,0.0,0.0,0.0,0.0,0.0,-3.603639999999984
243.2457,23.75,-1.801819999999992,0.0,0.0,0.0,0.0,0.0,0.0,-1.801819999999992
243.2457,23.833333333333332,0.0,0.0,0.0,0.0,0.0,0.0,0.0,-1.801819999999992
241.44388,23.916666666666668,-1.801819999999992,0.0,0.0,0.0,0.0,0.0,0.0,0.0
239.64206,0.0,-1.801819999999992,0.0,0.0,0.0,0.0,0.0,0.0,0.0
237.84024,0.0833333333333333,-1.8018200000000208,0.0,0.0,0.0,0.0,0.0,0.0,0.0
237.84024,0.1666666666666666,0.0,0.0,0.0,0.0,0.0,0.0,0.0,0.0
237.84024,0.25,0.0,0.0,0.0,0.0,0.0,0.0,0.0,-3.603639999999984
237.84024,0.3333333333333333,0.0,0.0,0.0,0.0,0.0,0.0,0.0,-5.405459999999977
237.84024,0.4166666666666667,0.0,0.0,0.0,0.0,0.0,0.0,0.0,-7.207279999999969
239.64206,0.5,1.8018200000000208,0.0,0.0,0.0,0.0,0.0,0.0,-12.61274000000003
241.44388,0.5833333333333334,1.801819999999992,0.0,0.0,0.0,0.0,0.0,0.0,-16.216380000000015
241.44388,0.6666666666666666,0.0,0.0,0.0,0.0,0.0,0.0,0.0,-16.216380000000015
241.44388,0.75,0.0,0.0,0.0,0.0,0.0,0.0,0.0,-16.216380000000015
241.44388,0.8333333333333334,0.0,0.0,0.0,0.0,0.0,0.0,0.0,-16.216380000000015
241.44388,0.9166666666666666,0.0,0.0,0.0,0.0,0.0,0.0,0.0,-16.216380000000015
239.64206,1.0,-1.801819999999992,0.0,0.0,0.0,0.0,0.0,0.0,-16.216380000000015
237.84024,1.0833333333333333,-1.8018200000000208,0.0,0.0,0.0,0.0,0.0,0.0,-18.018200000000007
237.84024,1.1666666666666667,0.0,0.0,0.0,0.0,0.0,0.0,0.0,-21.62183999999999
234.2366,1.25,-3.603639999999984,0.0,0.0,0.0,0.0,0.0,0.0,-21.62183999999999
232.43478,1.3333333333333333,-1.801819999999992,0.0,0.0,0.0,0.0,0.0,0.0,-21.62184000000002
230.63296000000005,1.4166666666666667,-1.801819999999992,0.0,0.0,0.0,0.0,0.0,0.0,-21.62184000000002
227.02932,1.5,-3.6036400000000417,0.0,0.0,0.0,0.0,0.0,0.0,-19.82001999999997
225.2275,1.5833333333333337,-1.801819999999992,0.0,0.0,0.0,0.0,0.0,0.0,-18.01819999999998
225.2275,1.6666666666666663,0.0,0.0,0.0,0.0,0.0,0.0,0.0,-16.216379999999987
225.2275,1.75,0.0,0.0,0.0,0.0,0.0,0.0,0.0,-14.414559999999994
225.2275,1.8333333333333337,0.0,0.0,0.0,0.0,0.0,0.0,0.0,-14.414559999999994
225.2275,1.9166666666666663,0.0,0.0,0.0,0.0,0.0,0.0,0.0,-14.414559999999994
223.42568,2.0,-1.801819999999992,0.0,0.0,0.0,0.0,0.0,0.0,-16.216379999999987
219.82204,2.0833333333333335,-3.603640000000013,0.0,0.0,0.0,0.0,0.0,0.0,-14.414559999999966
216.2184,2.1666666666666665,-3.603639999999984,0.0,0.0,0.0,0.0,0.0,0.0,-12.612739999999974
212.61476,2.25,-3.603639999999984,0.0,0.0,0.0,0.0,0.0,0.0,-14.414560000000025
210.81294,2.3333333333333335,-1.8018200000000208,0.0,0.0,0.0,0.0,0.0,0.0,-16.216379999999987
209.01112,2.4166666666666665,-1.801819999999992,0.0,0.0,0.0,0.0,0.0,0.0,-16.216380000000015
207.2093,2.5,-1.801819999999992,0.0,0.0,0.0,0.0,0.0,0.0,-18.018200000000007
207.2093,2.5833333333333335,0.0,0.0,0.0,0.0,0.0,0.0,0.0,-19.82002
209.01112,2.6666666666666665,1.801819999999992,0.0,0.0,0.0,0.0,0.0,0.0,-23.423659999999984
210.81294,2.75,1.801819999999992,0.0,0.0,0.0,0.0,0.0,0.0,-25.225479999999976
210.81294,2.8333333333333335,0.0,0.0,0.0,0.0,0.0,0.0,0.0,-27.027299999999997
210.81294,2.9166666666666665,0.0,0.0,0.0,0.0,0.0,0.0,0.0,-27.027299999999997
207.2093,3.0,-3.603639999999984,0.0,0.0,0.0,0.0,0.0,0.0,-23.423660000000012
205.40748,3.0833333333333335,-1.801819999999992,0.0,0.0,0.0,0.0,0.0,0.0,-21.62184000000002
203.60566000000003,3.1666666666666665,-1.801819999999992,0.0,0.0,0.0,0.0,0.0,0.0,-19.820020000000028
198.2002,3.25,-5.4054600000000335,0.0,0.0,0.0,0.0,0.0,0.0,-14.414559999999994
194.59656,3.3333333333333335,-3.603639999999984,0.0,0.0,0.0,0.0,0.0,0.0,-12.612740000000002
192.79474,3.4166666666666665,-1.8018200000000208,0.0,0.0,0.0,0.0,0.0,0.0,-12.612739999999974
189.1911,3.5,-3.603639999999984,0.0,0.0,0.0,0.0,0.0,0.0,-9.00909999999999
187.38928,3.5833333333333335,-1.801819999999992,0.0,0.0,0.0,0.0,0.0,0.0,-7.207279999999997
185.58746,3.6666666666666665,-1.801819999999992,0.0,0.0,0.0,0.0,0.0,0.0,-5.405460000000005
185.58746,3.75,0.0,0.0,0.0,0.0,0.0,0.0,0.0,-5.405460000000005
183.78564,3.8333333333333335,-1.8018200000000208,0.0,0.0,0.0,0.0,0.0,0.0,-3.603639999999984
183.78564,3.9166666666666665,0.0,0.0,0.0,0.0,0.0,0.0,0.0,-5.405460000000005
183.78564,4.0,0.0,0.0,0.0,0.0,0.0,0.0,0.0,-5.405460000000005
183.78564,4.083333333333333,0.0,0.0,0.0,0.0,0.0,0.0,0.0,-7.207279999999997
183.78564,4.166666666666667,0.0,0.0,0.0,0.0,0.0,0.0,0.0,-9.009100000000018
183.78564,4.25,0.0,0.0,0.0,0.0,0.0,0.0,0.0,-12.612740000000002
181.98382,4.333333333333333,-1.801819999999992,0.0,0.0,0.0,0.0,0.0,0.0,-10.81092000000001
180.182,4.416666666666667,-1.801819999999992,0.0,0.0,0.0,0.0,0.0,0.0,-9.009100000000018
180.182,4.5,0.0,0.0,0.0,0.0,0.0,0.0,0.0,-9.009100000000018
180.182,4.583333333333333,0.0,0.0,0.0,0.0,0.0,0.0,0.0,-5.4054600000000335
180.182,4.666666666666667,0.0,0.0,0.0,0.0,0.0,0.0,0.0,-3.603640000000013
180.182,4.75,0.0,0.0,0.0,0.0,0.0,0.0,0.0,-1.8018200000000208
180.182,4.833333333333333,0.0,0.0,0.0,0.0,0.0,0.0,0.0,0.0
178.38018,4.916666666666667,-1.8018200000000208,0.0,0.0,0.0,0.0,0.0,0.0,5.405460000000005
178.38018,5.0,0.0,0.0,0.0,0.0,0.0,0.0,0.0,5.405460000000005
176.57836,5.083333333333333,-1.801819999999992,0.0,0.0,0.0,0.0,0.0,0.0,9.009100000000018
174.77653999999998,5.166666666666667,-1.8018200000000208,0.0,0.0,0.0,0.0,0.0,0.0,12.61274000000003
171.1729,5.25,-3.603639999999984,0.0,0.0,0.0,0.0,0.0,0.0,18.018200000000007
171.1729,5.333333333333333,0.0,0.0,0.0,0.0,0.0,0.0,0.0,18.018200000000007
171.1729,5.416666666666667,0.0,0.0,0.0,0.0,0.0,0.0,0.0,18.018200000000007
68.46916,11.816666666666666,-28.829120000000003,4.620663700623757,39.11064410195857,3.6276189831641625,7.310310000635166,0.3906439922393626,1.2608286589631166,84.68553999999999
72.0728,11.9,3.603639999999998,4.48543047000606,40.9131016317841,3.6276189831641625,8.823187737519856,0.4466659052295521,1.2608286589631166,84.68553999999997
75.67644,11.983333333333333,3.603639999999998,4.348657804246649,42.96862298573225,4.651240078769725,9.40165932376996,0.5154015995097432,1.3988483642342262,82.88372000000003
97.29828,12.0,21.62184000000001,4.1336142111895695,44.35229783424384,5.122926329666695,9.770185618803424,0.583208433056418,1.3988483642342262,61.26188000000002
81.0819,12.066666666666666,-16.21638,3.639480556266256,45.01555768542994,5.122926329666695,9.968910555976413,0.6551951399039153,1.5040417612246404,73.87461999999998
88.28918,12.15,7.207279999999997,3.2991687249269313,45.50632755663683,6.07557969927558,10.218251756946286,0.7328711187441987,1.5040417612246404,63.0637
97.29828,12.233333333333333,9.009100000000004,2.70006113299484,46.03775889479349,6.07557969927558,10.042341539662042,0.8067155470587285,1.5786470073171328,48.64913999999999
108.1092,12.316666666666666,10.810919999999996,2.3579039516753983,46.11040834888653,6.504226185847031,10.167012140146976,0.8923448959297434,1.5786470073171328,32.43275999999999
117.1183,12.4,9.009100000000004,1.403288558975295,46.0462736986248,7.385682265095485,10.016036042959724,0.9666537546110312,1.624902259894478,18.018200000000007
129.73104,12.483333333333333,12.612740000000002,0.95911689459692,45.50897661343721,7.385682265095485,9.970157261981264,1.0583206982499007,1.6450456763394512,-1.8018200000000064
138.74014,12.566666666666666,9.00909999999999,0.7950958813495028,44.97785784728223,7.771151248723165,9.715829236991995,1.131700696197672,1.6450456763394512,-16.21638
147.74924,12.65,9.00909999999999,0.6221360819544559,43.82190601278512,8.581180473247432,9.594898754521608,1.227489459341519,1.641315414034826,-32.43275999999997
153.1547,12.733333333333333,5.405460000000005,0.4453005163569755,43.41055671845916,8.581180473247432,9.161294406035,1.298547305455501,1.641315414034826,-43.24368
156.75833999999998,12.816666666666666,3.603639999999984,0.4225652156980763,41.59921493751837,8.923334215313087,9.161294406035,1.3965421128414488,1.6159496303633782,-50.45095999999997
158.56016000000002,12.9,1.801820000000049,0.3683570747463346,40.4537694794015,8.923334215313087,8.916192005481617,1.4638845160213654,1.5711864827078834,-55.856420000000014
158.56016000000002,12.983333333333333,0.0,0.3374798838588092,39.64688255065359,9.661707020749404,8.608878975286252,1.6244032615321158,1.5092641284511146,-59.46006000000003
154.95651999999998,13.066666666666666,-3.6036400000000417,0.304484378967059,37.30573155682112,9.661707020749404,8.352057538287287,1.6244032615321158,1.5092641284511146,-59.460059999999984
151.35288,13.15,-3.603639999999984,0.2333297259815188,35.841482864166125,9.960407782634778,7.988393396672729,1.7767944756246,1.432420724975848,-57.65823999999999
145.94742,13.233333333333333,-5.405460000000005,0.1572757134109828,34.691203370502365,10.626894604619398,7.689183955508884,1.7767944756246,1.3428944296648575,-54.05459999999999
140.54196,13.316666666666666,-5.405460000000005,0.0787049388767203,31.827922052297417,10.626894604619398,7.689183955508884,1.9177490919356677,1.2429233999009184,-48.64913999999999
135.1365,13.4,-5.405459999999977,0.0,30.02172926887952,10.882004647706236,6.980306921151541,1.9177490919356677,1.134745793066805,-45.0455
127.92922,13.483333333333333,-7.2072800000000115,0.0,28.538667777347403,11.476375921875398,6.980306921151541,2.0439580441021667,1.020599766545292,-37.83821999999999
122.52376,13.566666666666666,-5.405460000000005,0.0,25.45359626262941,11.476375921875398,6.980306921151541,2.0439580441021667,0.9027234777191544,-30.630939999999995
115.31648,13.65,-7.207279999999983,0.0,25.213114823017676,11.476375921875398,6.618762179745229,2.124246443755464,0.7833550839711672,-23.423660000000012
109.91102,13.733333333333333,-5.405460000000019,0.0,21.715577866907992,11.68775750754545,6.240012895471994,2.1521122657609473,0.6647327426841043,-16.216379999999987
106.30738,13.816666666666666,-3.603639999999984,0.0,20.211173685502484,12.209783669535396,5.858520857988091,2.2231120580790833,0.5490946112407415,-10.81092000000001
102.70374,13.9,-3.603639999999998,0.0,18.070680969618465,12.209783669535396,5.858520857988091,2.2389026905488576,0.4386788470238535,-3.603640000000013
99.1001,13.983333333333333,-3.603640000000013,0.0,16.173147489008834,12.377299059170404,5.521536224877309,2.2986981002689557,0.3357236074162145,3.603640000000013
95.49646,14.066666666666666,-3.603639999999998,0.0,14.303048191749197,12.826750544617385,5.088929241194584,2.301020252102746,0.1611473315597829,10.81092000000001
93.69464,14.15,-1.801819999999992,0.0,12.334487382311522,12.826750544617385,5.088929241194584,2.34769550396193,0.09400261007654,16.216379999999987
91.89282,14.233333333333333,-1.8018200000000064,0.0,10.047088608113292,12.950261999599096,5.088929241194584,2.3351558840594624,0.0111907869138737,19.82002
91.89282,14.316666666666666,0.0,0.0,8.410751723011112,12.950261999599096,4.760422208916778,2.3667952027948544,0.0,19.82002
90.091,14.4,-1.801819999999992,0.0,6.086600386567534,13.326909244139342,4.324573789621443,2.338000520055856,0.0,23.423659999999984
90.091,14.483333333333333,0.0,0.0,3.9967348055918657,13.326909244139342,4.324573789621443,2.3620928453314294,0.0,23.423659999999984
91.89282,14.566666666666666,1.801819999999992,0.0,3.9967348055918657,13.406279025849509,4.324573789621443,2.3526881304045792,0.0,23.423660000000012
91.89282,14.65,0.0,0.0,1.8778476462236315,13.709892465119268,3.61445004925925,2.323661232482201,0.0,25.225480000000005
93.69464,14.733333333333333,1.8018200000000064,0.0,1.8778476462236315,13.709892465119268,3.580040963525408,2.302065220427952,0.0,27.027299999999997
95.49646,14.816666666666666,1.801819999999992,0.0,1.41999089300251,13.744982834939629,3.580040963525408,2.2464496840086756,0.0,28.829120000000003
99.1001,14.9,3.603639999999998,0.0,1.41999089300251,13.975332904575152,3.580040963525408,2.211617406501822,0.0,27.027299999999997
102.70374,14.983333333333333,3.603640000000013,0.0,0.9524660686876012,13.975332904575152,3.193562102022108,2.213068751397941,0.0,27.027299999999997
106.30738,15.066666666666666,3.603639999999998,0.0,0.9524660686876012,13.96233309406735,2.9010848732844496,2.127149133547703,0.0,25.22547999999999
109.91102,15.15,3.603639999999984,0.0,0.4781701215847981,13.966006123887457,2.869917223163216,2.078035622263039,0.0,23.423660000000027
111.71284,15.233333333333333,1.8018200000000064,0.0,0.4781701215847981,14.12286325952498,2.869917223163216,1.9624505147361295,0.0,23.423660000000012
111.71284,15.316666666666666,0.0,0.0,0.0,14.12286325952498,2.500892245727807,1.898010801348451,0.0,27.027299999999997
113.51466,15.4,1.801819999999992,0.0,0.0,14.12286325952498,2.500892245727807,1.898010801348451,0.0,16.216380000000015
113.51466,15.483333333333333,0.0,0.4120245475766971,2.245569064849114,14.25137479925072,2.572577841006645,1.8826265454495903,0.1342894429664857,27.027299999999997
115.31648,15.566666666666666,1.8018200000000208,1.1119732748425435,2.245569064849114,14.334509436526488,2.865055069744304,1.7516571820238214,0.1342894429664857,27.027299999999997
117.1183,15.65,1.801819999999992,1.4028757015582791,4.271423941315812,14.334509436526488,3.088464785813308,1.6418194002855424,0.2509720478551434,27.027299999999997
120.72194,15.733333333333333,3.603639999999998,1.8739822987218409,6.084807000164831,14.406538654902178,3.299407441833819,1.649308339949516,0.2509720478551434,23.42366
124.32558,15.816666666666666,3.603639999999998,2.057164716196254,6.084807000164831,14.406538654902178,3.128858060370428,1.4937241670855703,0.3509430776190827,23.423659999999984
126.1274,15.9,1.801819999999992,2.207418710950146,7.692960612160917,14.41572122945244,3.036227804210119,1.3664121927980208,0.3509430776190827,21.62183999999999
129.73104,15.983333333333333,3.603640000000013,2.326233406496809,9.103127148068802,14.272316565531046,3.141699132220375,1.3664121927980208,0.4350977952114138,16.216379999999987
131.53286,16.066666666666666,1.801819999999992,2.475501394021623,9.103127148068802,14.431092127132526,3.1940607844240487,1.0301065534693494,0.4350977952114138,12.612740000000002
133.33468000000002,16.15,1.8018200000000208,2.50893293302636,10.322548978653222,14.366093074593522,2.928761746592106,1.0301065534693494,0.5043314635852466,9.00909999999999
135.1365,16.233333333333334,1.801819999999992,2.516881666877042,11.358468474678926,14.177720305691055,2.948958383870666,1.0490901447105847,0.5043314635852466,5.405459999999977
138.74014,16.316666666666666,3.603639999999984,2.500836719086961,12.218128006910648,14.324629652232463,2.948958383870666,0.6365598714377486,0.5595393456936905,3.603640000000013
129.73104,16.333333333333332,-9.00909999999999,2.4622872131694113,12.218128006910648,14.185219408240435,2.7544722471141663,0.6583300448795321,0.5595393456936905,18.01819999999998
140.54196,16.4,10.810919999999982,2.4027222726376856,12.908769946113122,13.951740795738642,2.7290394446152395,0.6583300448795321,0.6016167044898562,10.81092000000001
142.34378,16.483333333333334,1.8018200000000208,2.323631021005077,13.437636663051094,14.086745666492687,2.440302333892128,0.4437632154373144,0.6016167044898562,18.018200000000007
144.1456,16.566666666666666,1.801819999999992,2.112826078490382,13.811970528489296,13.87269466668388,2.395420917717551,0.4437632154373144,0.6314588029268531,23.423660000000012
144.1456,16.65,0.0,1.984090634634883,14.039013913192466,13.593972471964506,2.395420917717551,0.3722989927524199,0.6314588029268531,30.63093999999998
147.74924,16.733333333333334,3.603639999999984,1.8417853737316736,14.039013913192466,13.717034606203892,2.333334958676053,0.3722989927524199,0.6499609039577912,32.43276000000003
147.74924,16.816666666666666,0.0,1.6873994192940462,14.126009187925352,13.428113286214543,2.189215744515468,0.3992940078202314,0.6580182705357804,37.838220000000035
145.94742,16.9,-1.801819999999992,1.348341923868714,14.080198723452687,13.104009770659337,2.1121693134157775,0.2857988369437333,0.6580182705357804,43.24368000000001
144.1456,16.983333333333334,-1.801819999999992,1.1666486299075942,13.908824890539211,13.104009770659337,1.8877622325428944,0.3134904975616819,0.6565261656139304,48.64913999999999
142.34378,17.066666666666666,-1.801819999999992,0.7863785670549142,13.619130059949669,12.71772642585346,1.787277728552036,0.3134904975616819,0.6565261656139304,50.45095999999998
140.54196,17.15,-1.8018200000000208,0.3935246943836015,13.619130059949669,12.481447128113835,1.787277728552036,0.2107352789164641,0.6463798521453513,52.25278
142.34378,17.233333333333334,1.8018200000000208,0.0,13.218356602448782,12.481447128113835,1.687042565762148,0.2107352789164641,0.6284745930831533,50.45095999999998
147.74924,17.316666666666666,5.405459999999977,0.0,13.218356602448782,12.481447128113835,1.687042565762148,0.2107352789164641,0.6284745930831533,50.45096000000001
151.35288,17.4,3.603640000000013,0.0,12.713746888801303,11.992565535158054,1.5959083568076595,0.2382527781468783,0.6037056513804459,41.44185999999999
160.36198000000002,17.483333333333334,9.009100000000018,0.0,12.112543289771969,11.725878980618702,1.487444934385766,0.2382527781468783,0.6037056513804459,30.63093999999998
167.56926,17.566666666666666,7.207279999999997,0.0,12.112543289771969,11.561990707931043,1.317892917726254,0.2648994704396213,0.5729682899903392,21.62183999999999
174.77653999999998,17.65,7.207279999999969,0.0,11.421988176125511,10.83689976446463,1.314152799711706,0.2648994704396213,0.537157771865943,12.61274000000003
180.182,17.733333333333334,5.4054600000000335,0.0,10.64932391862668,10.657670124758855,1.199705188466535,0.2901528716320901,0.4971693599603673,3.603639999999984
185.58746,17.816666666666666,5.405460000000005,0.0,10.64932391862668,10.657670124758855,1.199705188466535,0.2901528716320901,0.4538983172267219,-5.405460000000005
189.1911,17.9,3.603639999999984,0.0,9.801792888040204,9.739195335034486,1.199705188466535,0.313490497561682,0.4082399066181167,-10.81092000000001
192.79474,17.983333333333334,3.603639999999984,0.0,8.886637455130828,9.619486996345673,1.0497264560831576,0.313490497561682,0.3610893910876618,-16.216379999999987
192.79474,18.066666666666663,0.0,0.0,8.886637455130828,9.261027716934125,0.9425097396661128,0.3343898640657941,0.3133420335884668,-19.82002
192.79474,18.15,0.0,0.0,7.911099990663288,8.384261218225484,0.9425097396661128,0.3343898640657941,0.2658930970736417,-21.62183999999999
192.79474,18.233333333333334,0.0,0.0,6.882422865402327,7.83227270179227,0.8228259632005744,0.3523284869818237,0.2196378444962966,-23.423659999999984
198.2002,18.25,5.405460000000005,0.0,6.882422865402327,7.08930860908082,0.8228259632005744,0.3523284869818237,0.1754715388095414,-30.63093999999998
192.79474,18.316666666666663,-5.405460000000005,0.0,5.8078484501126795,6.669208384360292,0.8228259632005744,0.3667838821471679,0.1342894429664858,-27.027299999999997
190.99292,18.4,-1.801819999999992,0.0,5.8078484501126795,6.669208384360292,0.8228259632005744,0.3667838821471679,0.0644589326239131,-27.027299999999997
189.1911,18.483333333333334,-1.801819999999992,0.0,4.694619115559079,5.449310824807029,0.7038902103379456,0.377233565399224,0.037601044030616,-27.027299999999997
187.38928,18.566666666666663,-1.801819999999992,0.0,4.694619115559079,5.449310824807029,0.6664890301924651,0.377233565399224,0.0044763147655495,-25.225480000000005
183.78564,18.65,-3.603640000000013,0.0,3.5499772325062753,4.5531626262781595,0.6664890301924651,0.3831550525753892,0.0,-21.62183999999999
180.182,18.733333333333334,-3.603639999999984,0.0,3.5499772325062753,4.591554304550747,0.6664890301924651,0.3831550525753892,0.0,-19.82002
178.38018,18.816666666666663,-1.8018200000000208,0.0,2.3811651717190028,3.6184697065675313,0.5505453717414751,0.3840258595130605,0.0,-19.82001999999997
176.57836,18.9,-1.801819999999992,0.0,2.3811651717190028,3.6184697065675313,0.5505453717414751,0.3840258595130605,0.0,-19.820020000000028
172.97472,18.983333333333334,-3.603640000000013,0.0,1.195425303961995,2.5682191447662097,0.5505453717414751,0.3793235020496353,0.0,-18.018200000000007
171.1729,19.066666666666663,-1.801819999999992,0.0,1.195425303961995,2.5943620007057966,0.5505453717414751,0.3793235020496353,0.0,-18.018200000000007
169.37108,19.15,-1.801819999999992,0.0,0.0,1.4667159107226206,0.4398378785108525,0.3793235020496353,0.0,-16.216380000000015
167.56926,19.233333333333334,-1.801819999999992,0.0,0.0,1.4667159107226206,0.4398378785108525,0.3685254960225107,0.0,-16.216380000000015
165.76744,19.316666666666663,-1.8018200000000208,0.0,0.0,1.4805716836019165,0.4398378785108525,0.3685254960225107,0.0,-14.414559999999994
163.96562,19.4,-1.801819999999992,0.0,0.0,1.4805716836019165,0.4398378785108525,0.3511093572690839,0.0,-12.612740000000002
162.1638,19.483333333333334,-1.801819999999992,0.0,0.0,1.4805716836019165,0.336610621309326,0.3511093572690839,0.0,-10.81092000000001
162.1638,19.566666666666663,0.0,0.0,0.0,1.4821021126936265,0.336610621309326,0.3265526016267521,0.0,-12.612740000000002
162.1638,19.65,0.0,0.0,0.0,1.4821021126936265,0.336610621309326,0.3265526016267521,0.0,-12.612740000000002
160.36198000000002,19.733333333333334,-1.801819999999992,0.0,0.0,1.4821021126936265,0.336610621309326,0.3265526016267521,0.0,-12.61274000000003
158.56016000000002,19.816666666666663,-1.801819999999992,0.0,0.0,1.4821021126936265,0.336610621309326,0.2943327449329127,0.0,-14.414560000000025
156.75833999999998,19.9,-1.801820000000049,0.0,0.0,1.471268937270459,0.2431076709456245,0.2943327449329127,0.0,-12.612739999999974
154.95651999999998,19.983333333333334,-1.801819999999992,0.0,0.0,1.471268937270459,0.2431076709456245,0.2539273030249624,0.0,-12.612739999999974
153.1547,20.066666666666663,-1.801819999999992,0.0,0.0,1.471268937270459,0.2431076709456245,0.2539273030249624,0.0,3.603639999999984
153.1547,20.15,0.0,0.0,0.0,1.471268937270459,0.2431076709456245,0.2539273030249624,0.3357236074162144,-10.810919999999982
151.35288,20.233333333333334,-1.801819999999992,0.0,0.0,1.4480338966051207,0.2431076709456245,0.2539273030249624,0.3357236074162144,-9.00909999999999
151.35288,20.316666666666663,0.0,0.0,0.0,1.4480338966051207,0.2431076709456245,0.2048137917402989,0.6274301196378586,-9.00909999999999
151.35288,20.4,0.0,0.0,0.0,1.4480338966051207,0.1615730982284764,0.2048137917402989,0.6274301196378586,-7.207279999999997
151.35288,20.483333333333334,0.0,0.0,0.0,1.4123587299703195,0.1615730982284764,0.2048137917402989,0.8773576940477068,-5.405460000000005
149.55106,20.566666666666663,-1.801819999999992,0.0,0.0,1.4123587299703195,0.1615730982284764,0.1464697269163193,0.8773576940477068,-1.8018200000000208
149.55106,20.65,0.0,0.2060122737883485,5.389365755637873,2.798547122472395,1.6763208941204433,0.1551777962930327,1.0877444880285343,0.0
147.74924,20.733333333333334,-1.8018200000000208,0.5559866374212717,5.389365755637873,2.750393569140837,2.9924684234399073,0.1551777962930327,1.0877444880285343,3.603640000000013
144.1456,20.816666666666663,-3.603639999999984,0.7014378507791397,10.251417459157947,2.750393569140837,4.120114004826148,0.0870806937671338,1.2608286589631166,10.810919999999982
144.1456,20.9,0.0,0.9369911493609204,14.603536800395595,2.750393569140837,5.002033832656583,0.1120438259803788,1.2608286589631166,14.414560000000025
142.34378,20.983333333333334,-1.801819999999992,1.028582358098127,14.603536800395595,3.986310089485609,5.78297047409422,0.1120438259803788,1.3988483642342262,23.423659999999984
156.75833999999998,21.0,14.414559999999966,1.103709355475073,18.4631054691862,3.986310089485609,6.4057001235164694,0.0731477827643924,1.3988483642342262,14.414560000000025
142.34378,21.066666666666663,-14.414559999999966,1.1631167032484044,21.847505155365127,3.986310089485609,6.880321099562621,0.0731477827643924,1.5040417612246404,34.234579999999994
142.34378,21.15,0.0,1.2377506970108114,21.847505155365127,5.119779248749915,7.216931720871949,0.1253961990246728,1.5040417612246404,39.64004
142.34378,21.233333333333334,0.0,1.25446646651318,24.774117548767737,5.119779248749915,7.3747647010858755,0.1253961990246728,1.5786470073171328,43.24368000000001
144.1456,21.316666666666663,1.801819999999992,1.258440833438521,27.260324339229424,5.119779248749915,7.3747647010858755,0.1886748364954568,1.5786470073171328,45.0455
145.94742,21.4,1.801819999999992,1.2504183595434806,29.32350721658555,6.150472004679042,7.465649568839397,0.1886748364954568,1.624902259894478,45.0455
147.74924,21.483333333333334,1.801819999999992,1.2311436065847057,29.32350721658555,6.150472004679042,7.448819037773927,0.2612420813014017,1.6450456763394512,45.0455
149.55106,21.566666666666663,1.8018200000000208,1.2013611363188428,30.981047870671492,6.150472004679042,7.334371426528756,0.2612420813014017,1.6450456763394512,41.44185999999999
151.35288,21.65,1.801819999999992,1.1618155105025385,32.25032799132263,7.07805931501827,7.334371426528756,0.3413563195671648,1.641315414034826,39.64004
154.95651999999998,21.733333333333334,3.603639999999984,1.056413039245191,33.14872926837431,7.07805931501827,7.1324050537431605,0.3413563195671648,1.641315414034826,36.036400000000015
158.56016000000002,21.816666666666663,3.6036400000000417,0.9920453173174416,33.69363339166192,6.966939917293541,7.100240038818047,0.4272759374174036,1.6159496303633782,32.43275999999997
165.76744,21.9,7.207279999999969,0.9208926868658368,33.69363339166192,7.902212137512876,6.820853223131306,0.4272759374174036,1.5711864827078834,25.225480000000005
171.1729,21.983333333333334,5.405460000000005,0.8436997096470231,33.90242205102085,7.902212137512876,6.820853223131306,0.5172593209767753,1.5092641284511146,21.62183999999999
176.57836,22.066666666666663,5.405460000000005,0.674170961934357,33.792476936286455,7.778384788727635,6.474144283182701,0.5172593209767753,1.5092641284511146,16.216379999999987
181.98382,22.15,5.405460000000005,0.5833243149537971,33.38117973729411,7.778384788727635,6.474144283182701,0.6095648563699373,1.432420724975848,12.612740000000002
185.58746,22.233333333333334,3.603640000000013,0.3931892835274571,33.38117973729411,8.486027869335105,6.070211537611511,0.6095648563699373,1.3428944296648575,10.810919999999982
189.1911,22.316666666666663,3.603639999999984,0.1967623471918007,32.6859121438792,8.486027869335105,6.058991183567867,0.702450929721547,1.2429233999009184,9.00909999999999
190.99292,22.4,1.801819999999992,0.0,31.72405584587708,8.486027869335105,5.60793295101337,0.702450929721547,1.134745793066805,9.00909999999999
192.79474,22.483333333333334,1.801819999999992,0.0,30.512992533123125,9.089540116861231,5.60793295101337,0.7941759271562611,1.020599766545292,9.00909999999999
190.99292,22.566666666666663,-1.801819999999992,0.0,30.512992533123125,9.089540116861231,5.60793295101337,0.7941759271562611,0.9027234777191544,12.61274000000003
190.99292,22.65,0.0,0.0,29.07010389545272,8.927359350530697,5.119847550114849,0.8829982347987377,0.7833550839711672,14.414560000000025
190.99292,22.733333333333334,0.0,0.0,29.07010389545272,8.927359350530697,5.119847550114849,0.8829982347987377,0.7833550839711672,10.810919999999982
190.99292,22.816666666666663,0.0,0.0,27.412771622701232,8.927359350530697,5.119847550114849,0.8829982347987377,0.8661669071338329,14.414560000000025
190.99292,22.9,0.0,0.0,25.558377404704032,9.413550728751076,4.604833299511579,0.9671762387736338,0.7505287756904702,14.414560000000025
192.79474,22.983333333333334,1.801819999999992,0.0,25.558377404704032,9.413550728751076,4.604833299511579,0.9671762387736338,0.8151369188065687,10.810920000000038
192.79474,23.066666666666663,0.0,0.0,23.52430293129649,9.22560971375388,4.604833299511579,1.0449683252056068,0.7121816791989297,9.00909999999999
194.59656,23.15,1.8018200000000208,0.0,21.327929892313986,9.794914928653384,4.072988517842845,1.0449683252056068,0.687561947988407,3.603639999999984
196.39838,23.233333333333334,1.801819999999992,0.0,21.327929892313986,9.794914928653384,4.072988517842845,1.1146328802193135,0.6204172265051642,0.0
198.2002,23.316666666666663,1.801819999999992,0.0,18.986639977591892,9.794914928653384,4.072988517842845,1.1146328802193135,0.6638374797309945,-3.603639999999984
200.00202,23.4,1.801819999999992,0.0,18.986639977591892,10.27200143840436,3.5344115237479223,1.1744282899394125,0.6526466928171207,-7.207279999999997
201.80384,23.483333333333334,1.801819999999992,0.0,16.517814876965584,10.27200143840436,3.5344115237479223,1.1744282899394125,0.7564971953778699,-12.612739999999974
203.60566000000003,23.566666666666663,1.801820000000049,0.0,13.93883628027043,10.27200143840436,3.5344115237479223,1.22261294049056,0.7564971953778699,-18.018200000000007
205.40748,23.65,1.801819999999992,0.0,13.93883628027043,10.27200143840436,3.5344115237479223,1.22261294049056,0.8393090185405356,-25.225480000000005
201.80384,23.666666666666668,-3.6036400000000417,0.0,11.267085877341788,10.656578461479391,2.999200635866093,1.2574452179974136,0.8393090185405356,-25.225479999999976
205.40748,23.733333333333334,3.6036400000000417,0.0,11.267085877341788,10.656578461479391,2.999200635866093,1.2574452179974136,0.9024250567347842,-34.23458000000002
205.40748,23.816666666666663,0.0,0.0,8.519945358015061,10.656578461479391,2.999200635866093,1.2771835085846306,0.9024250567347842,-37.83822000000001
203.60566000000003,23.9,-1.801819999999992,0.0,8.519945358015061,10.948355216351056,2.999200635866093,1.2771835085846306,0.9471882043902796,-41.44186000000002
201.80384,23.983333333333334,-1.801820000000049,0.0,5.714796412125607,10.948355216351056,2.477454172836638,1.2800861983768683,0.9471882043902796,-41.44185999999996
198.2002,0.0666666666666666,-3.603639999999984,0.0,5.714796412125607,10.948355216351056,2.477454172836638,1.2800861983768683,0.9749413559366868,-41.44186000000002
196.39838,0.15,-1.801819999999992,0.0,2.869020729508789,10.948355216351056,2.477454172836638,1.2644116734987842,0.9870274058036708,-39.64004000000003
194.59656,0.2333333333333333,-1.801819999999992,0.0,2.869020729508789,11.147040921491918,2.477454172836638,1.2644116734987842,0.9870274058036708,-39.64004000000003
192.79474,0.3166666666666666,-1.8018200000000208,0.0,0.0,11.147040921491918,1.9792704532988363,1.2644116734987842,0.9847892484208955,-39.64004
189.1911,0.4,-3.603639999999984,0.0,0.0,11.147040921491918,1.9792704532988363,1.2284183200750356,0.9847892484208955,-36.036400000000015
185.58746,0.4833333333333333,-3.603639999999984,0.0,0.0,11.252344795374563,1.9792704532988363,1.2284183200750356,0.969569778218027,-32.43276000000003
180.182,0.5666666666666667,-5.405460000000005,0.0,0.0,11.252344795374563,1.9792704532988363,1.1703645242302796,0.94271188962473,-28.829120000000017
176.57836,0.65,-3.603640000000013,0.0,0.0,11.252344795374563,1.514747795891967,1.1703645242302796,0.9055584770706688,-27.027299999999997
171.1729,0.7333333333333333,-5.405460000000005,0.0,0.0,11.26397605647156,1.514747795891967,1.088508672089174,0.9055584770706688,-21.62183999999999
167.56926,0.8166666666666667,-3.603639999999984,0.0,0.0,11.26397605647156,1.514747795891967,1.088508672089174,0.8594524349855088,-18.018200000000007
162.1638,0.9,-5.405460000000005,0.0,0.0,11.26397605647156,1.514747795891967,1.088508672089174,0.8057366577989146,-14.414560000000025
160.36198000000002,0.9833333333333332,-1.801819999999992,0.0,0.0,11.26397605647156,1.514747795891967,0.9811091497763758,0.745754039940551,-12.61274000000003
156.75833999999998,1.0666666666666669,-3.6036400000000417,0.0,0.0,11.18164392325549,1.0939845192553102,0.9811091497763758,0.680847475840083,-9.00909999999999
156.75833999999998,1.15,0.0,0.0,0.0,11.18164392325549,1.0939845192553102,0.9811091497763758,0.6123598599271751,-9.00909999999999
154.95651999999998,1.2333333333333334,-1.801819999999992,0.0,0.0,11.18164392325549,1.0939845192553102,0.8464243434165414,0.5416340866314927,-7.207279999999997
153.1547,1.3166666666666669,-1.801819999999992,0.0,0.0,11.005057614198916,1.0939845192553102,0.8464243434165414,0.4700130503827002,-5.405460000000005
153.1547,1.4,0.0,0.0,0.0,11.005057614198916,1.0939845192553102,0.6827126391343299,0.3988396456104626,-5.405460000000005
153.1547,1.4833333333333334,0.0,0.0,0.0,11.005057614198916,0.7270789420281438,0.6827126391343299,0.3294567667444449,-5.405460000000005
151.35288,1.5666666666666669,-1.801819999999992,0.0,0.0,10.733926347774428,0.7270789420281438,0.6827126391343299,0.2632073082143121,-3.603640000000013
149.55106,1.65,-1.801819999999992,0.0,0.0,10.733926347774428,0.7270789420281438,0.4882324230543977,0.2014341644497287,-1.8018200000000208
149.55106,1.7333333333333334,0.0,0.0,0.0,10.733926347774428,0.7270789420281438,0.4882324230543977,0.0966883989358697,-3.603640000000013
149.55106,1.8166666666666669,0.0,0.0,0.0,10.367959342454588,0.7270789420281438,0.4882324230543977,0.056401566045924,-3.603640000000013
147.74924,1.9,-1.8018200000000208,0.0,0.0,10.367959342454588,0.7270789420281438,0.2612420813014015,0.0067144721483242,-3.603639999999984
147.74924,1.9833333333333336,0.0,0.0,0.0,10.367959342454588,0.4241293828497509,0.2612420813014015,0.0,-3.603639999999984
147.74924,2.066666666666667,0.0,0.0,0.0,9.90686581671198,0.4241293828497509,0.2612420813014015,0.0,-5.405459999999977
147.74924,2.15,0.0,0.0,0.0,9.90686581671198,0.4241293828497509,0.0,0.0,-5.405459999999977
147.74924,2.2333333333333334,0.0,0.0,0.0,9.90686581671198,0.4241293828497509,0.0,0.0,-5.405459999999977
147.74924,2.3166666666666664,0.0,0.0,0.0,9.350354989019175,0.4241293828497509,0.0,0.0,-5.405459999999977
147.74924,2.4,0.0,0.0,0.0,9.350354989019175,0.4241293828497509,0.0,0.0,-5.405459999999977
147.74924,2.4833333333333334,0.0,0.0,0.0,9.350354989019175,0.1952341603594093,0.0,0.0,-5.405459999999977
147.74924,2.5666666666666664,0.0,0.0,0.0,8.69813607784875,0.1952341603594093,0.0,0.0,-3.603639999999984
147.74924,2.65,0.0,0.0,0.0,8.69813607784875,0.1952341603594093,0.0,0.0,-3.603639999999984
145.94742,2.7333333333333334,-1.801819999999992,0.0,0.0,8.69813607784875,0.1952341603594093,0.0,0.0,-1.801819999999992
145.94742,2.8166666666666664,0.0,0.0,0.0,7.949918301673279,0.1952341603594093,0.0,0.0,-1.801819999999992
144.1456,2.9,-1.801819999999992,0.0,0.0,7.949918301673279,0.1952341603594093,0.0,0.0,0.0
144.1456,2.9833333333333334,0.0,0.0,0.0,7.105410878965337,0.0504915931963988,0.0,0.0,1.801819999999992
142.34378,3.066666666666667,-1.801819999999992,0.0,0.0,7.105410878965337,0.0504915931963988,0.0,0.0,5.405459999999977
142.34378,3.15,0.0,0.0,0.0,7.105410878965337,0.0504915931963988,0.0,0.0,7.207279999999997
142.34378,3.2333333333333334,0.0,0.0,0.0,6.164323028197501,0.0504915931963988,0.0,0.0,9.00909999999999
142.34378,3.3166666666666664,0.0,0.0,0.0,6.164323028197501,0.0504915931963988,0.0,0.0,10.810919999999982
142.34378,3.4,0.0,0.0,0.0,5.126363967842339,0.0504915931963988,0.0,0.0,12.612739999999974
142.34378,3.4833333333333334,0.0,0.0,0.0,5.126363967842339,0.0,0.0,0.0,14.414559999999966
144.1456,3.5666666666666664,1.801819999999992,0.0,0.0,5.126363967842339,0.0,0.0,0.0,12.612739999999974
144.1456,3.65,0.0,0.0,0.0,3.991242916372436,0.0,0.0,0.0,12.612739999999974
144.1456,3.7333333333333334,0.0,0.0,0.0,3.991242916372436,0.0,0.0,0.0,14.414560000000025
144.1456,3.8166666666666664,0.0,0.0,0.0,2.758669092260363,0.0,0.0,0.0,14.414560000000025
144.1456,3.9,0.0,0.0,0.0,2.758669092260363,0.0,0.0,0.0,12.612739999999974
145.94742,3.9833333333333334,1.801819999999992,0.0,0.0,1.4283517139786892,0.0,0.0,0.0,10.810919999999982
147.74924,4.066666666666666,1.801819999999992,0.0,0.0,1.4283517139786892,0.0,0.0,0.0,9.00909999999999
149.55106,4.15,1.8018200000000208,0.0,0.0,0.0,0.0,0.0,0.0,5.405459999999977
151.35288,4.233333333333333,1.801819999999992,0.0,0.0,0.0,0.0,0.0,0.0,1.801819999999992
153.1547,4.316666666666666,1.801819999999992,0.0,0.0,0.0,0.0,0.0,0.0,0.0
154.95651999999998,4.4,1.801819999999992,0.0,0.0,0.0,0.0,0.0,0.0,-1.801819999999992
156.75833999999998,4.483333333333333,1.801819999999992,0.0,0.0,0.0,0.0,0.0,0.0,-5.405459999999977
156.75833999999998,4.566666666666666,0.0,0.0,0.0,0.0,0.0,0.0,0.0,-5.405459999999977
156.75833999999998,4.65,0.0,0.0,0.0,0.0,0.0,0.0,0.0,-5.405459999999977
158.56016000000002,4.733333333333333,1.801820000000049,0.0,0.0,0.0,0.0,0.0,0.0,-9.009100000000018
158.56016000000002,4.816666666666666,0.0,0.0,0.0,0.0,0.0,0.0,0.0,-10.810920000000038
156.75833999999998,4.9,-1.801820000000049,0.0,0.0,0.0,0.0,0.0,0.0,-9.00909999999999
156.75833999999998,4.983333333333333,0.0,0.0,0.0,0.0,0.0,0.0,0.0,-7.207279999999969
156.75833999999998,5.066666666666666,0.0,0.0,0.0,0.0,0.0,0.0,0.0,-5.405459999999977
154.95651999999998,5.15,-1.801819999999992,0.0,0.0,0.0,0.0,0.0,0.0,-1.801819999999992
153.1547,5.233333333333333,-1.801819999999992,0.0,0.0,0.0,0.0,0.0,0.0,3.603639999999984
153.1547,5.316666666666666,0.0,0.0,0.0,0.0,0.0,0.0,0.0,5.4054600000000335
153.1547,5.4,0.0,0.0,0.0,0.0,0.0,0.0,0.0,7.207280000000026
151.35288,5.483333333333333,-1.801819999999992,0.0,0.0,0.0,0.0,0.0,0.0,9.009100000000018
151.35288,5.566666666666666,0.0,0.0,0.0,0.0,0.0,0.0,0.0,7.207280000000026
151.35288,5.65,0.0,0.0,0.0,0.0,0.0,0.0,0.0,7.207280000000026
149.55106,5.733333333333333,-1.801819999999992,0.0,0.0,0.0,0.0,0.0,0.0,7.207279999999969
147.74924,5.816666666666666,-1.8018200000000208,0.0,0.0,0.0,0.0,0.0,0.0,9.00909999999999
147.74924,5.9,0.0,0.0,0.0,0.0,0.0,0.0,0.0,5.405460000000005
149.55106,5.983333333333333,1.8018200000000208,0.0,0.0,0.0,0.0,0.0,0.0,1.801819999999992
151.35288,6.066666666666666,1.801819999999992,0.0,0.0,0.0,0.0,0.0,0.0,-18.01819999999998
153.1547,6.15,1.801819999999992,0.0,0.0,0.0,0.0,0.0,0.0,-3.603639999999984
156.75833999999998,6.233333333333333,3.603639999999984,0.0,0.0,0.0,0.0,0.0,0.0,-9.00909999999999
158.56016000000002,6.316666666666666,1.801820000000049,0.0,0.0,0.0,0.0,0.0,0.0,-10.810920000000038
160.36198000000002,6.4,1.801819999999992,0.0,0.0,0.0,0.0,0.0,0.0,-12.61274000000003
160.36198000000002,6.483333333333333,0.0,0.0,0.0,0.0,0.0,0.0,0.0,-10.81092000000001
158.56016000000002,6.566666666666666,-1.801819999999992,0.0,0.0,0.0,0.0,0.0,0.0,-7.207280000000026
158.56016000000002,6.65,0.0,0.0,0.0,0.0,0.0,0.0,0.0,-5.4054600000000335
156.75833999999998,6.733333333333333,-1.801820000000049,0.0,0.0,0.0,0.0,0.0,0.0,-3.603639999999984
156.75833999999998,6.816666666666666,0.0,0.0,0.0,0.0,0.0,0.0,0.0,-3.603639999999984
153.1547,6.9,-3.603639999999984,0.0,0.0,0.0,0.0,0.0,0.0,9.009100000000018
151.35288,6.983333333333333,-1.801819999999992,0.0,0.0,0.0,0.0,0.0,0.0671447214832428,1.801819999999992
133.33468000000002,7.0,-18.01819999999998,0.0,0.0,0.0,0.0,0.0,0.0671447214832428,19.82001999999997
149.55106,7.066666666666666,16.216379999999987,0.0,0.0,0.0,0.0,0.0,0.1254860239275717,3.603639999999984
147.74924,7.15,-1.8018200000000208,0.0,0.0,0.0,0.0,0.0,0.1254860239275717,5.405460000000005
147.74924,7.233333333333333,0.0,0.6180368213650458,3.592910503758582,0.4377437028953921,1.4025442554555247,0.005224841626028,0.1754715388095413,9.00909999999999
147.74924,7.316666666666666,0.0,1.6679599122638151,3.592910503758582,0.4377437028953921,2.62119937519577,0.005224841626028,0.1754715388095413,10.810920000000038
149.55106,7.4,1.8018200000000208,2.484573502520422,6.834278306105299,0.4377437028953921,3.665315654257104,0.020202720953975,0.2175488976057069,12.612740000000002
151.35288,7.483333333333333,1.801819999999992,2.8109734480827613,9.73569120026373,0.8471921411376169,4.544243387675899,0.020202720953975,0.2175488976057069,18.018200000000007
153.1547,7.566666666666666,1.801819999999992,3.0857470742943813,9.73569120026373,0.8471921411376169,5.267332870488526,0.020202720953975,0.2521657317926233,25.225480000000005
153.1547,7.65,0.0,3.4893501097452133,12.308736979457466,0.8471921411376169,5.843934397731351,0.0438886696586354,0.2521657317926233,36.036400000000015
153.1547,7.733333333333333,0.0,3.622646889524306,14.565003436910084,1.228253488981171,6.283398264440749,0.0438886696586354,0.2797696728468452,48.64913999999999
162.1638,7.75,9.009100000000018,3.7132520910324343,16.516078365845154,1.228253488981171,6.595074765653091,0.0752377194148036,0.2797696728468452,52.25278
153.1547,7.816666666666666,-9.009100000000018,3.76339939953954,16.516078365845154,1.228253488981171,6.788314196404739,0.0752377194148036,0.3008083522449281,72.0728
153.1547,7.9,0.0,3.7753225003155633,18.173549559486283,1.228253488981171,6.872466851732073,0.113204901897274,0.3008083522449281,81.08190000000002
153.1547,7.983333333333333,0.0,3.7512550786304417,19.549004811057035,1.5808359206805525,6.872466851732073,0.113204901897274,0.3157294014634265,88.28918000000002
153.1547,8.066666666666666,0.0,3.693430819754117,20.65403191378099,1.5808359206805525,6.856883026671453,0.156745248780841,0.3157294014634265,90.091
156.75833999999998,8.15,3.603639999999984,3.485446531507615,20.65403191378099,1.5808359206805525,6.750913016259258,0.156745248780841,0.3249804519788956,84.68554000000003
158.56016000000002,8.233333333333333,1.801820000000049,3.3397538726773166,21.50021866088175,1.9048476104902592,6.750913016259258,0.2048137917402989,0.3290091352678902,77.47825999999998
162.1638,8.316666666666666,3.603639999999984,3.1692391177355725,22.09915284558287,1.9048476104902592,6.563907115531855,0.2048137917402989,0.3290091352678902,66.66733999999997
169.37108,8.4,7.207279999999997,2.9761359519523243,22.462422261107942,1.9048476104902592,6.305215619525613,0.2563655624504422,0.3282630828069652,50.45095999999998
178.38018,8.483333333333333,9.00909999999999,2.76267806059751,22.601614700680564,2.2001967326647867,6.305215619525613,0.2563655624504422,0.3282630828069652,34.23458000000002
189.1911,8.566666666666666,10.81092000000001,2.283632842252943,22.601614700680564,2.2001967326647867,5.984188823276905,0.3103555925860651,0.3231899260726756,14.414560000000025
201.80384,8.65,12.612739999999974,2.0225128858030708,22.5283179575243,2.2001967326647867,5.984188823276905,0.3103555925860651,0.3142372965415766,-5.405459999999977
214.41658,8.733333333333333,12.61274000000003,1.4682467046978458,22.25411982486274,2.4667914614586346,5.610177021822099,0.3657389138219624,0.3018528256902229,-25.225480000000005
225.2275,8.816666666666666,10.810919999999982,0.8861700677849107,21.790608095919467,2.4667914614586346,5.610177021822099,0.3657389138219624,0.3018528256902229,-41.44185999999999
234.2366,8.9,9.009100000000018,0.2941524572237847,21.790608095919467,2.4667914614586346,5.610177021822099,0.4214705578329282,0.2864841449951696,-55.856420000000014
241.44388,8.983333333333333,7.207279999999997,0.0,21.149370563918055,2.4667914614586346,5.192530510197565,0.4214705578329282,0.2685788859329715,-70.27098000000001
243.2457,9.066666666666666,1.801819999999992,0.0,20.341995022082084,2.704539971126299,5.192530510197565,0.4765055562937567,0.2485846799801836,-75.67643999999999
241.44388,9.15,-1.801819999999992,0.0,19.380069263635143,2.704539971126299,4.740599583439675,0.5297989408792427,0.2269491586133609,-79.28008
236.03842,9.233333333333333,-5.405460000000005,0.0,19.380069263635143,2.704539971126299,4.740599583439675,0.5297989408792427,0.2041199533090583,-79.28008000000003
228.83114,9.316666666666666,-7.207280000000026,0.0,18.275181081800824,2.9133504359222773,4.740599583439675,0.5803057432641803,0.1805446955438309,-77.47825999999998
219.82204,9.4,-9.00909999999999,0.0,17.038918269802686,2.9133504359222773,4.263734536584796,0.5803057432641803,0.1566710167942334,-72.0728
212.61476,9.483333333333333,-7.207279999999969,0.0,17.038918269802686,2.9133504359222773,4.263734536584796,0.6269809951233641,0.1329465485368208,-70.27098000000001
203.60566000000003,9.566666666666666,-9.00909999999999,0.0,15.682868620864326,2.9133504359222773,4.263734536584796,0.6269809951233641,0.1098189222481483,-68.46916000000002
196.39838,9.65,-7.207280000000026,0.0,14.218619928209325,3.0931310301010684,3.7712856646693007,0.6687797281315883,0.0877357694047707,-64.86552
189.1911,9.733333333333333,-7.207279999999997,0.0,14.218619928209325,3.0931310301010684,3.7712856646693007,0.6687797281315883,0.0671447214832429,-64.86552
183.78564,9.816666666666666,-5.405460000000005,0.0,12.65775998506126,3.0931310301010684,3.7712856646693007,0.7046569739636475,0.0322294663119565,-63.0637
178.38018,9.9,-5.405460000000005,0.0,11.011876584643725,3.2437899279171667,3.272603262729558,0.7046569739636475,0.018800522015308,-63.06369999999998
171.1729,9.983333333333333,-7.207279999999997,0.0,11.011876584643725,3.2437899279171667,3.272603262729558,0.7335677642943359,0.0022381573827747,-61.261880000000005
167.56926,10.066666666666666,-3.603639999999984,0.0,11.011876584643725,3.2437899279171667,3.272603262729558,0.7335677642943359,0.0022381573827747,-88.28918
162.1638,10.15,-5.405460000000005,0.0,9.292557520180289,3.2437899279171667,3.272603262729558,0.7335677642943359,0.0,-57.658240000000006
156.75833999999998,10.233333333333333,-5.4054600000000335,0.0,9.292557520180289,3.2437899279171667,3.272603262729558,0.7544671307984481,0.0,-55.856419999999986
151.35288,10.316666666666666,-5.405459999999977,0.0,7.511390584894526,3.365235303625071,2.777037625801938,0.7544671307984481,0.0,-54.05459999999999
147.74924,10.4,-3.603640000000013,0.0,7.511390584894526,3.365235303625071,2.777037625801938,0.7544671307984481,0.0,-52.25277999999999
142.34378,10.483333333333333,-5.405459999999977,0.0,5.67996357201004,3.365235303625071,2.777037625801938,0.7663101051507784,0.0,-48.64914
135.1365,10.566666666666666,-7.207279999999997,0.0782185931353114,6.953660965539164,3.749204466742876,2.4061425893592547,0.7689225259637924,0.0,-43.24368000000001
131.53286,10.65,-3.603640000000013,0.1402875701558279,9.789857792592542,3.749204466742876,2.5036349989384745,0.7706641398391352,0.0,-41.44185999999999
124.32558,10.733333333333333,-7.207279999999997,0.1656382335013614,7.892674004181329,3.749204466742876,2.657478519936885,0.7781530795031086,0.0,-34.234579999999994
120.72194,10.816666666666666,-3.603639999999998,0.2057164716196254,10.431410286569957,4.084912946492701,2.715325678561895,0.7687483645762581,0.0,-28.829120000000003
115.31648,10.9,-5.405459999999991,0.2207418710950145,12.682825343364476,4.084912946492701,2.7614538007413207,0.7805913389285883,0.0,-21.62184000000001
109.91102,10.983333333333333,-5.405460000000019,0.2207418710950145,10.770144857025285,4.084912946492701,2.7614538007413207,0.7805913389285883,0.0,10.81092000000001
79.28008000000001,11.0,-30.63093999999998,0.2326233406496808,10.770144857025285,4.084912946492701,2.335329688283812,0.7589953268743392,0.0,14.414559999999994
104.50556,11.066666666666666,25.22547999999999,0.2415097926349537,12.744378007296325,4.33895384505507,2.3602638083807994,0.7746698517524233,0.0,-9.009100000000004
100.90192,11.15,-3.603640000000013,0.2475501394021622,14.45156857011451,4.372207699965379,2.3602638083807994,0.7746698517524233,0.0,-3.603639999999984
97.29828,11.233333333333333,-3.603639999999984,0.2516881666877042,15.901855864550496,4.372207699965379,2.375722962840931,0.7588211654868048,0.0,1.801819999999992
95.49646,11.316666666666666,-1.8018200000000064,0.2500836719086961,15.901855864550496,4.607262654431634,1.952341603594091,0.7588211654868048,0.0,3.603639999999998
93.69464,11.4,-1.801819999999992,0.2462287213169411,17.105379209674908,4.610935684251739,1.9510948975892417,0.7314778276439248,0.0,3.603639999999998
91.89282,11.483333333333333,-1.8018200000000064,0.2402722272637685,18.07227792455837,4.610935684251739,1.9510948975892417,0.7314778276439248,0.0,3.603639999999998
90.091,11.566666666666666,-1.801819999999992,0.2323631021005076,18.812691328271537,4.82694347745821,1.9426172967562656,0.7555120991236537,0.0,3.603639999999998
90.091,11.65,0.0,0.2226502581784877,19.336758739885013,4.800943856442608,1.9276568246980736,0.6910723857359748,0.0,1.801819999999992
91.89282,11.733333333333333,1.801819999999992,0.2112826078490381,19.336758739885013,4.800943856442608,1.5380611981826502,0.7168482710910465,0.0,0.0
93.69464,11.816666666666666,1.8018200000000064,0.1841785373731673,19.654619478469453,4.800943856442608,1.5173658785021509,0.6360373872751459,0.0,-1.8018200000000064
120.72194,11.833333333333334,27.027299999999997,0.1687399419294046,19.776412863095494,4.997843271225626,1.5173658785021509,0.6630324023429575,0.0,-27.027299999999997
93.69464,11.9,-27.027299999999997,0.1522421894835295,19.712278212833763,4.942079173628814,1.4916837348022542,0.6630324023429575,0.0,3.603639999999998
95.49646,11.983333333333333,1.801819999999992,0.1166648629907594,19.712278212833763,4.942079173628814,1.4916837348022542,0.5924970403915791,0.0,7.2072800000000115
97.29828,12.066666666666666,1.8018200000000064,0.0786378567054914,19.472354846754897,5.119808992824712,1.1220354043644196,0.5924970403915791,0.0,9.009100000000004
99.1001,12.15,1.801819999999992,0.0393524694383601,19.06678208392953,5.03418859290119,1.1220354043644196,0.6203628623970621,0.0,12.612740000000002
99.1001,12.233333333333333,0.0,0.0,18.505699243428296,5.03418859290119,1.088623683434457,0.5036747327491027,0.0,14.414559999999994
97.29828,12.316666666666666,-1.801819999999992,0.0,17.799245644321825,5.192687599346299,1.088623683434457,0.531192231979517,0.0,18.018200000000007
95.49646,12.4,-1.8018200000000064,0.0,17.799245644321825,5.077119071350561,1.088623683434457,0.531192231979517,0.0,19.820020000000017
93.69464,12.483333333333333,-1.801819999999992,0.0,16.957560605680754,5.077119071350561,0.771960358202721,0.4216447192204622,0.0,21.62184000000001
91.89282,12.566666666666666,-1.8018200000000064,0.0,15.99078344657572,5.077119071350561,0.771960358202721,0.4216447192204622,0.0,21.62183999999999
91.89282,12.65,0.0,0.0,15.99078344657572,5.070717566067758,0.771960358202721,0.446898120412931,0.0,21.62183999999999
91.89282,12.733333333333333,0.0,0.0,14.909053486077353,5.070717566067758,0.7338111544543308,0.2901528716320901,0.0,19.82002
93.69464,12.816666666666666,1.8018200000000064,0.0,13.722510043256284,5.070717566067758,0.7338111544543308,0.313490497561682,0.0,16.216379999999987
97.29828,12.9,3.603639999999998,0.0,13.722510043256284,5.01483103414361,0.6944152447010912,0.313490497561682,0.0,10.810919999999996
102.70374,12.983333333333333,5.405460000000005,0.0,12.441292437183158,5.01483103414361,0.4824752238767009,0.3343898640657941,0.0,3.603639999999998
106.30738,13.066666666666666,3.603639999999998,0.0,12.441292437183158,5.01483103414361,0.4824752238767009,0.3343898640657941,0.0,-28.829120000000017
111.71284,13.15,5.405459999999991,0.0,11.075539986928604,5.01483103414361,0.4824752238767009,0.3343898640657941,0.2014341644497286,-7.207279999999997
113.51466,13.233333333333333,1.801819999999992,0.0,11.075539986928604,4.808867167458212,0.4824752238767009,0.3523284869818237,0.2014341644497286,-10.810919999999982
115.31648,13.316666666666666,1.8018200000000208,0.0,9.635392011563258,4.909306432668945,0.4425806317215214,0.3523284869818237,0.3764580717827152,-12.612740000000002
115.31648,13.4,0.0,0.0,8.130987830157752,4.673027134929322,0.4425806317215214,0.3667838821471679,0.3764580717827152,-14.414560000000025
115.31648,13.483333333333333,0.0,0.0,8.130987830157752,4.673027134929322,0.4425806317215214,0.3667838821471679,0.5264146164286241,-14.414560000000025
113.51466,13.566666666666666,-1.8018200000000208,0.0,6.57246676178271,4.753990718734592,0.2689144852460057,0.377233565399224,0.5264146164286241,-12.612740000000002
113.51466,13.65,0.0,0.0,6.57246676178271,4.487304164195241,0.2689144852460057,0.377233565399224,0.6526466928171207,-12.612740000000002
111.71284,13.733333333333333,-1.801819999999992,0.0,4.969968125508785,4.487304164195241,0.2689144852460057,0.3831550525753892,0.6526466928171207,-10.81092000000001
109.91102,13.816666666666666,-1.8018200000000064,0.0,4.969968125508785,4.487304164195241,0.2689144852460057,0.3831550525753892,0.6526466928171207,100.90192
108.1092,13.9,-1.801819999999992,0.0,4.969968125508785,4.548730849431381,0.2689144852460057,0.3831550525753892,0.7564971953778699,-9.009100000000004
106.30738,13.983333333333333,-1.801819999999992,0.0,3.333631240406604,4.251545212346802,0.2302665990956758,0.3840258595130605,0.7564971953778699,-7.2072800000000115
77.47825999999999,14.0,-28.829120000000017,0.0,3.333631240406604,4.251545212346802,0.2302665990956758,0.3840258595130605,0.8393090185405356,23.42366
104.50556,14.066666666666666,27.02730000000001,0.0,1.6735954255467933,3.9237686669714873,0.2302665990956758,0.3840258595130605,0.8393090185405356,-1.801819999999992
102.70374,14.15,-1.801819999999992,0.0,1.6735954255467933,3.965597236474826,0.183515123913825,0.3793235020496353,0.9024250567347842,3.603639999999998
102.70374,14.233333333333333,0.0,0.0,0.0,3.607137957063278,0.1466126261702841,0.3793235020496353,0.9024250567347842,9.00909999999999
100.90192,14.316666666666666,-1.8018200000000208,0.0,0.0,3.607137957063278,0.1466126261702841,0.3685254960225107,0.9471882043902796,18.018200000000007
100.90192,14.4,0.0,0.0,0.0,3.629307193670151,0.1466126261702841,0.3685254960225107,0.9471882043902796,23.423660000000012
100.90192,14.483333333333333,0.0,0.0,0.0,3.2400733544768645,0.1466126261702841,0.3511093572690839,0.9749413559366868,30.63094000000001
100.90192,14.566666666666666,0.0,0.0,0.0,3.2400733544768645,0.1466126261702841,0.3511093572690839,0.9870274058036708,37.83822000000001
100.90192,14.65,0.0,0.0,0.0,2.8199731297563364,0.112203540436442,0.3511093572690839,0.9870274058036708,45.0455
210.81294,14.666666666666666,109.91102,0.0,0.0,2.3713633803098024,0.112203540436442,0.3265526016267521,0.9847892484208955,-59.46006
99.1001,14.733333333333333,-111.71284,0.0,0.0,2.3713633803098024,0.112203540436442,0.3265526016267521,0.9847892484208955,59.46006000000003
99.1001,14.816666666666666,0.0,0.0,0.0,2.3713633803098024,0.112203540436442,0.2943327449329127,0.969569778218027,64.86552
100.90192,14.9,1.801819999999992,0.0,0.0,2.3540302996327345,0.0810358903152081,0.2943327449329127,0.94271188962473,66.66734000000002
102.70374,14.983333333333333,1.8018200000000208,0.0,0.0,2.3540302996327345,0.0810358903152081,0.2943327449329127,0.9055584770706688,68.46915999999999
106.30738,15.066666666666666,3.603639999999998,0.0,0.0,2.3540302996327345,0.0810358903152081,0.2539273030249624,0.9055584770706688,64.86551999999999
111.71284,15.15,5.405459999999991,0.0,0.0,2.316854234568193,0.0810358903152081,0.2539273030249624,0.8594524349855088,57.658240000000006
118.92012,15.233333333333333,7.207279999999997,0.0,0.0,2.316854234568193,0.0810358903152081,0.2539273030249624,0.8057366577989146,48.64914000000002
124.32558,15.316666666666666,5.405460000000005,0.0,0.0,2.316854234568193,0.0538576994094921,0.2048137917402989,0.745754039940551,39.64004
131.53286,15.4,7.207279999999997,0.0,0.0,2.259773967952511,0.0538576994094921,0.2048137917402989,0.680847475840083,28.829120000000017
138.74014,15.483333333333333,7.207279999999997,0.0,0.0,2.259773967952511,0.0538576994094921,0.1464697269163193,0.6123598599271751,18.01819999999998
145.94742,15.566666666666666,7.207279999999997,0.0,0.0,2.259773967952511,0.0538576994094921,0.1464697269163193,0.5416340866314927,7.207279999999997
151.35288,15.65,5.405460000000005,0.0,0.0,2.1827282826220187,0.0538576994094921,0.1464697269163193,0.4700130503827002,-1.801819999999992
158.56016000000002,15.733333333333333,7.207280000000026,0.0,0.0,2.1827282826220187,0.0538576994094921,0.0783726243904204,0.3988396456104626,-10.810920000000038
163.96562,15.816666666666666,5.405459999999977,0.0,0.0,2.1827282826220187,0.0314169913222037,0.0783726243904204,0.3294567667444449,-19.82002
167.56926,15.9,3.603640000000013,0.0,0.0,2.0856559614130488,0.0314169913222037,0.0783726243904204,0.2632073082143121,-27.027300000000025
171.1729,15.983333333333333,3.603639999999984,0.0,0.0,2.0856559614130488,0.0314169913222037,0.0,0.2014341644497287,-36.036399999999986
171.1729,16.066666666666666,0.0,0.0,0.0,2.0856559614130488,0.0314169913222037,0.0,0.0966883989358697,-41.44185999999999
169.37108,16.15,-1.801819999999992,0.0,0.0,1.9684957871619315,0.0314169913222037,0.0,0.056401566045924,-45.0455
167.56926,16.233333333333334,-1.801819999999992,0.0,0.0,1.9684957871619315,0.0314169913222037,0.0,0.056401566045924,-104.50556000000002
163.96562,16.316666666666666,-3.603640000000013,0.0,0.0,1.9684957871619315,0.0314169913222037,0.0,0.0067144721483242,-43.24368
160.36198000000002,16.4,-3.603639999999984,0.0,0.0,1.9684957871619315,0.0144617896562525,0.0,0.0,-45.0455
156.75833999999998,16.483333333333334,-3.6036400000000417,0.0,0.0,1.831186542705,0.0144617896562525,0.0,0.0,-45.045499999999976
153.1547,16.566666666666666,-3.603639999999984,0.0,0.0,1.831186542705,0.0144617896562525,0.0,0.0,-46.84731999999998
149.55106,16.65,-3.603639999999984,0.0,0.0,1.831186542705,0.0144617896562525,0.0,0.0,-46.84732
147.74924,16.733333333333334,-1.8018200000000208,0.0,0.0,1.673667010878585,0.0144617896562525,0.0,0.0,-46.84732
144.1456,16.816666666666666,-3.603639999999984,0.0,0.0,1.673667010878585,0.0144617896562525,0.0,0.0,-46.84732
140.54196,16.9,-3.603640000000013,0.0,0.0,1.673667010878585,0.003740118014548,0.0,0.0,-45.04549999999999
135.1365,16.983333333333334,-5.405459999999977,0.0,0.0,1.673667010878585,0.003740118014548,0.0,0.0,-37.83822000000001
129.73104,17.066666666666666,-5.405460000000005,1.2360736427300916,0.8982276259396454,1.5323546164269677,0.003740118014548,0.0008708069376713,0.0,-37.83822000000001
124.32558,17.15,-5.405460000000005,3.3359198245276303,0.8982276259396454,1.5323546164269677,0.003740118014548,0.0008708069376713,0.0,-34.234579999999994
63.0637,17.166666666666668,-61.261880000000005,4.969147005040844,1.708569576526325,1.334230858370581,0.003740118014548,0.0033671201589958,0.0,25.225480000000005
120.72194,17.233333333333334,57.658240000000006,5.621946896165523,2.4339228000659325,1.368351561557433,0.003740118014548,0.0033671201589958,0.0,-32.43276
115.31648,17.316666666666666,-5.405459999999991,6.171494148588763,2.4339228000659325,1.368351561557433,0.003740118014548,0.0033671201589958,0.0,-28.829120000000017
111.71284,17.4,-3.603640000000013,6.6222561328504375,3.0771842448643665,1.149833864640557,0.003740118014548,0.0073147782764392,0.0,-25.225480000000005
106.30738,17.483333333333334,-5.405459999999991,7.245293779048612,3.641250859227521,1.1815889769608532,0.0,0.0073147782764392,0.0,-19.820020000000017
102.70374,17.566666666666666,-3.603639999999998,7.4265041820648685,4.129019591461288,0.942616124019821,0.0,0.0125396199024672,0.0,-16.216380000000015
100.90192,17.65,-1.8018200000000208,7.52679879907908,4.129019591461288,0.942616124019821,0.0,0.0125396199024672,0.0,-14.414559999999994
97.29828,17.733333333333334,-3.603639999999984,7.5506450006311265,4.543387389871571,0.6831268978909635,0.0,0.0188674836495456,0.0,-12.612740000000002
95.49646,17.816666666666666,-1.8018200000000064,7.502510157260883,4.887251202764259,0.7125087671992454,0.0,0.0188674836495456,0.0,-10.810919999999996
97.29828,17.833333333333332,1.8018200000000064,7.502510157260883,4.887251202764259,0.7125087671992454,0.0,0.0188674836495456,0.0,-19.820020000000017
91.89282,17.9,-5.405460000000005,7.386861639508235,5.163507978445248,0.4324419507188929,0.0,0.0261242081301401,0.4028683288994573,-9.009100000000004
90.091,17.983333333333334,-1.801819999999992,6.97089306301523,5.163507978445248,0.4324419507188929,0.0,0.0261242081301401,0.4028683288994573,-9.009100000000004
88.28918,18.066666666666663,-1.8018200000000064,6.679507745354633,5.375054665220437,0.1587373008741882,0.0,0.0341356319567164,0.7529161435654304,-9.00909999999999
88.28918,18.15,0.0,6.338478235471145,5.524788211395718,0.1587373008741882,0.0,0.0341356319567164,0.7529161435654304,-10.81092000000001
86.48736,18.233333333333334,-1.8018200000000064,5.9522719039046486,5.6156055652769865,0.1587373008741882,0.0,0.0427275937417403,1.0528292328572482,-9.009100000000004
86.48736,18.316666666666663,0.0,5.52535612119502,5.650403675170141,0.1833497277220655,0.0,0.0427275937417403,1.0528292328572482,-9.009100000000004
86.48736,18.4,0.0,4.567265684505886,5.650403675170141,0.1833497277220655,0.0,0.0517259320976775,1.3052933856342417,-7.207279999999983
86.48736,18.483333333333334,0.0,5.609397634312369,9.224989993139657,0.8034866401572045,1.4025442554555247,0.0552091598483628,1.3052933856342417,-1.801819999999992
86.48736,18.566666666666663,0.0,5.160439959080779,12.397808262320984,0.8034866401572045,2.62119937519577,0.064439713387679,1.5129943907557395,1.8018200000000064
84.68554,18.65,-1.801819999999992,5.671900371191971,12.281930330085164,0.8257028675566918,3.665315654257104,0.0744249662729771,1.5129943907557395,10.810919999999996
84.68554,18.733333333333334,0.0,4.336269511891251,15.183343224243597,1.405754821733177,4.544243387675899,0.083713573608138,1.6786180370810713,19.82002
77.47825999999999,18.75,-7.2072800000000115,4.414837421900292,17.59607962043698,1.405754821733177,5.267332870488526,0.0995042060779116,1.6786180370810713,34.23458000000001
82.88372,18.816666666666663,5.405460000000005,4.652466812993618,17.394235734977986,1.4255671975388156,5.843934397731351,0.1086767058213831,1.8048501134695685,37.83822000000001
81.0819,18.9,-1.801819999999992,4.830195852699075,19.41002075281887,1.9654041069838504,6.283398264440749,0.1295760723254952,1.8048501134695685,45.04549999999999
79.28008000000001,18.983333333333334,-1.801819999999992,4.951002788043246,21.36109568175394,1.9654041069838504,6.595074765653091,0.1384583030897429,1.8943764087805592,52.25277999999999
77.47825999999999,19.066666666666663,-1.8018200000000208,5.01786586605272,21.08487363629536,1.982804979050182,6.788314196404739,0.1468761034872325,1.8943764087805592,57.65824000000002
77.47825999999999,19.15,0.0,5.033763333754084,22.433279126936952,2.4822967572909724,6.872466851732073,0.1721875584755461,1.9498827118733737,61.261880000000005
77.47825999999999,19.233333333333334,0.0,4.924574426338823,23.808734378507708,2.4822967572909724,6.856883026671453,0.1799667671187434,1.9740548116073413,61.261880000000005
79.28008000000001,19.316666666666663,1.8018200000000208,4.805444545275371,24.574749068997075,2.4822967572909724,6.856883026671453,0.2089936650411213,1.9740548116073413,59.460059999999984
84.68554,19.4,5.405459999999991,4.647262042010153,25.05487364293408,2.4972784734725386,6.750913016259258,0.215960120542492,1.969578496841791,54.05459999999999
88.28918,19.483333333333334,3.603639999999998,4.453005163569755,25.05487364293408,2.9562950340362897,6.750913016259258,0.2480058158487973,1.969578496841791,48.64914
95.49646,19.566666666666663,7.207279999999997,4.225652156980764,25.263592841848187,2.9562950340362897,6.563907115531855,0.2539853568208072,1.939139556436054,39.64004000000001
104.50556,19.65,9.009100000000004,3.968181269269766,25.215391407268875,2.968849942187631,6.305215619525613,0.2883532039609027,1.88542377924946,28.829120000000017
111.71284,19.733333333333334,7.207279999999997,3.3747988385880925,25.354583846841493,3.3872611986015446,6.305215619525613,0.2931716690160174,1.8111169541413377,19.82002
120.72194,19.816666666666663,9.009100000000004,3.0448437896705904,24.92475408072563,3.3872611986015446,5.984188823276905,0.3291650224397661,1.8111169541413377,7.207279999999997
126.1274,19.9,5.405459999999991,2.696683847737428,24.85145733756937,3.3872611986015446,5.984188823276905,0.3291650224397661,1.7189048699710177,-1.801819999999992
131.53286,19.983333333333334,5.405460000000005,1.957662272930461,24.131967471086373,3.775057512368488,5.610177021822099,0.3695704643477163,1.6114733155978291,-9.009100000000004
135.1365,20.066666666666663,3.603640000000013,1.1815600903798809,23.6684557421431,3.775057512368488,5.610177021822099,0.4067248936883602,1.491508079881102,-14.414560000000009
138.74014,20.15,3.603639999999984,0.0,22.569361456920564,3.775057512368488,5.610177021822099,0.4086987227470818,1.361694951680166,-21.62183999999999
138.74014,20.233333333333334,0.0,0.0,22.101836632605657,3.7827358480230058,5.192530510197565,0.4453887217209675,1.2247197198543502,-23.423659999999984
138.74014,20.316666666666663,0.0,0.0,22.101836632605657,3.7827358480230058,5.192530510197565,0.4453887217209675,1.2247197198543502,-46.84732
138.74014,20.4,0.0,0.0,21.294461090769687,4.119546236718864,5.192530510197565,0.4456789907001913,1.0832681732629854,-25.225480000000005
136.93832,20.483333333333334,-1.801819999999992,0.0,19.858239385219942,4.119546236718864,4.740599583439675,0.4812079137571819,0.9400261007654004,-25.225480000000005
135.1365,20.566666666666663,-1.801819999999992,0.0,18.753351203385623,4.124774807906781,4.740599583439675,0.4796404612693735,0.7976792912209252,-25.22548000000002
133.33468000000002,20.65,-1.801819999999992,0.0,18.753351203385623,4.420589633034417,4.740599583439675,0.5133116628593319,0.6589135334888899,-27.02730000000001
131.53286,20.733333333333334,-1.8018200000000208,0.0,17.038918269802686,4.420589633034417,4.263734536584796,0.509712327516957,0.5264146164286243,-27.027299999999997
127.92922,20.816666666666663,-3.603639999999998,0.0,15.682868620864326,4.420589633034417,4.263734536584796,0.5408291620897463,0.4028683288994574,-25.22547999999999
124.32558,20.9,-3.603639999999998,0.0,15.682868620864326,4.678049962696897,4.263734536584796,0.5408291620897463,0.1933767978717394,-23.423660000000012
122.52376,20.983333333333334,-1.8018200000000064,0.0,14.218619928209325,4.678049962696897,3.7712856646693007,0.5628896045107534,0.112803132091848,-25.22547999999999
120.72194,21.083333333333332,-1.801819999999992,0.0,12.65775998506126,4.678049962696897,3.7712856646693007,0.5628896045107534,0.0134289442966485,-23.42366
117.1183,21.166666666666668,-3.603639999999998,0.0,12.65775998506126,4.678356048515239,3.7712856646693007,0.5786221831846824,0.0,-21.62184000000001
115.31648,21.25,-1.801819999999992,0.0,11.011876584643725,4.891789487088045,3.272603262729558,0.5786221831846824,0.0,-21.62184000000001
91.89282,21.25,-23.423660000000012,0.0,11.011876584643725,4.891789487088045,3.272603262729558,0.5978960434051414,0.0,0.0
113.51466,21.333333333333332,21.62183999999999,0.0,9.292557520180289,4.889622852003411,3.272603262729558,0.5871560911738616,0.0,-23.423659999999984
111.71284,21.416666666666668,-1.801819999999992,0.0,9.292557520180289,5.061670467589609,3.272603262729558,0.601089002176603,0.0,-23.42366
109.91102,21.5,-1.8018200000000064,0.0,7.511390584894526,5.061670467589609,2.777037625801938,0.5876205215406196,0.0,-23.42366
106.30738,21.583333333333332,-3.603639999999984,0.0,5.67996357201004,5.061670467589609,2.777037625801938,0.5955158377755063,0.0,-19.820020000000017
104.50556,21.666666666666668,-1.8018200000000064,0.0,5.67996357201004,5.057023459456541,2.777037625801938,0.5955158377755063,0.0,-16.21638
102.70374,21.75,-1.801819999999992,0.0,3.809864274750405,5.187555165583338,2.293939048922813,0.5791446673472852,0.0,-12.612740000000002
100.90192,21.833333333333332,-1.8018200000000208,0.0,3.809864274750405,5.187555165583338,2.293939048922813,0.5803057432641804,0.0,-9.00909999999999
97.29828,21.916666666666668,-3.603639999999984,0.0,1.9126804863391924,5.180420132256378,2.293939048922813,0.5803057432641804,0.0,-3.603639999999998
97.29828,22.0,0.0,0.0,1.9126804863391924,5.269305842450975,2.293939048922813,0.5545879117049535,0.0,-1.8018200000000064
95.49646,22.083333333333332,-1.8018200000000064,0.0,0.0,5.269305842450975,1.832657827128552,0.5545879117049535,0.0,0.0
93.69464,22.166666666666668,-1.801819999999992,0.0,0.0,5.259675131784663,1.832657827128552,0.540190570335454,0.0,3.603639999999998
91.89282,22.25,-1.8018200000000064,0.0,0.0,5.259675131784663,1.832657827128552,0.5174915361601544,0.0,5.405460000000005
90.091,22.333333333333332,-1.801819999999992,0.0,0.0,5.306784759574267,1.832657827128552,0.494270017822252,0.0,9.00909999999999
88.28918,22.416666666666668,-1.8018200000000064,0.0,0.0,5.294650719423146,1.832657827128552,0.494270017822252,0.0,10.810919999999996
86.48736,22.5,-1.8018200000000064,0.0,0.0,5.294650719423146,1.4025442554555252,0.4681458096921118,0.0,14.414559999999994
86.48736,22.583333333333332,0.0,0.0,0.0,5.299854178334961,1.4025442554555252,0.4354034688356695,0.0,14.414559999999994
88.28918,22.666666666666668,1.8018200000000064,0.0,0.0,5.285209156553572,1.4025442554555252,0.4354034688356695,0.0,12.612739999999988
90.091,22.75,1.8018200000000064,0.0,0.0,5.285209156553572,1.4025442554555252,0.3924436599105503,0.0,12.612740000000002
91.89282,22.833333333333332,1.801819999999992,0.0,0.0,5.248376360114802,1.4025442554555252,0.3924436599105503,0.0,10.81092000000001
93.69464,22.916666666666668,1.8018200000000064,0.0,0.0,5.231212704557685,1.012948628940102,0.3924436599105503,0.0,10.810919999999996
95.49646,23.0,1.801819999999992,0.0,0.0,5.231212704557685,1.012948628940102,0.3385697373666165,0.0,12.612740000000002
95.49646,23.083333333333332,0.0,0.0,0.0,5.132523624817233,1.012948628940102,0.3385697373666165,0.0,16.21638
97.29828,23.166666666666668,1.8018200000000064,0.0,0.0,5.132523624817233,1.012948628940102,0.3385697373666165,0.0,18.018200000000007
97.29828,23.25,0.0,0.0,0.0,5.132523624817233,1.012948628940102,0.273085055653732,0.0,19.82002
99.1001,23.333333333333332,1.801819999999992,0.0,0.0,5.110299745272287,0.6732212426186517,0.273085055653732,0.0,21.62184000000001
99.1001,23.416666666666668,0.0,0.0,0.0,4.989004178713963,0.6732212426186517,0.273085055653732,0.0,25.225480000000005
100.90192,23.5,1.801819999999992,0.0,0.0,4.989004178713963,0.6732212426186517,0.1952929692217591,0.0,25.225480000000005
100.90192,23.583333333333332,0.0,0.0,0.0,4.964238708956915,0.6732212426186517,0.1952929692217591,0.0,28.829120000000017
100.90192,23.666666666666668,0.0,0.0,0.0,4.8005166276296185,0.6732212426186517,0.1952929692217591,0.0,30.63094000000001
102.70374,23.75,1.8018200000000208,0.0,0.0,4.773201915515009,0.3927123915275471,0.1044968325205605,0.0,30.63094000000001
102.70374,23.833333333333332,0.0,0.0,0.0,4.773201915515009,0.3927123915275471,0.1044968325205605,0.0,32.43276
104.50556,23.916666666666668,1.801819999999992,0.0,0.0,4.537051626328319,0.3927123915275471,0.1044968325205605,0.0,32.43276
108.1092,0.0,3.603639999999998,0.0,0.0,4.537051626328319,0.3927123915275471,0.0,0.0,32.43275999999999
111.71284,0.0833333333333333,3.603639999999998,0.0,0.0,4.537051626328319,0.3927123915275471,0.0,0.0,30.63094000000001
115.31648,0.1666666666666666,3.603640000000013,0.0,0.0,4.2556501027785885,0.3927123915275471,0.0,0.0,30.63093999999998
117.1183,0.25,1.801819999999992,0.0,0.0,4.2556501027785885,0.1807723707031568,0.0,0.0,32.43276
120.72194,0.3333333333333333,3.603639999999998,0.0,0.0,4.220641750718544,0.1807723707031568,0.0,0.0,32.43275999999999
124.32558,0.4166666666666667,3.603639999999998,0.0,0.0,3.8912714032481257,0.1807723707031568,0.0,0.0,32.43275999999997
126.1274,0.5,1.801819999999992,0.0,0.0,3.8912714032481257,0.1807723707031568,0.0,0.0,34.23458000000002
129.73104,0.5833333333333334,3.603640000000013,0.0,0.0,3.556542398116993,0.1807723707031568,0.0,0.0,32.43276
131.53286,0.6666666666666666,1.801819999999992,0.0,0.0,3.556542398116993,0.1807723707031568,0.0,0.0,32.43276
133.33468000000002,0.75,1.8018200000000208,0.0,0.0,3.556542398116993,0.0467514751818507,0.0,0.0,32.43275999999997
135.1365,0.8333333333333334,1.801819999999992,0.0,0.0,3.1787364458529135,0.0467514751818507,0.0,0.0,30.63093999999998
136.93832,0.9166666666666666,1.801819999999992,0.0,0.0,3.1787364458529135,0.0467514751818507,0.0,0.0,30.63094000000001
140.54196,1.0,3.603639999999984,0.0,0.0,2.757723459983093,0.0467514751818507,0.0,0.0,28.829120000000017
142.34378,1.0833333333333333,1.8018200000000208,0.0,0.0,2.757723459983093,0.0467514751818507,0.0,0.0,27.027299999999997
145.94742,1.1666666666666667,3.603639999999984,0.0,0.0,2.757723459983093,0.0467514751818507,0.0,0.0,23.423660000000012
149.55106,1.25,3.603640000000013,0.0,0.0,2.2933733540347307,0.0467514751818507,0.0,0.0,18.018200000000007
153.1547,1.3333333333333333,3.603639999999984,0.0,0.0,2.2933733540347307,0.0,0.0,0.0,12.612740000000002
156.75833999999998,1.4166666666666667,3.603639999999984,0.0,0.0,1.785556041535037,0.0,0.0,0.0,9.009100000000018
160.36198000000002,1.5,3.6036400000000417,0.0,0.0,1.785556041535037,0.0,0.0,0.0,1.801819999999992
162.1638,1.5833333333333337,1.801819999999992,0.0,0.0,1.234141436011215,0.0,0.0,0.0,-1.801819999999992
163.96562,1.6666666666666663,1.801819999999992,0.0,0.0,1.234141436011215,0.0,0.0,0.0,-5.405459999999977
165.76744,1.75,1.801819999999992,0.0,0.0,1.234141436011215,0.0,0.0,0.0,46.847320000000025
165.76744,1.8333333333333337,0.0,0.0,0.0,0.6389994509904663,0.0,0.0,0.0,-7.207279999999969
167.56926,1.9166666666666663,1.8018200000000208,0.0,0.0,0.6389994509904663,0.0,0.0,0.0,-10.810920000000038
169.37108,2.0,1.801819999999992,0.0,0.0,0.0,0.0,0.0,0.0,-12.61274000000003
169.37108,2.0833333333333335,0.0,0.0,0.0,0.0,0.0,0.0,0.0,-14.414560000000025
169.37108,2.1666666666666665,0.0,0.0,0.0,0.0,0.0,0.0,0.0,-16.216380000000015
167.56926,2.25,-1.801819999999992,0.0,0.0,0.0,0.0,0.0,0.0,-16.216380000000015
165.76744,2.3333333333333335,-1.8018200000000208,0.0,0.0,0.0,0.0,0.0,0.0,-16.216379999999987
165.76744,2.4166666666666665,0.0,0.0,0.0,0.0,0.0,0.0,0.0,-16.216379999999987
162.1638,2.5,-3.603639999999984,0.0,0.0,0.0,0.0,0.0,0.0,-14.414560000000025
160.36198000000002,2.5833333333333335,-1.801819999999992,0.0,0.0,0.0,0.0,0.0,0.0,-12.61274000000003
158.56016000000002,2.6666666666666665,-1.801819999999992,0.0,0.0,0.0,0.0,0.0,0.0,-10.810920000000038
212.61476,2.6666666666666665,54.05459999999999,0.0,0.0,0.0,0.0,0.0,0.0,-64.86552000000003
158.56016000000002,2.75,-54.05459999999999,0.0,0.0,0.0,0.0,0.0,0.0,-12.61274000000003
156.75833999999998,2.8333333333333335,-1.801820000000049,0.0,0.0,0.0,0.0,0.0,0.0,-10.810919999999982
156.75833999999998,2.9166666666666665,0.0,0.0,0.0,0.0,0.0,0.0,0.0,-10.810919999999982
154.95651999999998,3.0,-1.801819999999992,0.0,0.0,0.0,0.0,0.0,0.0,-9.00909999999999
153.1547,3.0833333333333335,-1.801819999999992,0.0,0.0,0.0,0.0,0.0,0.0,-9.00909999999999
151.35288,3.1666666666666665,-1.801819999999992,0.0,0.0,0.0,0.0,0.0,0.0,-7.207279999999997
149.55106,3.25,-1.801819999999992,0.0,0.0,0.0,0.0,0.0,0.0,-5.405460000000005
149.55106,3.3333333333333335,0.0,0.0,0.0,0.0,0.0,0.0,0.0,-5.405460000000005
147.74924,3.4166666666666665,-1.8018200000000208,0.0,0.0,0.0,0.0,0.0,0.0,-3.603639999999984
147.74924,3.5,0.0,0.0,0.0,0.0,0.0,0.0,0.0,-1.801819999999992
147.74924,3.5833333333333335,0.0,0.0,0.0,0.0,0.0,0.0,0.0,0.0
147.74924,3.6666666666666665,0.0,0.0,0.0,0.0,0.0,0.0,0.0,0.0
145.94742,3.75,-1.801819999999992,0.0,0.0,0.0,0.0,0.0,0.0,3.603640000000013
145.94742,3.8333333333333335,0.0,0.0,0.0,0.0,0.0,0.0,0.0,3.603640000000013
145.94742,3.9166666666666665,0.0,0.0,0.0,0.0,0.0,0.0,0.0,5.405460000000005
145.94742,4.0,0.0,0.0,0.0,0.0,0.0,0.0,0.0,5.405460000000005
144.1456,4.083333333333333,-1.801819999999992,0.0,0.0,0.0,0.0,0.0,0.0,9.00909999999999
144.1456,4.166666666666667,0.0,0.0,0.0,0.0,0.0,0.0,0.0,9.00909999999999
144.1456,4.25,0.0,0.0,0.0,0.0,0.0,0.0,0.0,9.00909999999999
144.1456,4.333333333333333,0.0,0.0,0.0,0.0,0.0,0.0,0.0,9.00909999999999
144.1456,4.416666666666667,0.0,0.0,0.0,0.0,0.0,0.0,0.0,9.00909999999999
145.94742,4.5,1.801819999999992,0.0,0.0,0.0,0.0,0.0,0.0,7.207279999999997
147.74924,4.583333333333333,1.801819999999992,0.0,0.0,0.0,0.0,0.0,0.0,3.603640000000013
147.74924,4.666666666666667,0.0,0.0,0.0,0.0,0.0,0.0,0.0,0.0
149.55106,4.75,1.8018200000000208,0.0,0.0,0.0,0.0,0.0,0.0,-5.405460000000005
149.55106,4.833333333333333,0.0,0.0,0.0,0.0,0.0,0.0,0.0,-9.009100000000018
151.35288,4.916666666666667,1.801819999999992,0.0,0.0,0.0,0.0,0.0,0.0,-12.612740000000002
151.35288,5.0,0.0,0.0,0.0,0.0,0.0,0.0,0.0,-10.81092000000001
153.1547,5.083333333333333,1.801819999999992,0.0,0.0,0.0,0.0,0.0,0.0,-10.810919999999982
153.1547,5.166666666666667,0.0,0.0,0.0,0.0,0.0,0.0,0.0,-9.00909999999999
153.1547,5.25,0.0,0.0,0.0,0.0,0.0,0.0,0.0,-5.405460000000005
153.1547,5.333333333333333,0.0,0.0,0.0,0.0,0.0,0.0,0.0,-5.405460000000005
153.1547,5.416666666666667,0.0,0.0,0.0,0.0,0.0,0.0,0.0,-3.603639999999984
153.1547,5.5,0.0,0.0,0.0,0.0,0.0,0.0,0.0,-3.603639999999984
151.35288,5.583333333333333,-1.801819999999992,0.0,0.0,0.0,0.0,0.0,0.0,-1.801819999999992
147.74924,5.666666666666667,-3.603640000000013,0.0,0.0,0.0,0.0,0.0,0.0,1.8018200000000208
144.1456,5.75,-3.603639999999984,0.0,0.0,0.0,0.0,0.0,0.0,5.405460000000005
140.54196,5.833333333333333,-3.603640000000013,0.0,0.0,0.0,0.0,0.0,0.0,10.81092000000001
138.74014,5.916666666666667,-1.801819999999992,1.030061368941743,3.592910503758582,0.3647864190794935,0.8415265532733149,0.005224841626028,0.0,14.414559999999994
140.54196,6.0,1.801819999999992,2.7799331871063586,3.592910503758582,0.3647864190794935,1.5727196251174618,0.005224841626028,0.0,14.414559999999994
142.34378,6.083333333333333,1.8018200000000208,3.5071892538956986,6.834278306105299,0.3647864190794935,2.199189392554262,0.005224841626028,0.0,16.216380000000015
144.1456,6.166666666666667,1.801819999999992,4.684955746804602,9.73569120026373,0.7059934509480141,2.72654603260554,0.020202720953975,0.0,18.018200000000007
147.74924,6.25,3.603639999999984,5.142911790490635,9.73569120026373,0.7059934509480141,3.160399722293116,0.020202720953975,0.0,19.820020000000028
147.74924,6.333333333333333,0.0,5.518546777375365,12.308736979457466,0.7059934509480141,3.50636063863881,0.0438886696586354,0.0,23.423660000000012
149.55106,6.416666666666667,1.8018200000000208,6.037744815873843,14.565003436910084,0.7059934509480141,3.7700389586644496,0.0438886696586354,0.0,27.027299999999997
149.55106,6.5,0.0,6.188753485054057,14.565003436910084,1.023544574150976,3.9570448593918544,0.0752377194148036,0.0,28.82911999999999
149.55106,6.583333333333333,0.0,6.2723323325659,16.516078365845154,1.023544574150976,4.072988517842844,0.0752377194148036,0.0,30.63094000000001
149.55106,6.666666666666667,0.0,6.2922041671926054,18.173549559486283,1.023544574150976,4.123480111039244,0.113204901897274,0.0,32.43276
149.55106,6.75,0.0,6.252091797717403,19.549004811057035,1.3173632672337936,4.123480111039244,0.113204901897274,0.0,34.234579999999994
151.35288,6.833333333333333,1.801819999999992,6.155718032923529,19.549004811057035,1.3173632672337936,4.1141298160028725,0.156745248780841,0.0,30.63094000000001
153.1547,6.916666666666667,1.801819999999992,6.006805681594214,20.65403191378099,1.3173632672337936,4.050547809755555,0.156745248780841,0.0,25.225480000000005
154.95651999999998,7.0,1.801819999999992,5.809077552512691,21.50021866088175,1.5873730087418827,4.050547809755555,0.2048137917402989,0.0,18.018200000000007
158.56016000000002,7.083333333333333,3.6036400000000417,5.282065196225955,22.09915284558287,1.5873730087418827,3.9383442693191126,0.2048137917402989,0.0,5.405459999999977
162.1638,7.166666666666667,3.603639999999984,4.960226586587208,22.462422261107942,1.5873730087418827,3.9383442693191126,0.2563655624504422,0.0,-9.009100000000018
167.56926,7.25,5.405460000000005,4.604463434329183,22.462422261107942,1.8334972772206553,3.783129371715368,0.2563655624504422,0.0,-25.225480000000005
171.1729,7.333333333333333,3.603639999999984,4.218498548235115,22.601614700680564,1.8334972772206553,3.783129371715368,0.3103555925860651,0.0,-41.44185999999999
176.57836,7.416666666666667,5.405460000000005,3.3708548096717847,22.5283179575243,1.8334972772206553,3.590513293966143,0.3103555925860651,0.0,-57.658240000000006
178.38018,7.5,1.801819999999992,2.916621574768986,22.25411982486274,1.8334972772206553,3.590513293966143,0.3657389138219624,0.0,-68.46916
180.182,7.583333333333333,1.8018200000000208,1.9659464176372856,21.790608095919467,2.0556595512155287,3.3661062130932597,0.3657389138219624,0.0,-77.47826
181.98382,7.666666666666667,1.801819999999992,0.9838117359590038,21.790608095919467,2.0556595512155287,3.3661062130932597,0.4214705578329282,0.0,-84.68554
183.78564,7.75,1.801819999999992,0.0,21.149370563918055,2.0556595512155287,3.1155183061185387,0.4214705578329282,0.0,-86.48736
181.98382,7.833333333333333,-1.801819999999992,0.0,20.341995022082084,2.253783309271916,3.1155183061185387,0.4765055562937567,0.0,-84.68554
178.38018,7.916666666666667,-3.603640000000013,0.0,19.380069263635143,2.253783309271916,2.8443597500638047,0.4765055562937567,0.0,-77.47826
172.97472,8.0,-5.405460000000005,0.0,19.380069263635143,2.253783309271916,2.8443597500638047,0.5297989408792427,0.0,-70.27097999999998
163.96562,8.083333333333334,-9.00909999999999,0.0,18.275181081800824,2.4277920299352314,2.8443597500638047,0.5297989408792427,0.0,-59.46006
153.1547,8.166666666666666,-10.81092000000001,0.0,17.038918269802686,2.4277920299352314,2.558240721950878,0.5803057432641803,0.0,-50.45095999999998
142.34378,8.25,-10.810919999999982,0.0,17.038918269802686,2.4277920299352314,2.558240721950878,0.5803057432641803,0.0,-39.64004
129.73104,8.333333333333334,-12.612740000000002,0.0,15.682868620864326,2.4277920299352314,2.558240721950878,0.6269809951233641,0.0,-27.027299999999997
118.92012,8.416666666666666,-10.81092000000001,0.0,14.218619928209325,2.5776091917508905,2.2627713988015805,0.6269809951233641,0.0,-14.414559999999994
109.91102,8.5,-9.009100000000004,0.0,14.218619928209325,2.5776091917508905,2.2627713988015805,0.6687797281315883,0.0,-1.801819999999992
102.70374,8.583333333333334,-7.207279999999983,0.0,12.65775998506126,2.5776091917508905,2.2627713988015805,0.6687797281315883,0.0,12.612740000000002
97.29828,8.666666666666666,-5.405460000000005,0.0,11.011876584643725,2.7031582732643056,1.9635619576377348,0.7046569739636475,0.0,27.027299999999997
97.29828,8.75,0.0,0.0,11.011876584643725,2.7031582732643056,1.9635619576377348,0.7046569739636475,0.0,36.036400000000015
97.29828,8.833333333333334,0.0,0.0,9.292557520180289,2.7031582732643056,1.9635619576377348,0.7335677642943359,0.0,45.0455
100.90192,8.916666666666666,3.603639999999984,0.0,9.292557520180289,2.7031582732643056,1.9635619576377348,0.7335677642943359,0.0,48.64914000000002
102.70374,9.0,1.8018200000000208,0.0,7.511390584894526,2.804362753020893,1.6662225754811628,0.7544671307984481,0.0,50.45095999999998
104.50556,9.083333333333334,1.801819999999992,0.0,7.511390584894526,2.804362753020893,1.6662225754811628,0.7544671307984481,0.0,54.05460000000002
102.70374,9.166666666666666,-1.801819999999992,0.0,5.67996357201004,2.804362753020893,1.6662225754811628,0.7663101051507784,0.0,55.856420000000014
102.70374,9.25,0.0,0.0,5.67996357201004,2.8811461095660675,1.6662225754811628,0.7663101051507784,0.0,57.658240000000006
102.70374,9.333333333333334,0.0,0.0,3.809864274750405,2.8811461095660675,1.376363429353688,0.7680517190261211,0.0,55.856420000000014
104.50556,9.416666666666666,1.801819999999992,0.0,3.809864274750405,2.8811461095660675,1.376363429353688,0.7680517190261211,0.0,52.25277999999997
108.1092,9.5,3.603639999999998,0.0,1.9126804863391924,2.8811461095660675,1.376363429353688,0.7586470040992705,0.0,48.649139999999974
115.31648,9.583333333333334,7.2072800000000115,0.0,1.9126804863391924,2.9334318214452413,1.376363429353688,0.7586470040992705,0.0,39.64003999999997
124.32558,9.666666666666666,9.00909999999999,0.0,0.0,2.9334318214452413,1.0995946962771312,0.7586470040992705,0.0,28.82911999999999
133.33468000000002,9.75,9.009100000000018,0.0,0.0,2.9334318214452413,1.0995946962771312,0.7370509920450214,0.0,19.82001999999997
142.34378,9.833333333333334,9.00909999999999,0.0,0.0,2.9611433672038325,1.0995946962771312,0.7370509920450214,0.0,10.810919999999982
149.55106,9.916666666666666,7.207279999999997,0.0,0.0,2.9611433672038325,1.0995946962771312,0.7022187145381678,0.0,3.603639999999984
153.1547,10.0,3.603639999999984,0.0,0.0,2.9611433672038325,0.841526553273315,0.7022187145381678,0.0,0.0
158.56016000000002,10.083333333333334,5.4054600000000335,0.0,0.0,2.964204225387253,0.841526553273315,0.6531052032535043,0.0,-5.4054600000000335
158.56016000000002,10.166666666666666,0.0,0.0,0.0,2.964204225387253,0.841526553273315,0.6531052032535043,0.0,-5.4054600000000335
160.36198000000002,10.25,1.801819999999992,0.0,0.0,2.964204225387253,0.841526553273315,0.6531052032535043,0.0,-7.207280000000026
158.56016000000002,10.333333333333334,-1.801819999999992,0.0,0.0,2.942537874540918,0.841526553273315,0.5886654898658255,0.0,-5.4054600000000335
156.75833999999998,10.416666666666666,-1.801820000000049,0.0,0.0,2.942537874540918,0.6077691773640612,0.5886654898658255,0.0,-3.603639999999984
156.75833999999998,10.5,0.0,0.0,0.0,2.942537874540918,0.6077691773640612,0.5078546060499248,0.0,-3.603639999999984
154.95651999999998,10.583333333333334,-1.801819999999992,0.0,0.0,2.942537874540918,0.6077691773640612,0.5078546060499248,0.0,-1.801819999999992
153.1547,10.666666666666666,-1.801819999999992,0.0,0.0,2.8960677932102414,0.6077691773640612,0.5078546060499248,0.0,0.0
153.1547,10.75,0.0,0.0,0.0,2.8960677932102414,0.6077691773640612,0.4096275834805979,0.0,3.603639999999984
153.1547,10.833333333333334,0.0,0.0,0.0,2.8960677932102414,0.403932745571191,0.4096275834805979,0.0,7.207280000000026
153.1547,10.916666666666666,0.0,1.173278897029671,3.592910503758582,4.2838631362586135,1.9747823116813787,0.4183356528573113,0.3357236074162144,18.018200000000007
153.1547,11.0,0.0,2.104313552337419,6.834278306105299,4.2838631362586135,3.339676045790453,0.301647523209352,0.3357236074162144,36.036400000000015
153.1547,11.083333333333334,0.0,2.484573502520422,6.834278306105299,4.2838631362586135,4.509086278339146,0.3266106554225971,0.6274301196378586,57.658240000000006
153.1547,11.166666666666666,0.0,2.8109734480827613,9.73569120026373,5.55238415706958,5.493485339768198,0.3266106554225971,0.6274301196378586,84.68554
153.1547,11.25,0.0,3.3111280664252187,12.308736979457466,5.55238415706958,6.949139271030304,0.2298930315452333,0.8773576940477068,108.1092
153.1547,11.333333333333334,0.0,3.4893501097452133,12.308736979457466,5.55238415706958,6.780833960375642,0.2298930315452333,0.8773576940477068,131.53286000000003
153.1547,11.416666666666666,0.0,3.622646889524306,14.565003436910084,6.701248248370215,7.273033491090168,0.2821414478055137,1.0877444880285343,151.35287999999997
153.1547,11.5,0.0,3.7132520910324343,16.516078365845154,6.701248248370215,7.622111172447989,0.1253961990246728,1.0877444880285343,165.76744000000002
153.1547,11.583333333333334,0.0,3.76339939953954,18.173549559486283,6.701248248370215,7.838539334889837,0.1886748364954568,1.2608286589631166,176.57836000000003
153.1547,11.666666666666666,0.0,3.7512550786304417,18.173549559486283,7.730072802887589,7.93279030885645,0.1886748364954568,1.2608286589631166,183.78564
156.75833999999998,11.75,3.603639999999984,3.693430819754117,19.549004811057035,7.730072802887589,7.788172412293922,0.2612420813014017,1.3988483642342262,183.78564
160.36198000000002,11.833333333333334,3.6036400000000417,3.604083408956528,20.65403191378099,7.730072802887589,7.788172412293922,0.2612420813014017,1.3988483642342262,181.98382
171.1729,11.916666666666666,10.810919999999982,3.485446531507615,21.50021866088175,8.63847521334878,7.669486000632263,0.3413563195671648,1.5040417612246404,171.1729
189.1911,12.0,18.018200000000007,3.3397538726773166,21.50021866088175,8.63847521334878,7.460039391817571,0.3413563195671648,1.5040417612246404,153.1547
210.81294,12.083333333333334,21.62183999999999,3.1692391177355725,22.09915284558287,8.63847521334878,7.460039391817571,0.4272759374174036,1.5786470073171328,131.53286
237.84024,12.166666666666666,27.027299999999997,2.76267806059751,22.462422261107942,8.441575798565761,7.170304916290581,0.4272759374174036,1.5786470073171328,102.70373999999998
261.2639,12.25,23.423659999999984,2.531099128941069,22.601614700680564,9.426072872480852,7.170304916290581,0.5172593209767753,1.624902259894478,77.47826000000003
284.68756,12.333333333333334,23.42366000000004,2.283632842252943,22.5283179575243,9.203834077031392,6.730342367179245,0.5172593209767753,1.6450456763394512,50.45096000000001
304.50757999999996,12.416666666666666,19.820019999999943,1.7499729448613914,22.5283179575243,9.203834077031392,6.730342367179245,0.6095648563699373,1.6450456763394512,27.027300000000025
318.92214,12.5,14.414560000000051,1.4682467046978458,22.25411982486274,10.092483173010889,6.311449149549862,0.6095648563699373,1.641315414034826,9.00909999999999
329.73306,12.583333333333334,10.81092000000001,0.8861700677849107,21.790608095919467,9.844828475440403,6.311449149549862,0.702450929721547,1.641315414034826,-7.207280000000026
336.94034,12.666666666666666,7.207279999999969,0.0,21.149370563918055,9.844828475440403,5.843685056530384,0.702450929721547,1.6159496303633782,-18.01819999999998
340.54398,12.75,3.603639999999984,0.0,21.149370563918055,9.57168135429431,5.843685056530384,0.7941759271562611,1.5711864827078834,-27.027300000000025
342.3458,12.833333333333334,1.8018200000000208,0.0,20.341995022082084,10.364176386519858,5.815634171421273,0.7941759271562611,1.5092641284511146,-34.234579999999994
342.3458,12.916666666666666,0.0,0.0,19.380069263635143,10.364176386519858,5.309471533452435,0.8829982347987377,1.5092641284511146,-37.838220000000035
342.3458,13.0,0.0,0.0,18.275181081800824,10.065460320343568,5.309471533452435,0.8829982347987377,1.432420724975848,-41.44186000000002
342.3458,13.083333333333334,0.0,0.0,18.275181081800824,10.76149520299683,5.309471533452435,0.9671762387736338,1.3428944296648575,-45.0455
340.54398,13.166666666666666,-1.8018200000000208,0.0,17.038918269802686,10.437133670335758,4.775382680974971,0.9671762387736338,1.2429233999009184,-46.84731999999997
338.74216,13.25,-1.801819999999964,0.0,15.682868620864326,10.437133670335758,4.775382680974971,1.0449683252056068,1.134745793066805,-48.64913999999999
335.13852,13.333333333333334,-3.603639999999984,0.0,15.682868620864326,10.686318796997954,4.775382680974971,1.0449683252056068,1.020599766545292,-50.45096000000001
331.53488,13.416666666666666,-3.6036400000000417,0.0,14.218619928209325,10.686318796997954,4.223839944429617,1.1146328802193135,0.9027234777191544,-52.25277999999997
327.93124,13.5,-3.603639999999984,0.0,12.65775998506126,10.310436767003562,4.223839944429617,1.1146328802193135,0.7833550839711672,-54.05459999999999
322.52578,13.583333333333334,-5.405460000000005,0.0,12.65775998506126,10.310436767003562,4.223839944429617,1.1744282899394125,0.6647327426841043,-55.85641999999996
318.92214,13.666666666666666,-3.603639999999984,0.4120245475766971,11.011876584643725,10.885590376873122,4.226333356439315,1.1752990968770838,0.5490946112407415,-57.658240000000035
313.51667999999995,13.75,-5.405460000000062,0.0,17.03539139754477,4.948700328583776,5.770129402244272,0.7739732062022862,1.2247197198543502,-219.82203999999996
308.11122,13.833333333333334,-5.405459999999948,0.0,16.34860626771309,4.919410285020996,5.770129402244272,0.812753141826583,1.0832681732629854,-218.02022
304.50757999999996,13.916666666666666,-3.6036400000000417,0.0,14.787746324565028,4.919410285020996,5.685353393914517,0.812753141826583,0.9400261007654004,-218.02021999999997
300.90394,14.0,-3.603639999999984,0.0,14.086459088092663,4.934766956330032,5.6273815646890215,0.8426508466866324,0.7976792912209252,-218.02022
297.3003,14.083333333333334,-3.603639999999984,0.0782185931353114,14.68614475252424,5.271156477025669,5.348618102004704,0.8458438054580939,0.6589135334888899,-218.02022
293.69666,14.166666666666666,-3.603639999999984,0.1402875701558279,14.281236643873296,5.271156477025669,5.515676706654518,0.8699361307336677,0.5264146164286243,-214.41658
290.09302,14.25,-3.603639999999984,0.1656382335013614,14.281236643873296,5.242233736444899,5.656305144001525,0.8742901654220243,0.4028683288994574,-209.01112
284.68756,14.333333333333334,-5.405460000000005,0.2057164716196254,13.596197585059356,5.56464397201404,5.0228538229375665,0.8917063041754512,0.1933767978717394,-200.00202
279.2821,14.416666666666666,-5.405460000000005,0.2207418710950145,15.204351197055445,5.56464397201404,5.061501709087896,0.8963506078430317,0.112803132091848,-189.1911
273.87664,14.5,-5.405460000000005,0.2326233406496808,14.783090720078842,5.520196212924149,5.1318159277614,0.9062197531366402,0.0134289442966485,-180.182
266.66936000000004,14.583333333333334,-7.207279999999969,0.2415097926349537,14.783090720078842,5.79968911849511,5.181684167955375,0.9218942780147245,0.0,-169.37108000000003
261.2639,14.666666666666666,-5.405460000000062,0.250893293302636,14.132413253403628,5.79968911849511,4.536264469244863,0.911734863741892,0.0,-160.36198
93.69464,20.333333333333332,-167.56926,0.4863439460936384,17.413901814278443,6.297337807600253,5.606686245008519,0.9394265243598406,0.0,9.009100000000004
90.091,20.416666666666668,-3.603639999999998,0.5836756543614592,16.376377558098955,6.444859325778347,6.595074765653089,0.9152180914925774,0.0,14.414559999999994
86.48736,20.5,-3.603640000000013,0.7431434218210256,18.402232434565654,6.468658469367889,7.427874376892458,0.9619513971476058,0.0,19.820020000000017
82.88372,20.583333333333332,-3.603639999999998,0.8024669168803207,18.993576946277955,6.9804690171706705,7.449567061376837,0.9619513971476058,0.0,27.027299999999997
79.28008000000001,20.666666666666668,-3.603639999999984,0.849512516959384,21.13059727521201,7.0513974045201895,8.02803864762694,0.9859856686273348,0.0,34.23457999999998
79.28008000000001,20.75,0.0,0.9205202801275304,21.504931140650218,7.092964723158076,8.412647450122963,0.9859856686273348,0.0,37.83821999999999
81.0819,20.833333333333332,1.801819999999992,0.9229384413683496,22.915097676558094,7.569291407962518,8.764218543490482,0.9557976947880616,0.0,39.64004
84.68554,20.916666666666668,3.603639999999998,0.9268289555796542,24.361562891845686,7.495125085164168,8.370010104757117,1.008046111048342,0.0,39.64004
90.091,21.0,5.405460000000005,0.9214198218373126,24.448558166578575,7.622778506678685,8.524601649358438,1.0350411261161534,0.0,37.83821999999999
93.69464,21.083333333333332,3.603639999999998,0.8898986924499841,25.438667198131615,7.993489842182824,8.540559486220511,1.0246494966599422,0.0,37.83821999999999
97.29828,21.166666666666668,3.603639999999998,0.8669158787168478,26.12695289744986,7.918313436183946,8.487325139813441,1.052341157277891,0.0,37.83822000000001
100.90192,21.25,3.603639999999984,0.7994545384967972,26.817594836652333,8.015124506527462,8.427483251580671,1.0712086409274368,0.0,39.64004
102.70374,21.333333333333332,1.8018200000000208,0.736441775739883,27.056766723000763,7.98262498025796,7.797273366129324,1.0601784197169333,0.0,39.64004
104.50556,21.416666666666668,1.801819999999992,0.6679507745354634,26.655993265499877,8.387639592520094,7.730449924269398,1.1402926579826964,0.0,41.44185999999999
106.30738,21.5,1.8018200000000064,0.6338478235471146,26.5257174172906,8.467440050215664,7.580845203687475,1.1004677540331935,0.0,41.44185999999998
109.91102,21.583333333333332,3.603639999999984,0.5952271903904649,26.75276080199377,8.397734928219649,7.34023094475155,1.140989303532833,0.0,39.64004000000001
113.51466,21.666666666666668,3.603639999999998,0.5062198257882138,26.23855247769732,8.766921330937809,7.267921996470287,1.0857801436844703,0.0,36.036400000000015
117.1183,21.75,3.603640000000013,0.4567265684505885,25.547997364050865,8.742653250635566,6.53548221862129,1.1757635272438418,0.0,34.234579999999994
120.72194,21.833333333333332,3.603639999999998,0.4045025771606141,24.729522642079367,8.722632111062818,6.459183811124509,1.1487685121760305,0.0,30.630939999999995
124.32558,21.916666666666668,3.603639999999998,0.2936493409395692,24.558148809165893,9.055875522055128,6.159974369960665,1.1438339395292263,0.0,28.82911999999999
127.92922,22.0,3.603639999999998,0.1772340135569821,23.420922947989872,9.02658547849235,6.159974369960665,1.260057638810428,0.0,27.027299999999983
131.53286,22.083333333333332,3.603639999999998,0.0588304914447569,22.10499405757961,8.957033399405507,6.055749747955259,1.260057638810428,0.0,25.225479999999976
135.1365,22.166666666666668,3.603640000000013,0.0,22.10499405757961,8.957033399405507,5.721632538655632,1.259186831872756,0.0,23.423660000000012
140.54196,22.25,5.405459999999977,0.0,20.62484687946459,9.219891725375854,5.328920147128085,1.259186831872756,0.0,19.820020000000028
142.34378,22.333333333333332,1.8018200000000208,0.0,20.023643280435255,9.100655663865744,4.967375405721772,1.3659477624312624,0.0,19.82002
145.94742,22.416666666666668,3.603639999999984,0.0,18.994966155174293,9.061275780909138,4.887586221411413,1.2353267217805617,0.0,18.018200000000007
147.74924,22.5,1.801819999999992,0.0,17.229836626238193,9.322288861904113,4.887586221411413,1.3339601209208016,0.0,18.018200000000007
149.55106,22.583333333333332,1.8018200000000208,0.0,16.457172368739357,9.102613535183266,4.490011676464953,1.3339601209208016,0.0,16.216379999999987
149.55106,22.666666666666668,0.0,0.0,14.496412003599282,9.10876801597167,4.410721174556534,1.4222018906048308,0.0,16.216379999999987
151.35288,22.75,1.801819999999992,0.0,14.496412003599282,9.10876801597167,4.1140051454023885,1.4222018906048308,0.0,14.414559999999994
151.35288,22.833333333333332,0.0,0.0,12.436614687637103,9.07603892533841,3.720046047869992,1.497787932794703,0.0,14.414559999999994
153.1547,22.916666666666668,1.801819999999992,0.0,11.461077223169564,9.064899664096902,3.720046047869992,1.497787932794703,0.0,12.612740000000002
154.95651999999998,23.0,1.801819999999992,0.0,10.292265162382291,9.064899664096902,3.642750275569332,1.558454149452473,0.0,10.81092000000001
156.75833999999998,23.083333333333332,1.801819999999992,0.0,9.26358803712133,8.903244739963277,3.243804354017538,1.558454149452473,0.0,9.009100000000018
158.56016000000002,23.166666666666668,1.801820000000049,0.0,8.077848169364323,8.903244739963277,3.238194176995716,1.6019364425401952,0.0,7.207279999999969
160.36198000000002,23.25,1.801819999999992,0.0,7.003273754074675,8.869644382667607,3.0505649232658874,1.6019364425401952,0.0,5.405459999999977
162.1638,23.333333333333332,1.801819999999992,0.0,5.8078484501126795,8.688092909128299,2.9767599277788057,1.6367687200470489,0.0,5.405460000000005
163.96562,23.416666666666668,1.801819999999992,0.0,4.694619115559079,8.623220602596085,2.58030741823671,1.6259707140199242,0.0,5.405460000000005
165.76744,23.5,1.801819999999992,0.0,3.5499772325062753,8.265594329119656,2.58030741823671,1.6457090046071414,0.0,5.405460000000005
165.76744,23.583333333333332,0.0,0.0,3.5499772325062753,8.195577624999567,2.58030741823671,1.6282928658537146,0.0,7.207279999999997
165.76744,23.666666666666668,0.0,0.0,2.3811651717190028,8.31075265981733,2.1250103852657256,1.6282928658537146,0.0,10.81092000000001
165.76744,23.75,0.0,0.0,2.3811651717190028,7.827386001191019,2.1250103852657256,1.6311955556459523,0.0,14.414560000000025
165.76744,23.833333333333332,0.0,0.0,1.195425303961995,7.827386001191019,2.0595583200111345,1.6066388000036207,0.0,19.820020000000028
165.76744,23.916666666666668,0.0,0.0,1.195425303961995,7.457740469745345,2.0595583200111345,1.5909642751255364,0.0,23.423660000000012
165.76744,0.0,0.0,0.0,0.0,7.457740469745345,1.6905333425757256,1.558744418431697,0.0,28.829120000000017
165.76744,0.0833333333333333,0.0,0.0,0.0,6.96036499533057,1.628198042333258,1.5227510650079483,0.0,36.036399999999986
165.76744,0.1666666666666666,0.0,0.0,0.0,6.96036499533057,1.628198042333258,1.5227510650079483,0.0,41.44186000000002
165.76744,0.25,0.0,0.0,0.0,6.476807033067795,1.628198042333258,1.482345623099998,0.0,48.64914000000002
167.56926,0.3333333333333333,1.8018200000000208,0.0,0.0,6.453571992402456,1.628198042333258,1.424291827255242,0.0,54.05459999999999
169.37108,0.4166666666666667,1.801819999999992,0.0,0.0,5.889748947410869,1.2841071849948364,1.3751783159705786,0.0,57.65823999999998
171.1729,0.5,1.801819999999992,0.0,0.0,5.894340234686,1.2297508031834044,1.293322463829473,0.0,61.26188000000002
172.97472,0.5833333333333334,1.801819999999992,0.0,0.0,5.858665068051199,1.2297508031834044,1.293322463829473,0.0,61.26188000000002
176.57836,0.6666666666666666,3.603640000000013,0.0,0.0,5.858665068051199,1.2297508031834044,1.2349783990054932,0.0,61.26187999999999
180.182,0.75,3.603640000000013,0.0,0.0,5.826165541781696,1.2297508031834044,1.127578876692695,0.0,59.46006
185.58746,0.8333333333333334,5.405460000000005,0.0,0.0,5.778011988450139,0.918074301971066,1.127578876692695,0.0,54.05459999999999
189.1911,0.9166666666666666,3.603639999999984,0.0,0.0,5.778011988450139,0.918074301971066,0.924796967806962,0.0,48.64913999999999
194.59656,1.0,5.405460000000005,0.0,0.0,5.708306866454124,0.8731928857964892,0.924796967806962,0.0,41.44185999999999
201.80384,1.0833333333333333,7.207279999999969,0.0,0.0,5.647636665698518,0.8731928857964892,0.924796967806962,0.0,32.43276000000003
207.2093,1.1666666666666667,5.4054600000000335,0.0,0.0,5.647636665698518,0.8731928857964892,0.6827126391343299,0.0,25.225480000000005
214.41658,1.25,7.207279999999997,0.0,0.0,5.647636665698518,0.6014109767393289,0.6827126391343299,0.0,16.216380000000015
221.62386,1.3333333333333333,7.207279999999997,0.0,0.0,5.4673860568871655,0.6014109767393289,0.6827126391343299,0.0,7.207279999999969
227.02932,1.4166666666666667,5.405459999999977,0.0,0.0,5.4673860568871655,0.6014109767393289,0.4882324230543977,0.0,0.0
232.43478,1.5,5.4054600000000335,0.0,0.0,5.4673860568871655,0.5675005734074264,0.4882324230543977,0.0,-7.207280000000026
234.2366,1.5833333333333337,1.801819999999992,0.0,0.0,5.237107119106911,0.5675005734074264,0.4882324230543977,0.0,-10.81092000000001
237.84024,1.6666666666666663,3.603639999999984,0.0,0.0,5.237107119106911,0.3430934925345428,0.2612420813014015,0.0,-16.216379999999987
239.64206,1.75,1.8018200000000208,0.0,0.0,5.237107119106911,0.3430934925345428,0.2612420813014015,0.0,-21.62184000000002
239.64206,1.8333333333333337,0.0,0.0,0.0,4.956646809448582,0.3430934925345428,0.2612420813014015,0.0,-25.225480000000005
237.84024,1.9166666666666663,-1.8018200000000208,0.0,0.0,4.956646809448582,0.3430934925345428,0.0,0.0,-28.82911999999999
236.03842,2.0,-1.801819999999992,0.0,0.0,4.956646809448582,0.3216501492511338,0.0,0.0,-30.63093999999998
234.2366,2.0833333333333335,-1.801819999999992,0.0,0.0,4.625852085003008,0.3216501492511338,0.0,0.0,-34.23458000000002
232.43478,2.1666666666666665,-1.801819999999992,0.0,0.0,4.625852085003008,0.1520981325916215,0.0,0.0,-37.83822000000001
230.63296000000005,2.25,-1.801819999999992,0.0,0.0,4.502024736217766,0.1520981325916215,0.0,0.0,-39.64004000000003
228.83114,2.3333333333333335,-1.801820000000049,0.0,0.0,4.24456990286102,0.1520981325916215,0.0,0.0,-41.44185999999996
227.02932,2.4166666666666665,-1.801819999999992,0.0,0.0,4.107996342287972,0.1520981325916215,0.0,0.0,-43.24367999999998
225.2275,2.5,-1.801819999999992,0.0,0.0,3.812647220113444,0.1520981325916215,0.0,0.0,-45.045499999999976
223.42568,2.5833333333333335,-1.801819999999992,0.0,0.0,3.812647220113444,0.1446178965625254,0.0,0.0,-45.0455
221.62386,2.6666666666666665,-1.801819999999992,0.0,0.0,3.663289187025299,0.0374011801454805,0.0,0.0,-45.0455
218.02022,2.75,-3.603640000000013,0.0,0.0,3.3299309938511117,0.0374011801454805,0.0,0.0,-43.24368000000001
214.41658,2.8333333333333335,-3.603639999999984,0.0,0.0,3.1677502275205756,0.0374011801454805,0.0,0.0,-43.24368000000001
209.01112,2.9166666666666665,-5.405460000000005,0.0,0.0,3.1677502275205756,0.0374011801454805,0.0,0.0,-39.64004
205.40748,3.0,-3.603639999999984,0.0,0.0,2.6212264208646303,0.0374011801454805,0.0,0.0,-36.036400000000015
200.00202,3.0833333333333335,-5.4054600000000335,0.0,0.0,2.6212264208646303,0.0374011801454805,0.0,0.0,-32.43275999999997
194.59656,3.1666666666666665,-5.405459999999977,0.0,0.0,2.0235647241482915,0.0374011801454805,0.0,0.0,-27.027299999999997
190.99292,3.25,-3.603640000000013,0.0,0.0,2.0235647241482915,0.0,0.0,0.0,-23.423659999999984
187.38928,3.3333333333333335,-3.603639999999984,0.0,0.0,1.5754906248838565,0.0,0.0,0.0,-21.62184000000002
183.78564,3.4166666666666665,-3.603640000000013,0.0,0.0,1.5754906248838565,0.0,0.0,0.0,-18.018200000000007
180.182,3.5,-3.603639999999984,0.0,0.0,1.0889483258922488,0.0,0.0,0.0,-14.414560000000025
178.38018,3.5833333333333335,-1.8018200000000208,0.0,0.0,1.0889483258922488,0.0,0.0,0.0,-12.612740000000002
176.57836,3.6666666666666665,-1.801819999999992,0.0,0.0,0.5638230449915879,0.0,0.0,0.0,-10.81092000000001
174.77653999999998,3.75,-1.8018200000000208,0.0,0.0,0.5638230449915879,0.0,0.0,0.0,-7.207279999999969
171.1729,3.8333333333333335,-3.603639999999984,0.0,0.0,0.0,0.0,0.0,0.0,-3.603639999999984
169.37108,3.9166666666666665,-1.801819999999992,0.0,0.0,0.0,0.0,0.0,0.0,-1.801819999999992
169.37108,4.0,0.0,0.0,0.0,0.0,0.0,0.0,0.0,0.0
167.56926,4.083333333333333,-1.801819999999992,0.0,0.0,0.0,0.0,0.0,0.0,1.801819999999992
167.56926,4.166666666666667,0.0,0.0,0.0,0.0,0.0,0.0,0.0,0.0
167.56926,4.25,0.0,0.0,0.0,0.0,0.0,0.0,0.0,0.0
165.76744,4.333333333333333,-1.8018200000000208,0.0,0.0,0.0,0.0,0.0,0.0,1.8018200000000208
165.76744,4.416666666666667,0.0,0.0,0.0,0.0,0.0,0.0,0.0,0.0
165.76744,4.5,0.0,0.0,0.0,0.0,0.0,0.0,0.0,-3.603639999999984
165.76744,4.583333333333333,0.0,0.0,0.0,0.0,0.0,0.0,0.0,-5.405459999999977
165.76744,4.666666666666667,0.0,0.0,0.0,0.0,0.0,0.0,0.0,-7.207279999999969
167.56926,4.75,1.8018200000000208,0.0,0.0,0.0,0.0,0.0,0.0,-10.810920000000038
167.56926,4.833333333333333,0.0,0.0,0.0,0.0,0.0,0.0,0.0,-12.61274000000003
167.56926,4.916666666666667,0.0,0.0,0.0,0.0,0.0,0.0,0.0,-12.61274000000003
169.37108,5.0,1.801819999999992,0.0,0.0,0.0,0.0,0.0,0.0,-14.414560000000025
169.37108,5.083333333333333,0.0,0.0,0.0,0.0,0.0,0.0,0.0,-12.61274000000003
167.56926,5.166666666666667,-1.801819999999992,0.0,0.0,0.0,0.0,0.0,0.0,-10.810920000000038
167.56926,5.25,0.0,0.0,0.0,0.0,0.0,0.0,0.0,-10.810920000000038
167.56926,5.333333333333333,0.0,0.0,0.0,0.0,0.0,0.0,0.0,-10.810920000000038
165.76744,5.416666666666667,-1.8018200000000208,0.0,0.0,0.0,0.0,0.0,0.0,-9.009100000000018
162.1638,5.5,-3.603639999999984,0.0,0.0,0.0,0.0,0.0,0.0,-7.207280000000026
160.36198000000002,5.583333333333333,-1.801819999999992,0.0,0.0,0.0,0.0,0.0,0.0,-5.4054600000000335
158.56016000000002,5.666666666666667,-1.801819999999992,0.0,0.0,0.0,0.0,0.0,0.0,-5.4054600000000335
156.75833999999998,5.75,-1.801820000000049,0.0,0.0,0.0,0.0,0.0,0.0,-3.603639999999984
154.95651999999998,5.833333333333333,-1.801819999999992,0.0,0.0,0.0,0.0,0.0,0.0,-1.801819999999992
154.95651999999998,5.916666666666667,0.0,0.0,0.0,0.0,0.0,0.0,0.0,-1.801819999999992
154.95651999999998,6.0,0.0,0.0,0.0,0.0,0.0,0.0,0.0,-3.603639999999984
156.75833999999998,6.083333333333333,1.801819999999992,0.0,0.0,0.0,0.0,0.0,0.0,-5.405459999999977
156.75833999999998,6.166666666666667,0.0,0.0,0.0,0.0,0.0,0.0,0.0,-7.207279999999969
156.75833999999998,6.25,0.0,0.0,0.0,0.0,0.0,0.0,0.0,-9.00909999999999
156.75833999999998,6.333333333333333,0.0,0.0,0.0,0.0,0.0,0.0,0.0,-12.612739999999974
156.75833999999998,6.416666666666667,0.0,0.0,0.0,0.0,0.0,0.0,0.0,-12.612739999999974
154.95651999999998,6.5,-1.801819999999992,0.0,0.0,0.0,0.0,0.0,0.0,-12.612739999999974
154.95651999999998,6.583333333333333,0.0,0.0,0.0,0.0,0.0,0.0,0.0,-12.612739999999974
153.1547,6.666666666666667,-1.801819999999992,0.0,0.0,0.0,0.0,0.0,0.0,-10.810919999999982
153.1547,6.75,0.0,0.0,0.0,0.0,0.0,0.0,0.0,-10.810919999999982
153.1547,6.833333333333333,0.0,0.0,0.0,0.0,0.0,0.0,0.0,-10.810919999999982
153.1547,6.916666666666667,0.0,0.0,0.0,0.0,0.0,0.0,0.0,-10.810919999999982
151.35288,7.0,-1.801819999999992,0.0,0.0,0.0,0.0,0.0,0.0,-9.00909999999999
151.35288,7.083333333333333,0.0,0.0,0.0,0.0,0.0,0.0,0.0,-9.00909999999999
149.55106,7.166666666666667,-1.801819999999992,0.0,0.0,0.0,0.0,0.0,0.0,-7.207279999999997
147.74924,7.25,-1.8018200000000208,0.0,0.0,0.0,0.0,0.0,0.0,-5.405459999999977
144.1456,7.333333333333333,-3.603639999999984,0.0,0.0,0.0,0.0,0.0,0.0,-1.801819999999992
144.1456,7.416666666666667,0.0,0.0,0.0,0.0,0.0,0.0,0.0,1.801819999999992
142.34378,7.5,-1.801819999999992,0.0,0.0,0.0,0.0,0.0,0.1342894429664857,0.0
142.34378,7.583333333333333,0.0,1.173278897029671,2.6946828778189365,0.1823932095397467,0.1122035404364419,0.0087080693767133,0.1342894429664857,1.801819999999992
142.34378,7.666666666666667,0.0,2.104313552337419,5.1257087295789745,0.1823932095397467,0.2932252523405683,0.0087080693767133,0.2509720478551434,5.405459999999977
142.34378,7.75,0.0,2.484573502520422,5.1257087295789745,0.1823932095397467,0.3635394710140719,0.0336712015899584,0.2509720478551434,10.810919999999982
142.34378,7.833333333333333,0.0,3.0857470742943813,7.3017684001977985,0.352996725474007,0.4213866296390821,0.0336712015899584,0.3509430776190827,18.018200000000007
142.34378,7.916666666666667,0.0,3.3111280664252187,9.2315527345931,0.352996725474007,0.467514751818508,0.0731477827643924,0.3509430776190827,25.225480000000005
142.34378,8.0,0.0,3.4893501097452133,10.923752577682563,0.352996725474007,0.50267186115526,0.0731477827643924,0.4350977952114138,30.63093999999998
142.34378,8.083333333333334,0.0,3.622646889524306,10.923752577682563,0.5117722870754879,0.5276059812522472,0.1253961990246728,0.4350977952114138,36.036399999999986
142.34378,8.166666666666666,0.0,3.76339939953954,12.387058774383869,0.5117722870754879,0.5276059812522472,0.1253961990246728,0.5043314635852466,39.64004
142.34378,8.25,0.0,3.7753225003155633,13.630162169614712,0.5117722870754879,0.5430651357123791,0.1886748364954568,0.5043314635852466,41.44185999999999
142.34378,8.333333333333334,0.0,3.7512550786304417,13.630162169614712,0.6586816336168968,0.5497973481385658,0.1886748364954568,0.5595393456936905,39.64004
145.94742,8.333333333333334,3.603639999999984,3.693430819754117,14.661753608292775,0.6586816336168968,0.5485506421337163,0.2612420813014017,0.5595393456936905,32.43276
142.34378,8.416666666666666,-3.603639999999984,3.604083408956528,15.490523935335746,0.6586816336168968,0.5485506421337163,0.2612420813014017,0.6016167044898562,30.63093999999998
144.1456,8.5,1.801819999999992,3.485446531507615,16.125163995661314,0.7936865043709413,0.5400730413007406,0.3413563195671648,0.6016167044898562,52.25278
147.74924,8.583333333333334,3.603639999999984,3.485446531507615,16.125163995661314,0.7936865043709413,0.5400730413007406,0.3413563195671648,0.8030508689395848,19.820020000000028
153.1547,8.666666666666666,5.405460000000005,3.463361236950326,18.81993369903627,1.0125583558186375,1.6471479736069683,0.3422271265048361,0.8328929673765817,9.009100000000018
160.36198000000002,8.75,7.207280000000026,3.309727934405087,18.81993369903627,1.0125583558186375,2.622072069399164,0.428146744355075,0.8328929673765817,-3.6036400000000417
167.56926,8.833333333333334,7.207279999999997,3.2595927611015942,21.118240637146773,1.0125583558186375,3.436669772967732,0.4306430575763995,1.0264189757405062,-14.414560000000025
172.97472,8.916666666666666,5.405459999999977,3.0932938185576213,23.036018025675254,1.340344709179136,4.139811959702769,0.5206264411357712,1.0344763423184955,-21.62183999999999
178.38018,9.0,5.405460000000005,2.9007822571118194,22.98104546830806,1.340344709179136,4.692601402252974,0.5245740992532145,1.1844328869644043,-25.225480000000005
181.98382,9.083333333333334,3.603640000000013,2.447842966810434,24.383550480807973,1.340344709179136,5.153882624047233,0.6168796346463765,1.1829407820425546,-27.027300000000025
183.78564,9.166666666666666,1.801819999999992,1.9040972284872324,25.79371701671586,1.6419565200983497,5.475532773298367,0.6168796346463765,1.3091728584310511,-27.027300000000025
181.98382,9.25,-1.801819999999992,1.3329374597818893,26.66550505059282,1.6419565200983497,5.72487397426824,0.7149905496240143,1.299026544962472,-21.62183999999999
178.38018,9.333333333333334,-3.603640000000013,0.752679879907908,26.18457690159176,1.6419565200983497,5.846053797939597,0.7149905496240143,1.384971788461023,-16.216379999999987
172.97472,9.416666666666666,-5.405460000000005,0.7550645000631127,26.614964741240488,1.9173096149762343,5.913375922201464,0.8130434108058068,1.3602028467583156,-10.810919999999982
196.39838,9.5,23.423660000000012,0.7502510157260884,27.47462427347221,1.9173096149762343,5.913375922201464,0.8130434108058068,1.4430146699209816,-36.036399999999986
167.56926,9.5,-28.82911999999999,0.7208166817913058,27.443821893839484,1.9173096149762343,5.864754388012337,0.909122442928878,1.4122773085308749,-10.810920000000038
162.1638,9.583333333333334,-5.405460000000005,0.6970893063015229,26.61515575746374,1.9173096149762343,5.77997837968258,0.909122442928878,1.4395828286007273,-12.612740000000002
156.75833999999998,9.666666666666666,-5.4054600000000335,0.6679507745354634,27.14402247440171,2.1663198202127454,5.74182917593419,1.0013118707303503,1.3995944166951515,-16.216379999999987
153.1547,9.75,-3.603639999999984,0.6338478235471146,26.591159230841313,2.1663198202127454,5.592224455352267,1.0013118707303503,1.4010865216170016,-21.62183999999999
151.35288,9.833333333333334,-1.801819999999992,0.5952271903904649,25.80116537884071,2.1663198202127454,5.385271258547274,1.0876959189473472,1.3554281110083963,-28.829120000000003
153.1547,9.916666666666666,1.801819999999992,0.552535612119502,25.8881606535736,2.3889029622078386,5.345875348794034,1.0876959189473472,1.3360307470243489,-39.64004
154.95651999999998,10.0,1.801819999999992,0.4567265684505885,24.789974134082343,2.3889029622078386,5.089053911795068,1.1663588123169912,1.3003694393921374,-48.649139999999974
156.75833999999998,10.083333333333334,1.801819999999992,0.4045025771606141,23.573518712248635,2.3889029622078386,5.089053911795068,1.1663588123169912,1.2529205028773125,-55.856419999999986
160.36198000000002,10.166666666666666,3.6036400000000417,0.2936493409395692,23.402144879335157,2.5222003266047626,4.789844470631223,1.2353847755764062,1.204427092917192,-63.06370000000001
162.1638,10.25,1.801819999999992,0.1772340135569821,21.87803749843246,2.58497486736147,4.749949878476044,1.2353847755764062,1.160260787230437,-68.46916
162.1638,10.333333333333334,0.0,0.0588304914447569,20.187774742583997,2.58497486736147,4.749949878476044,1.2928580334627149,1.1038592211845129,-70.27098000000001
160.36198000000002,10.416666666666666,-1.801819999999992,0.0,20.187774742583997,2.58497486736147,4.4158326691764165,1.302030533206186,1.007170822248643,-70.27098000000001
156.75833999999998,10.5,-3.6036400000000417,0.0,18.347289827472196,2.7544513620735955,4.376187418222207,1.3368628107130398,0.9431595211012848,-68.46915999999997
149.55106,10.583333333333334,-7.207279999999969,0.0,17.746086228442863,2.7544513620735955,4.014642676815895,1.3457450414772874,0.9100347918362184,-63.06370000000001
140.54196,10.666666666666666,-9.009100000000018,0.0,16.372515968779496,2.7544513620735955,4.014642676815895,1.3654833320645043,0.8594524349855088,-55.856419999999986
131.53286,10.75,-9.00909999999999,0.0,15.681960855133044,2.8972482727441724,4.014642676815895,1.373901132461994,0.8057366577989146,-48.64914
122.52376,10.833333333333334,-9.009100000000004,0.0,13.506722124689484,2.8972482727441724,3.5945027531816613,1.376803822254232,0.745754039940551,-41.44185999999999
113.51466,10.916666666666666,-9.009100000000004,0.0,12.659191094103008,2.8972482727441724,3.5945027531816613,1.3845830308974292,0.680847475840083,-32.43275999999999
106.30738,11.0,-7.207279999999983,0.0,11.2363032527946,2.8972482727441724,3.5945027531816613,1.3689085060193449,0.6123598599271751,-23.423660000000012
100.90192,11.083333333333334,-5.405460000000019,0.0,10.321147819885224,3.0132814257731546,3.2005436556492652,1.3758749615207155,0.5416340866314927,-18.018199999999993
97.29828,11.166666666666666,-3.603639999999984,0.0412024547576697,10.233978894040296,3.1956746353129013,3.5563535494332714,1.3767457684583868,0.4700130503827002,-10.81092000000001
93.69464,11.25,-3.603639999999998,0.0782185931353114,9.258441429572756,3.1956746353129013,3.89757698296054,1.3467319560066482,0.3988396456104626,-5.405460000000005
91.89282,11.333333333333334,-1.8018200000000064,0.1402875701558279,9.445277230191811,3.2848598571002463,3.7909836195459192,1.3467319560066482,0.3294567667444449,1.8018200000000064
90.091,11.416666666666666,-1.801819999999992,0.187398229872184,10.533307065501226,3.2848598571002463,4.037083384903182,1.2959929384383313,0.2632073082143121,7.207279999999997
88.28918,11.5,-1.8018200000000064,0.2057164716196254,9.458732650211578,3.4554633730345063,4.205139354356875,1.2959929384383313,0.2014341644497287,-9.00909999999999
86.48736,11.583333333333334,-1.8018200000000064,0.2057164716196254,9.458732650211578,3.4554633730345063,4.205139354356875,1.2959929384383313,0.2014341644497287,18.018200000000007
84.68554,11.666666666666666,-1.801819999999992,0.2207418710950145,10.42362481740923,3.517716489980169,4.366587781984866,1.3034238243064602,0.0966883989358697,25.22547999999999
82.88372,11.75,-1.8018200000000064,0.644647888226378,10.15649540440036,3.8825029090596623,4.54199931686717,1.2241803929783686,0.056401566045924,30.630939999999995
81.0819,11.833333333333334,-1.801819999999992,0.644647888226378,10.15649540440036,3.8825029090596623,4.54199931686717,1.2241803929783686,0.4592698949453813,36.0364
81.0819,11.916666666666666,0.0,1.3595234142447057,9.011853521347556,4.041278470661143,5.0192383755235035,1.2294052346043964,0.4095828010477815,45.04549999999999
82.88372,12.0,1.801819999999992,1.9072756283162504,9.74350661969821,4.041278470661143,5.407462625433593,1.1314684810142936,0.4028683288994573,50.45096000000002
82.88372,12.083333333333334,0.0,2.125670465409545,9.196246256526358,4.417722341033602,5.271072988503073,1.137796344761372,0.7529161435654304,59.46006000000001
86.48736,12.166666666666666,3.603639999999998,2.3072483881049504,9.712041975865391,4.564631687575011,5.526024366494768,1.149929588092926,0.7529161435654304,61.26187999999999
88.28918,12.25,1.8018200000000064,2.57246212781375,8.526302108108384,4.564631687575011,5.706173384195498,1.0225015062136862,1.0528292328572482,64.86551999999999
93.69464,12.333333333333334,5.405460000000005,2.655370153613306,8.94068727162987,4.890319197240139,5.817130218627091,1.0209340537258778,1.0528292328572482,63.06369999999997
97.29828,12.416666666666666,3.603639999999998,2.8314718603951397,11.655492501589238,6.30207653477241,7.319410954470564,0.8861331397743547,1.3052933856342417,61.26188000000002
79.28008000000001,12.5,-18.018199999999993,3.053807523328161,11.88009282085216,6.30207653477241,8.15133787150654,0.8825338044319798,1.3052933856342417,79.28008000000001
104.50556,12.5,25.22547999999999,3.1361534408080143,15.25768665402078,6.266401368137609,9.22238300027262,0.9101093574582388,1.5129943907557395,55.856420000000014
109.91102,12.583333333333334,5.405459999999991,3.247209946076681,18.15909954817921,7.89413373445479,10.028877114809667,0.7306070207062537,1.5129943907557395,50.45096000000002
113.51466,12.666666666666666,3.603639999999998,3.248176569957692,18.211296713018942,7.89413373445479,10.746979773602895,0.7555701529194987,1.6786180370810713,46.847320000000025
117.1183,12.666666666666666,3.603640000000013,3.1206908266769915,20.75685621352908,7.845980181123233,10.855692537225758,0.7792561016241591,1.6786180370810713,43.24368000000001
126.1274,12.75,9.00909999999999,3.0410374667246796,22.910298371233612,8.117826437541375,11.295156403935158,0.5773449996760975,1.8048501134695685,34.23458000000002
133.33468000000002,12.833333333333334,7.207280000000026,2.93411435340236,22.910298371233612,9.340336505749177,11.419827004420096,0.6086940494322657,1.8048501134695685,25.225480000000005
142.34378,12.916666666666666,9.00909999999999,2.776122983981151,24.687556401814952,9.279666304993569,11.530285156449748,0.6437585421224983,1.8943764087805592,14.414559999999966
147.74924,13.0,5.405459999999977,2.596849873794786,26.10456352095555,9.512790762964542,11.413344133194876,0.4097436910722874,1.8943764087805592,5.405460000000005
153.1547,13.083333333333334,5.405460000000005,2.2726729105613837,27.177252944337816,10.640218067782598,11.083091712510289,0.4459112058835703,1.9498827118733737,-1.801819999999992
156.75833999999998,13.166666666666666,3.603639999999984,2.0870280878195375,27.177252944337816,10.566992958875648,11.067507887449668,0.4759830721311538,1.9740548116073413,-9.00909999999999
158.56016000000002,13.25,1.801820000000049,1.6996478182565362,27.921557887644173,10.761273184072117,10.715313441079724,0.5125569635133501,1.9740548116073413,-14.414560000000025
158.56016000000002,13.333333333333334,0.0,1.2878693514914632,28.353411566557057,11.706307279350428,10.698358239413771,0.5606255064728081,1.969578496841791,-18.018200000000036
160.36198000000002,13.416666666666666,1.801819999999992,0.8299494616963043,28.48874719675888,11.707493361896503,10.377830125567003,0.5805379584475594,1.969578496841791,-23.423660000000012
160.36198000000002,13.5,0.0,0.5952271903904649,28.85201661228395,11.707493361896503,9.972401332789993,0.6596072283881169,1.939139556436054,-27.027299999999997
160.36198000000002,13.583333333333334,0.0,0.552535612119502,28.34349799393207,12.724241859666831,9.71370983678375,0.6673864370313142,1.88542377924946,-28.829120000000017
160.36198000000002,13.666666666666666,0.0,0.5062198257882138,27.93359717375906,12.700700733183153,9.431206256084888,0.7285751378516869,1.8111169541413377,-30.63094000000001
160.36198000000002,13.75,0.0,0.4045025771606141,27.8603004306028,12.700700733183153,9.110179459836178,0.7355415933530577,1.8111169541413377,-34.23458000000002
158.56016000000002,13.833333333333334,-1.801819999999992,0.3499945889722783,27.00077981926071,12.8169251898486,9.099457788194474,0.8161783157814237,1.7189048699710177,-34.23458000000002
156.75833999999998,13.916666666666666,-1.801820000000049,0.2359135701164742,27.00077981926071,13.546148291862634,8.208811018330096,0.7994588225781339,1.6114733155978291,-34.23457999999998
153.1547,14.0,-3.603639999999984,0.1180574083150804,25.920061815160864,13.546148291862634,8.208811018330096,0.8785280925186916,1.491508079881102,-32.43275999999999
151.35288,14.083333333333334,-1.801819999999992,0.1180574083150804,25.920061815160864,13.546148291862634,8.208811018330096,0.8785280925186916,1.7600869658140734,-30.630939999999995
147.74924,14.166666666666666,-3.603640000000013,0.0,24.634079633985664,13.349516702170666,7.791164506705561,0.8833465575738064,1.6302738376131374,-27.027299999999983
144.1456,14.25,-3.603639999999984,0.0,23.82670409214969,14.19276701718368,7.633580867692603,0.9331567144086068,1.493298605787322,-21.62184000000001
140.54196,14.333333333333334,-3.603640000000013,1.9554648283827851,23.15876649141753,14.38928382469377,8.1649269669594,0.936639942159292,1.5852122689732724,-16.216379999999987
136.93832,14.416666666666666,-3.603639999999984,3.5071892538956986,22.196840732970593,14.164840133432383,9.139851062751596,1.007871949660808,1.4419701964756872,-10.81092000000001
133.33468000000002,14.5,-3.603639999999984,4.140955837534036,20.40516742130459,14.2903892149458,9.642273582705885,1.0098457787195296,1.4995654464590906,0.0
131.53286,14.583333333333334,-1.8018200000000208,5.142911790490635,19.168904609306452,14.924936195199257,10.447022308836145,1.0748079762698113,1.3607996887270557,7.207279999999997
129.73104,14.666666666666666,-1.801819999999992,5.518546777375365,18.467617372834088,14.821954261856558,10.773035929104248,1.075098245249035,1.396610206851452,14.414559999999994
126.1274,14.75,-3.603640000000013,5.815583516242022,17.111567723895728,14.760977975282607,11.124607022471768,1.132223180360275,1.273063919322285,-5.405459999999991
124.32558,14.833333333333334,-1.801819999999992,5.815583516242022,17.111567723895728,14.760977975282607,11.124607022471768,1.132223180360275,1.273063919322285,25.225480000000005
122.52376,14.916666666666666,-1.8018200000000064,6.037744815873843,14.935875110586522,15.294218842048789,10.473577146739434,1.1306557278724667,1.2020397250422326,30.630939999999995
120.72194,15.0,-1.801819999999992,6.188753485054057,14.935875110586522,15.145319937688154,10.722918347709308,1.1724544608806906,1.121466059262341,36.03639999999997
120.72194,15.0,0.0,6.2922041671926054,12.65775998506126,15.145319937688154,10.641134433791189,1.178375948056856,1.1325076356840296,37.83822000000002
120.72194,15.083333333333334,0.0,6.252091797717403,12.65775998506126,15.457768264496538,10.055182611511992,1.2106538585465405,1.119078691387381,39.64004000000001
122.52376,15.166666666666666,1.801819999999992,6.155718032923529,11.011876584643725,15.471624037375834,10.042715551463496,1.2115246654842116,1.2032334089797123,37.83822000000002
124.32558,15.25,1.8018200000000064,6.006805681594214,9.292557520180289,15.471624037375834,10.042715551463496,1.2346300762304243,1.2032334089797123,37.83822000000001
126.1274,15.333333333333334,1.801819999999992,5.809077552512691,9.292557520180289,15.483320827315955,9.837507743065292,1.2299277187669992,1.2629176058537062,37.83822000000001
133.33468000000002,15.416666666666666,7.207280000000026,5.566256454462194,7.511390584894526,15.83906693555572,9.19233738555575,1.2426415000570006,1.2629176058537062,32.43275999999997
138.74014,15.5,5.405459999999977,5.282065196225955,7.511390584894526,15.675178662868062,9.044727394581583,1.231843494029876,1.2999218079155823,27.027299999999997
144.1456,15.583333333333334,5.405460000000005,4.604463434329183,5.67996357201004,15.675178662868062,8.800373017631113,1.2436864683822064,1.3160365410715609,23.423660000000012
120.72194,15.666666666666666,-23.42366,4.218498548235115,5.67996357201004,15.8908520242205,8.800373017631113,1.2329465161509263,1.3160365410715609,46.84732000000001
149.55106,15.666666666666666,28.829120000000003,3.806054737088238,3.809864274750405,15.880018848797333,7.951366228328702,1.2172719912728427,1.3130523312278608,18.018200000000007
153.1547,15.75,3.603639999999984,2.916621574768986,3.809864274750405,15.68540192920069,7.813729885393334,1.2172719912728427,1.3130523312278608,14.414560000000025
156.75833999999998,15.833333333333334,3.603639999999984,2.4470778411630763,1.9126804863391924,15.77732769698206,7.51452044422949,1.1698420400676768,1.2927597042907026,9.009100000000018
158.56016000000002,15.916666666666666,1.801820000000049,1.4769501129748512,1.9126804863391924,15.727042535533569,7.51452044422949,1.1698420400676768,1.256949186166307,3.603639999999984
160.36198000000002,16.0,1.801819999999992,0.0,0.0,15.727042535533569,6.7191220131356015,1.1534708696394556,1.2074113027608917,0.0
160.36198000000002,16.083333333333332,0.0,0.0,0.0,15.55909646991315,6.623998344965595,1.0996550008913673,1.2074113027608917,-3.6036400000000417
162.1638,16.166666666666668,1.801819999999992,0.0,0.0,15.620411713433416,6.499327744480659,1.0996550008913673,1.1459365799806784,-9.009100000000018
163.96562,16.25,1.801819999999992,0.0,0.0,15.620411713433416,6.137783003074347,1.00496925986857,1.074315543731886,-14.414559999999994
165.76744,16.333333333333332,1.801819999999992,0.0,0.0,15.57394163210274,5.707669431401319,1.00496925986857,0.9943387199207346,-21.62183999999999
165.76744,16.416666666666668,0.0,0.0,0.0,15.606104570678482,5.707669431401319,0.9558557485839064,0.907796634453444,-25.225480000000005
167.56926,16.5,1.8018200000000208,0.0,0.0,15.606104570678482,5.326177393917417,0.8840432031239435,0.8164798132362335,-30.63094000000001
167.56926,16.583333333333332,0.0,0.0,0.0,15.606104570678482,5.138922151989044,0.8840432031239435,0.7221787821753236,-34.234579999999994
167.56926,16.666666666666668,0.0,0.0,0.0,15.534010901379537,5.138922151989044,0.8196034897362646,0.6266840671769337,-36.036400000000015
167.56926,16.75,0.0,0.0,0.0,15.458178673417365,4.355367427941224,0.7351352167821448,0.5317861941472835,-37.83822000000001
165.76744,16.833333333333332,-1.8018200000000208,0.0,0.0,15.458178673417365,4.355367427941224,0.7351352167821448,0.4392756889925933,-37.83821999999999
162.1638,16.916666666666668,-3.603639999999984,0.0,0.0,15.2886464578473,4.355367427941224,0.6543243329662441,0.3509430776190828,-36.036400000000015
160.36198000000002,17.0,-1.801819999999992,0.0,0.0,15.176220805795298,3.866658674040276,0.5862272304403453,0.2685788859329716,-36.036400000000015
156.75833999999998,17.083333333333332,-3.6036400000000417,0.0,0.0,15.176220805795298,3.807315468209447,0.4880002078710184,0.1289178652478263,-34.23457999999998
153.1547,17.166666666666668,-3.603639999999984,0.0,0.0,14.969062126498503,3.467588081887997,0.4880002078710184,0.075202088061232,-32.43275999999999
149.55106,17.25,-3.603639999999984,0.0,0.0,14.75981775195753,3.0711355723459013,0.4096275834805979,0.008952629531099,-28.829120000000003
144.1456,17.333333333333332,-5.405460000000005,0.0,0.0,14.75981775195753,3.0711355723459013,0.2929394538326386,0.0,-27.027299999999997
140.54196,17.416666666666668,-3.603640000000013,0.0,0.0,14.51491782675212,3.0711355723459013,0.2929394538326386,0.0,-23.423659999999984
136.93832,17.5,-3.603639999999984,0.0,0.0,14.177842953431218,3.003314765682096,0.2929394538326386,0.0,-21.62183999999999
133.33468000000002,17.583333333333332,-3.603639999999984,0.0,0.0,14.09743689832456,2.5793100534328306,0.1567452487808409,0.0,-19.820020000000028
131.53286,17.666666666666668,-1.8018200000000208,0.0,0.0,13.925800342753394,2.298801202341726,0.1567452487808409,0.0,-18.018200000000007
129.73104,17.75,-1.801819999999992,0.0,0.0,13.501108937464153,2.298801202341726,0.1567452487808409,0.0,-18.018200000000007
127.92922,17.833333333333332,-1.8018200000000064,0.0,0.0,13.201296458647562,2.298801202341726,0.0,0.0,-18.018200000000007
126.1274,17.916666666666668,-1.8018200000000064,0.0,0.0,13.201296458647562,1.929776224906317,0.0,0.0,-16.21638
124.32558,18.0,-1.801819999999992,0.0,0.0,12.552147135725876,1.8868895383394992,0.0,0.0,-16.21638
122.52376,18.083333333333332,-1.8018200000000064,0.0,0.0,12.340992958579854,1.6618591044641906,0.0,0.0,-14.414559999999994
120.72194,18.166666666666668,-1.801819999999992,0.0,0.0,12.340992958579854,1.6618591044641906,0.0,0.0,-12.612740000000002
120.72194,18.25,0.0,0.0,0.0,11.590906980992632,1.6618591044641906,0.0,0.0,-10.81092000000001
117.1183,18.333333333333332,-3.603639999999998,0.0,0.0,11.34325228342215,1.317768247125769,0.0,0.0,-5.405460000000005
117.1183,18.416666666666668,0.0,0.0,0.0,11.182295860364984,1.317768247125769,0.0,0.0,-3.603640000000013
115.31648,18.5,-1.801819999999992,0.0,0.0,10.22000078747832,1.317768247125769,0.0,0.0,1.801819999999992
113.51466,18.583333333333332,-1.8018200000000208,0.0,0.0,10.044959027178102,1.3028077750675768,0.0,0.0,7.2072800000000115
113.51466,18.666666666666668,0.0,0.0,0.0,8.959740636590173,0.8571103783339324,0.0,0.0,9.009100000000004
111.71284,18.75,-1.801819999999992,0.0,0.0,8.771799621592976,0.8571103783339324,0.0,0.0,12.612740000000002
109.91102,18.833333333333332,-1.8018200000000064,0.0,0.0,8.447438088931904,0.8571103783339324,0.0,0.0,16.21638
109.91102,18.916666666666668,0.0,0.0,0.0,7.562058614902943,0.8571103783339324,0.0,0.0,18.018200000000007
108.1092,19.0,-1.801819999999992,0.0,0.0,7.2119750943025025,0.8571103783339324,0.0,0.0,21.62184000000001
108.1092,19.083333333333332,0.0,0.0,0.0,6.255960170291169,0.5853284692767721,0.0,0.0,21.62184000000001
108.1092,19.166666666666668,0.0,0.0,0.0,5.851538006988935,0.5385769940949213,0.0,0.0,21.62184000000001
109.91102,19.25,1.801819999999992,0.0,0.0,5.851538006988935,0.5385769940949213,0.0,0.0,19.820020000000017
111.71284,19.333333333333332,1.8018200000000064,0.3128743725412456,3.143796690788759,5.535604613530908,1.380103547368236,0.005224841626028,0.0,19.82002
113.51466,19.416666666666668,1.801819999999992,0.4447893099370174,3.143796690788759,5.497081770865662,2.111296619212383,0.005224841626028,0.0,18.018200000000007
117.1183,19.5,3.603640000000013,0.6625529340054458,5.979993517842137,4.36181640655191,2.7377663866491835,0.020202720953975,0.537157771865943,16.216380000000015
120.72194,19.583333333333332,3.603639999999998,0.7495929194887363,8.518729800230764,5.044230470288952,3.0407159458275776,0.020202720953975,0.537157771865943,14.414560000000009
122.52376,19.666666666666668,1.801819999999992,0.8228658864785017,10.770144857025285,3.770401987582925,3.4745696355151536,0.0438886696586354,0.537157771865943,12.612740000000016
124.32558,19.75,1.8018200000000064,0.9304933625987236,10.770144857025285,3.770401987582925,3.820530551860848,0.0438886696586354,1.0038881914205735,12.612740000000002
126.1274,19.833333333333332,1.801819999999992,0.9660391705398148,12.744378007296325,3.089917129008476,4.084208871886487,0.0438886696586354,1.0038881914205735,12.612740000000002
127.92922,19.916666666666668,1.8018200000000064,0.9902005576086492,14.45156857011451,3.0313370418829173,4.271214772613892,0.0752377194148036,1.4037723104763309,10.810919999999996
129.73104,20.0,1.8018200000000064,1.003573173210544,14.45156857011451,3.0313370418829173,4.387158431064881,0.0752377194148036,1.4037723104763309,10.810919999999982
129.73104,20.083333333333332,0.0,1.0067526667508169,15.901855864550496,3.6189744280485527,4.26809800760177,0.113204901897274,1.7403911808456554,12.612740000000002
129.73104,20.166666666666668,0.0,1.0003346876347845,17.105379209674908,3.550319805820087,4.258747712565398,0.113204901897274,1.7403911808456554,14.414559999999994
129.73104,20.25,0.0,0.9610889090550744,18.07227792455837,3.550319805820087,4.258747712565398,0.156745248780841,2.0173258543409864,14.414559999999994
131.53286,20.333333333333332,1.801819999999992,0.9294524084020306,18.812691328271537,3.550319805820087,4.195165706318081,0.156745248780841,2.0173258543409864,16.216379999999987
131.53286,20.416666666666668,0.0,0.8906010327139511,18.812691328271537,4.011579522923058,4.195165706318081,0.2048137917402989,2.238157382774762,16.216379999999987
133.33468000000002,20.5,1.8018200000000208,0.8451304313961527,19.336758739885013,4.011579522923058,4.082962165881638,0.2048137917402989,2.238157382774762,14.414559999999966
135.1365,20.583333333333332,1.801819999999992,0.7936362538539532,19.654619478469453,4.011579522923058,3.820530551860848,0.2563655624504422,2.4064668179594246,12.612739999999974
135.1365,20.666666666666668,0.0,0.6749597677176185,19.776412863095494,4.41493254170082,3.820530551860848,0.2563655624504422,2.4064668179594246,12.612739999999974
136.93832,20.75,1.801819999999992,0.6089687579341181,19.776412863095494,4.41493254170082,3.627914474111624,0.3103555925860651,2.5258352117074123,7.207279999999997
138.74014,20.833333333333332,1.801819999999992,0.5393367695474856,19.712278212833763,4.315870662672626,3.627914474111624,0.3103555925860651,2.5258352117074123,3.603640000000013
138.74014,20.916666666666668,0.0,0.3915324545860922,19.472354846754897,4.760195210662373,3.4035073932387405,0.3657389138219624,2.5998436158311646,-1.801819999999992
140.54196,21.0,1.801819999999992,0.2363120180759761,19.06678208392953,4.760195210662373,3.4035073932387405,0.4214705578329282,2.6320730821431217,-9.00909999999999
142.34378,21.083333333333332,1.8018200000000208,0.0784406552596759,18.505699243428296,4.650936362203935,3.4035073932387405,0.4214705578329282,2.6320730821431217,-18.018200000000007
144.1456,21.166666666666668,1.801819999999992,0.0,18.505699243428296,4.650936362203935,3.1155183061185387,0.4765055562937567,2.6261046624557216,-27.027299999999997
144.1456,21.25,0.0,0.0,17.799245644321825,4.927697451846194,3.1155183061185387,0.4765055562937567,2.6261046624557216,-34.23458000000001
147.74924,21.333333333333332,3.603639999999984,0.0,16.957560605680754,4.927697451846194,2.8443597500638047,0.5297989408792427,2.5855194085814053,-46.84732
147.74924,21.416666666666668,0.0,0.0,16.957560605680754,4.7979528387817645,2.8443597500638047,0.5297989408792427,2.513898372332614,-52.25277999999999
147.74924,21.5,0.0,0.0,15.99078344657572,5.145970280108395,2.8443597500638047,0.5803057432641803,2.4148226055217834,-57.65823999999998
147.74924,21.583333333333332,0.0,0.0,14.909053486077353,5.00593687186822,2.558240721950878,0.5803057432641803,2.4148226055217834,-61.26187999999999
147.74924,21.666666666666668,0.0,0.0,13.722510043256284,5.00593687186822,2.558240721950878,0.6269809951233641,2.291873159961357,-63.06369999999998
144.1456,21.75,-3.603639999999984,0.0,13.722510043256284,4.855584059870463,2.558240721950878,0.6269809951233641,2.148631087463772,-59.46006
142.34378,21.833333333333332,-1.801819999999992,0.0,12.441292437183158,5.155218383501781,2.2627713988015805,0.6687797281315883,1.9886774398414693,-57.658240000000006
136.93832,21.916666666666668,-5.405460000000005,0.0,11.075539986928604,5.155218383501781,2.2627713988015805,0.6687797281315883,1.815593268906888,-50.45096000000001
131.53286,22.0,-5.405460000000005,0.0,11.075539986928604,5.155218383501781,2.2627713988015805,0.7046569739636475,1.632959626472467,-43.24368
124.32558,22.083333333333332,-7.207279999999997,0.0,9.635392011563258,5.406316546528611,1.9635619576377348,0.7046569739636475,1.4443575643506472,-32.43276
117.1183,22.166666666666668,-7.207279999999997,0.0,9.635392011563258,5.406316546528611,1.9635619576377348,0.7335677642943359,1.2533681343538674,-23.42366
109.91102,22.25,-7.2072800000000115,0.0,8.130987830157752,5.406316546528611,1.9635619576377348,0.7335677642943359,1.063572388294567,-14.414559999999994
100.90192,22.333333333333332,-9.009100000000004,0.0,8.130987830157752,5.608725506041785,1.9635619576377348,0.7544671307984481,0.8785513779851866,-1.801819999999992
95.49646,22.416666666666668,-5.405459999999991,0.0,6.57246676178271,5.608725506041785,1.6662225754811628,0.7544671307984481,0.7018861552381657,7.2072800000000115
90.091,22.5,-5.405459999999991,0.0,4.969968125508785,5.608725506041785,1.6662225754811628,0.7663101051507784,0.5371577718659433,14.414559999999994
86.48736,22.583333333333332,-3.603640000000013,0.0,4.969968125508785,5.608725506041785,1.6662225754811628,0.7663101051507784,0.2578357304956526,21.62184000000001
84.68554,22.666666666666668,-1.801819999999992,0.0,3.333631240406604,5.762292219132135,1.376363429353688,0.7663101051507784,0.1504041761224641,27.027299999999997
84.68554,22.75,0.0,0.0,3.333631240406604,5.762292219132135,1.376363429353688,0.7680517190261211,0.017905259062198,28.82911999999999
84.68554,22.833333333333332,0.0,0.0,1.6735954255467933,5.762292219132135,1.376363429353688,0.7680517190261211,0.0,32.43276
86.48736,22.916666666666668,1.801819999999992,0.0,1.6735954255467933,5.866863642890483,1.376363429353688,0.7586470040992705,0.0,34.23458000000001
88.28918,23.0,1.8018200000000064,0.0,0.0,5.866863642890483,1.0995946962771312,0.7586470040992705,0.0,36.0364
91.89282,23.083333333333332,3.603639999999998,0.0,0.0,5.866863642890483,1.0995946962771312,0.7370509920450214,0.0,37.83822000000001
93.69464,23.166666666666668,1.8018200000000064,0.0,0.0,5.866863642890483,1.0995946962771312,0.7370509920450214,0.0,39.64004000000001
95.49646,23.25,1.801819999999992,0.0,0.0,5.922286734407665,1.0995946962771312,0.7370509920450214,0.0,41.441860000000005
99.1001,23.333333333333332,3.603639999999998,0.0,0.0,5.922286734407665,1.0995946962771312,0.7022187145381678,0.0,41.44185999999999
102.70374,23.416666666666668,3.603640000000013,0.0,0.0,5.922286734407665,0.841526553273315,0.7022187145381678,0.0,41.44185999999999
104.50556,23.5,1.801819999999992,0.0,0.0,5.928408450774506,0.841526553273315,0.6531052032535043,0.0,45.0455
108.1092,23.583333333333332,3.603639999999998,0.0,0.0,5.928408450774506,0.841526553273315,0.6531052032535043,0.0,45.04549999999999
111.71284,23.666666666666668,3.603639999999998,0.0,0.0,5.928408450774506,0.841526553273315,0.6531052032535043,0.0,45.045499999999976
113.51466,23.75,1.801819999999992,0.0,0.0,5.885075749081836,0.841526553273315,0.5886654898658255,0.0,46.847320000000025
117.1183,23.833333333333332,3.603640000000013,0.0,0.0,5.885075749081836,0.6077691773640612,0.5886654898658255,0.0,46.84732
120.72194,23.916666666666668,3.603639999999998,0.0,0.0,5.885075749081836,0.6077691773640612,0.5078546060499248,0.0,46.84732000000001
124.32558,0.0,3.603639999999998,0.0,0.0,5.792135586420483,0.6077691773640612,0.5078546060499248,0.0,46.84732
129.73104,0.0833333333333333,5.405460000000005,0.0,0.0,5.792135586420483,0.6077691773640612,0.5078546060499248,0.0,46.84732
133.33468000000002,0.1666666666666666,3.603640000000013,0.0,0.0,5.792135586420483,0.6077691773640612,0.4096275834805979,0.0,48.64913999999999
136.93832,0.25,3.603639999999984,0.0,0.0,5.792135586420483,0.403932745571191,0.4096275834805979,0.0,50.45096000000001
140.54196,0.3333333333333333,3.603639999999984,0.0,0.0,5.649434919881278,0.403932745571191,0.4096275834805979,0.0,52.25278
144.1456,0.4166666666666667,3.603640000000013,0.0,0.0,5.649434919881278,0.403932745571191,0.2929394538326386,0.0,54.05459999999999
149.55106,0.5,5.405460000000005,0.0,0.0,5.649434919881278,0.403932745571191,0.2929394538326386,0.0,52.25277999999997
153.1547,0.5833333333333334,3.603639999999984,0.0,0.0,5.456820706555047,0.403932745571191,0.2929394538326386,0.0,52.25278000000003
156.75833999999998,0.6666666666666666,3.603639999999984,0.0,0.0,5.456820706555047,0.2356274349165282,0.1567452487808409,0.0,50.45096000000004
45.0455,10.1,-3.603639999999998,0.0,0.0,0.0,0.0,0.0,0.0,68.46915999999999
46.84732,10.183333333333334,1.801819999999999,0.0,0.0,0.0,0.0,0.0,0.0,73.87462
140.54196,10.25,93.69464,0.0,0.0,0.0,0.0,0.0,0.0,-12.612739999999988
46.84732,10.266666666666667,-93.69464,0.0,0.0,0.0,0.0,0.0,0.0,86.48736000000002
46.84732,10.35,0.0,0.0,0.0,0.0,0.0,0.0,0.0,91.89282
48.64914,10.433333333333334,1.801819999999999,0.0,0.0,0.0,0.0,0.0,0.0,93.69464
54.0546,10.516666666666667,5.405459999999998,0.0,0.0,0.0,0.0,0.0,0.0,93.69464
61.26188,10.6,7.207279999999997,0.0,0.0,0.0,0.0,0.0,0.0,88.28918000000002
72.0728,10.683333333333334,10.810920000000005,0.0,0.0,0.0,0.0,0.0,0.0,81.08189999999999
82.88372,10.766666666666667,10.810919999999996,0.0,0.0,0.0,0.0,0.0,0.0,73.87461999999998
93.69464,10.85,10.81092000000001,0.0,0.0,0.0,0.0,0.0,0.0,63.06369999999997
104.50556,10.933333333333334,10.810919999999996,0.0,0.0,0.0,0.0,0.0,0.0,52.25277999999997
113.51466,11.016666666666667,9.00909999999999,0.0,0.0,0.0,0.0,0.0,0.0,39.64004
120.72194,11.1,7.2072800000000115,0.0,0.0,0.0,0.0,0.0,0.0,28.829120000000003
127.92922,11.183333333333334,7.207279999999997,0.0,0.0,0.0,0.0,0.0,0.0,14.414560000000009
133.33468000000002,11.266666666666667,5.405460000000019,0.0,0.0,0.0,0.0,0.0,0.0,36.036399999999986
138.74014,11.35,5.405459999999977,0.0,0.0,0.0,0.0,0.0,0.0,-3.603639999999984
142.34378,11.433333333333334,3.603640000000013,0.0,0.0,0.0,0.0,0.0,0.0,-12.612740000000002
147.74924,11.516666666666667,5.405459999999977,0.0,0.0,0.0,0.0,0.0,0.0,-23.423659999999984
149.55106,11.6,1.8018200000000208,0.0,0.0,0.0,0.0,0.0,0.0,-28.829120000000003
153.1547,11.683333333333334,3.603639999999984,0.0,0.0,0.0,0.0,0.0,0.0,-32.43275999999999
156.75833999999998,11.766666666666667,3.603639999999984,0.0,0.0,0.0,0.0,0.0,0.0,-34.23457999999998
156.75833999999998,11.85,0.0,0.0,0.0,0.0,0.0,0.0,0.0,-27.02729999999997
156.75833999999998,11.933333333333334,0.0,0.0,0.0,0.0,0.0,0.0,0.0,-21.621839999999963
153.1547,12.016666666666667,-3.603639999999984,0.0,0.0,0.0,0.0,0.0,0.0,-12.612740000000002
149.55106,12.1,-3.603639999999984,0.0,0.0,0.0,0.0,0.0,0.0,-9.009100000000018
142.34378,12.183333333333334,-7.207279999999997,0.0,0.0,0.0,0.0,0.0,0.0,-3.603640000000013
169.37108,12.25,27.027299999999997,0.0,0.0,0.0,0.0,0.0,0.0,-37.83822000000001
135.1365,12.266666666666667,-34.234579999999994,0.0,0.0,0.0,0.0,0.0,0.0,-12.612740000000016
129.73104,12.35,-5.405460000000005,0.0,0.0,0.0,0.0,0.0,0.0,-16.216380000000015
124.32558,12.433333333333334,-5.405460000000005,0.0,0.0,0.0,0.0,0.0,0.0,-18.018199999999993
120.72194,12.516666666666667,-3.603639999999998,0.0,0.0,0.0,0.0,0.0,0.0,-23.42366
120.72194,12.6,0.0,0.0,0.0,0.0,0.0,0.0,0.0,-28.829120000000003
122.52376,12.683333333333334,1.801819999999992,0.0,0.0,0.0,0.0,0.0,0.0,-36.0364
129.73104,12.766666666666667,7.2072800000000115,0.0,0.0,0.0,0.0,0.0,0.0,-50.450959999999995
135.1365,12.85,5.405460000000005,0.0,0.0,0.0,0.0,0.0,0.0,-59.46006000000001
140.54196,12.933333333333334,5.405459999999977,0.0,0.0,0.0,0.0,0.0,0.0,-70.27098
140.54196,13.016666666666667,0.0,0.0,0.0,0.0,0.0,0.0,0.0,-72.07279999999999
138.74014,13.1,-1.801819999999992,0.0,0.0,0.0,0.0,0.0,0.0,-72.07279999999999
131.53286,13.183333333333334,-7.207279999999997,0.0,0.0,0.0,0.0,0.0,0.0,-66.66734
122.52376,13.266666666666667,-9.009100000000004,0.0,0.0,0.0,0.0,0.0,0.0,-57.65823999999999
113.51466,13.35,-9.009100000000004,0.0,0.0,0.0,0.0,0.0,0.0,-48.64913999999999
106.30738,13.433333333333334,-7.207279999999983,0.0,0.0,0.0,0.0,0.0,0.0,-41.441860000000005
97.29828,13.516666666666667,-9.009100000000004,0.0,0.0,0.0,0.0,0.0,0.0,-48.64914
91.89282,13.6,-5.405460000000005,0.0,0.0,0.0,0.0,0.0,0.0,-27.027299999999997
86.48736,13.683333333333334,-5.405460000000005,0.0,0.0,0.0,0.0,0.0,0.0,-21.62183999999999
79.28008000000001,13.766666666666667,-7.207279999999983,0.0,0.0,0.0,0.0,0.0,0.0,-12.612740000000002
75.67644,13.85,-3.603640000000013,0.0,0.0,0.0,0.0,0.0,0.0,-9.00909999999999
70.27098,13.933333333333334,-5.405460000000005,0.0,0.0,0.0,0.0,0.0,0.0,-1.801819999999992
68.46916,14.016666666666667,-1.801819999999992,0.0,0.0,0.0,0.0,0.0,0.0,0.0
66.66734000000001,14.1,-1.801819999999992,0.0,0.0,0.0,0.0,0.0,0.0,3.603639999999984
64.86552,14.183333333333334,-1.8018200000000064,0.0,0.0,0.0,0.0,0.0,0.0,7.207279999999997
64.86552,14.266666666666667,0.0,0.0,0.0,0.0,0.0,0.0,0.0,9.00909999999999
64.86552,14.35,0.0,0.0,0.0,0.0,0.0,0.0,0.0,9.00909999999999
64.86552,14.433333333333334,0.0,0.0,0.0,0.0,0.0,0.0,0.0,9.00909999999999
48.64914,14.483333333333333,-16.21638,0.0,0.0,0.0,0.0,0.0,0.0,27.027299999999997
64.86552,14.516666666666667,16.21638,0.0,0.0,0.0,0.0,0.0,0.0,12.612739999999988
64.86552,14.6,0.0,0.0,0.0,0.0,0.0,0.0,0.0,16.21638
66.66734000000001,14.683333333333334,1.8018200000000064,0.0,0.0,0.0,0.0,0.0,0.0,18.018199999999993
66.66734000000001,14.766666666666667,0.0,0.0,0.0,0.0,0.0,0.0,0.0,19.820019999999985
68.46916,14.85,1.801819999999992,0.0,0.0,0.0,0.0,0.0,0.0,21.62184000000001
68.46916,14.933333333333334,0.0,0.0,0.0,0.0,0.0,0.0,0.0,25.225480000000005
70.27098,15.016666666666667,1.801819999999992,0.0,0.0,0.0,0.0,0.0,0.0,30.630939999999995
72.0728,15.1,1.8018200000000064,0.0,0.0,0.0,0.0,0.0,0.0,34.23458000000001
73.87462,15.183333333333334,1.801819999999992,0.0,0.0,0.0,0.0,0.0,0.0,41.44186000000002
73.87462,15.266666666666667,0.0,0.0,0.0,0.0,0.0,0.0,0.0,46.84732000000001
73.87462,15.35,0.0,0.0,0.0,0.0,0.0,0.0,0.0,52.25278
75.67644,15.433333333333334,1.8018200000000064,0.0,0.0,0.0,0.0,0.0,0.0,54.05460000000001
77.47825999999999,15.516666666666667,1.801819999999992,0.0,0.0,0.0,0.0,0.0,0.0,68.46916
81.0819,15.6,3.603640000000013,0.0,0.0,0.0,0.0,0.0,0.0,52.252780000000016
84.68554,15.683333333333334,3.603639999999998,0.0,0.0,0.0,0.0,0.0,0.0,48.64914000000002
86.48736,15.766666666666667,1.801819999999992,0.0,0.0,0.0,0.0,0.0,0.0,46.847320000000025
90.091,15.85,3.603640000000013,0.0,0.0,0.0,0.0,0.0,0.0,41.44185999999999
93.69464,15.933333333333334,3.603639999999998,0.0,0.0,0.0,0.0,0.0,0.0,36.0364
100.90192,16.016666666666666,7.207279999999983,0.0,0.0,0.0,0.0,0.0,0.0,28.829120000000017
106.30738,16.1,5.405460000000019,0.0,0.0,0.0,0.0,0.0,0.0,25.22547999999999
115.31648,16.183333333333334,9.009100000000004,0.0,0.0,0.0,0.0,0.0,0.0,18.018200000000007
120.72194,16.266666666666666,5.405459999999991,0.0,0.0,0.0,0.0,0.0,0.0,14.414560000000009
126.1274,16.35,5.405459999999991,0.0,0.0,0.0,0.0,0.0,0.0,12.612740000000002
129.73104,16.433333333333334,3.603640000000013,0.0,0.0,0.0,0.0,0.0,0.0,10.810919999999982
145.94742,16.516666666666666,16.216379999999987,0.0,0.0,0.0,0.0,0.0,0.0,-1.801819999999992
133.33468000000002,16.516666666666666,-12.612739999999974,0.0,0.0,0.0,0.0,0.0,0.0,12.612739999999974
133.33468000000002,16.6,0.0,0.0,0.0,0.0,0.0,0.0,0.0,16.216379999999987
133.33468000000002,16.683333333333334,0.0,0.0,0.0,0.0,0.0,0.0,0.0,21.621839999999963
131.53286,16.766666666666666,-1.8018200000000208,0.0,0.0,0.0,0.0,0.0,0.0,28.829120000000017
129.73104,16.85,-1.801819999999992,0.0,0.0,0.0,0.0,0.0,0.0,36.036399999999986
129.73104,16.933333333333334,0.0,0.0,0.0,0.0,0.0,0.0,0.0,37.83822000000001
131.53286,17.016666666666666,1.801819999999992,0.0,0.0,0.0,0.0,0.0,0.0,37.83822000000001
133.33468000000002,17.1,1.8018200000000208,0.0,0.0,0.0,0.0,0.0,0.0,36.036399999999986
135.1365,17.183333333333334,1.801819999999992,0.0,0.0,0.0,0.0,0.0,0.0,34.234579999999994
138.74014,17.266666666666666,3.603639999999984,0.0,0.0,0.0,0.0,0.0,0.0,28.829120000000017
140.54196,17.35,1.801819999999992,0.0,0.0,0.0,0.0,0.0,0.0,27.027300000000025
144.1456,17.433333333333334,3.603640000000013,0.0,0.0,0.0,0.0,0.0,0.0,-1.801819999999992
145.94742,17.516666666666666,1.801819999999992,0.0,0.0,0.0,0.0,0.0,0.0,21.62184000000002
149.55106,17.6,3.603640000000013,0.0,0.0,0.0,0.0,0.0,0.0,19.82002
154.95651999999998,17.683333333333334,5.405459999999977,0.0,0.0,0.0,0.0,0.0,0.0,16.216380000000015
160.36198000000002,17.766666666666666,5.4054600000000335,0.0,0.0,0.0,0.0,0.0,0.0,12.612739999999974
165.76744,17.85,5.405459999999977,0.0,0.0,0.0,0.0,0.0,0.0,5.405460000000005
167.56926,17.933333333333334,1.8018200000000208,0.0,0.0,0.0,0.0,0.0,0.0,1.801819999999992
169.37108,18.016666666666666,1.801819999999992,0.0,0.0,0.0,0.0,0.0,0.0,-3.603640000000013
169.37108,18.1,0.0,0.0,0.0,0.0,0.0,0.0,0.0,-9.00909999999999
169.37108,18.183333333333337,0.0,0.0,0.0,0.0,0.0,0.0,0.0,-14.414560000000025
167.56926,18.266666666666666,-1.801819999999992,0.0,0.0,0.0,0.0,0.0,0.0,-16.216380000000015
167.56926,18.35,0.0,0.0,0.0,0.0,0.0,0.0,0.0,-21.62184000000002
142.34378,18.383333333333333,-25.225480000000005,0.0,0.0,0.0,0.0,0.0,0.0,0.0
167.56926,18.433333333333337,25.225480000000005,0.0,0.0,0.0,0.0,0.0,0.0,-27.027300000000025
169.37108,18.516666666666666,1.801819999999992,0.0,0.0,0.0,0.0,0.0,0.0,-30.63094000000001
171.1729,18.6,1.801819999999992,0.0,0.0,0.0,0.0,0.0,0.0,-34.234579999999994
172.97472,18.683333333333337,1.801819999999992,0.0,0.0,0.0,0.0,0.0,0.0,-37.83821999999998
171.1729,18.766666666666666,-1.801819999999992,0.0,0.0,0.0,0.0,0.0,0.0,-36.036399999999986
169.37108,18.85,-1.801819999999992,0.0,0.0,0.0,0.0,0.0,0.0,-32.43276
165.76744,18.933333333333337,-3.603640000000013,0.0,0.0,0.0,0.0,0.0,0.0,-28.82911999999999
160.36198000000002,19.016666666666666,-5.405459999999977,0.0,0.0,0.0,0.0,0.0,0.0,-23.423660000000012
154.95651999999998,19.1,-5.4054600000000335,0.0,0.0,0.0,0.0,0.0,0.0,-19.82001999999997
151.35288,19.183333333333337,-3.603639999999984,0.0,0.0,0.0,0.0,0.0,0.0,-18.01819999999998
145.94742,19.266666666666666,-5.405460000000005,0.0,0.0,0.0,0.0,0.0,0.0,-16.216379999999987
142.34378,19.35,-3.603639999999984,0.0,0.0,0.0,0.0,0.0,0.0,-14.414560000000009
140.54196,19.433333333333337,-1.8018200000000208,0.0,0.0,0.0,0.0,0.0,0.0,-10.810919999999982
138.74014,19.516666666666666,-1.801819999999992,0.0,0.0,0.0,0.0,0.0,0.0,-5.405459999999977
136.93832,19.6,-1.801819999999992,0.0,0.0,0.0,0.0,0.0,0.0,1.801819999999992
135.1365,19.683333333333337,-1.801819999999992,0.0,0.0,0.0,0.0,0.0,0.0,7.207279999999997
135.1365,19.766666666666666,0.0,0.0,0.0,0.0,0.0,0.0,0.0,12.612739999999974
136.93832,19.85,1.801819999999992,0.0,0.0,0.0,0.0,0.0,0.0,14.414559999999994
136.93832,19.933333333333337,0.0,0.0,0.0,0.0,0.0,0.0,0.0,16.216379999999987
136.93832,20.016666666666666,0.0,0.0,0.0,0.0,0.0,0.0,0.0,16.216379999999987
135.1365,20.1,-1.801819999999992,0.0,0.0,0.0,0.0,0.0,0.0,10.810919999999982
133.33468000000002,20.183333333333337,-1.801819999999992,0.0,0.0,0.0,0.0,0.0,0.0,21.621839999999963
129.73104,20.266666666666666,-3.603640000000013,0.0,0.0,0.0,0.0,0.0,0.0,23.423659999999984
127.92922,20.35,-1.8018200000000064,0.0,0.0,0.0,0.0,0.0,0.0,25.22547999999999
129.73104,20.433333333333337,1.8018200000000064,0.0,0.0,0.0,0.0,0.0,0.0,21.62183999999999
133.33468000000002,20.516666666666666,3.603640000000013,0.0,0.0,0.0,0.0,0.0,0.0,19.82001999999997
138.74014,20.6,5.405459999999977,0.0,0.0,0.0,0.0,0.0,0.0,16.216379999999987
142.34378,20.683333333333337,3.603640000000013,0.0,0.0,0.0,0.0,0.0,0.0,18.018200000000007
147.74924,20.766666666666666,5.405459999999977,0.0,0.0,0.0,0.0,0.0,0.0,19.820020000000028
151.35288,20.85,3.603640000000013,0.0,0.0,0.0,0.0,0.0,0.0,25.225480000000005
153.1547,20.933333333333337,1.801819999999992,0.0,0.0,0.0,0.0,0.0,0.0,30.63094000000001
153.1547,21.016666666666666,0.0,0.0,0.0,0.0,0.0,0.0,0.0,36.036400000000015
145.94742,21.05,-7.207279999999997,0.0,0.0,0.0,0.0,0.0,0.0,50.45096000000001
154.95651999999998,21.1,9.00909999999999,0.0,0.0,0.0,0.0,0.0,0.0,46.84732
153.1547,21.183333333333337,-1.801819999999992,0.0,0.0,0.0,0.0,0.0,0.0,50.45096000000004
153.1547,21.266666666666666,0.0,0.0,0.0,0.0,0.0,0.0,0.0,50.45096000000004
151.35288,21.35,-1.801819999999992,0.0,0.0,0.0,0.0,0.0,0.0,52.25278000000003
153.1547,21.433333333333337,1.801819999999992,0.0,0.0,0.0,0.0,0.0,0.0,48.64913999999999
154.95651999999998,21.516666666666666,1.801819999999992,0.0,0.0,0.0,0.0,0.0,0.0,43.24368000000001
160.36198000000002,21.6,5.4054600000000335,0.0,0.0,0.0,0.0,0.0,0.0,36.036399999999986
167.56926,21.683333333333337,7.207279999999997,0.0,0.0,0.0,0.0,0.0,0.0,27.027299999999997
176.57836,21.766666666666666,9.00909999999999,0.0,0.0,0.0,0.0,0.0,0.0,14.414559999999994
183.78564,21.85,7.207279999999997,0.0,0.0,0.0,0.0,0.0,0.0,3.603640000000013
189.1911,21.933333333333337,5.405460000000005,0.0,0.0,0.0,0.0,0.0,0.0,-3.603639999999984
196.39838,22.016666666666666,7.207279999999997,0.0,0.0,0.0,0.0,0.0,0.0,-16.216379999999987
201.80384,22.1,5.405459999999977,0.0,0.0,0.0,0.0,0.0,0.0,-25.225479999999976
203.60566000000003,22.183333333333337,1.801820000000049,0.0,0.0,0.0,0.0,0.0,0.0,-32.43276000000003
203.60566000000003,22.266666666666666,0.0,0.0,0.0,0.0,0.0,0.0,0.0,-37.838220000000035
203.60566000000003,22.35,0.0,0.0,0.0,0.0,0.0,0.0,0.0,-43.24368000000001
201.80384,22.433333333333337,-1.801820000000049,0.0,0.0,0.0,0.0,0.0,0.0,-46.84732
198.2002,22.516666666666666,-3.603639999999984,0.0,0.0,0.0,0.0,0.0,0.0,-45.0455
196.39838,22.6,-1.801819999999992,0.0,0.0,0.0,0.0,0.0,0.0,-43.24368000000001
194.59656,22.683333333333337,-1.801819999999992,0.0,0.0,0.0,0.0,0.0,0.0,-41.44186000000002
190.99292,22.766666666666666,-3.603640000000013,0.0,0.0,0.0,0.0,0.0,0.0,-37.83822000000001
187.38928,22.85,-3.603639999999984,0.0,0.0,0.0,0.0,0.0,0.0,-36.036400000000015
185.58746,22.933333333333337,-1.801819999999992,0.0,0.0,0.0,0.0,0.0,0.0,-36.036400000000015
180.182,23.016666666666666,-5.405460000000005,0.0,0.0,0.0,0.0,0.0,0.0,-36.036400000000015
176.57836,23.1,-3.603640000000013,0.0,0.0,0.0,0.0,0.0,0.0,-37.83822000000001
171.1729,23.183333333333337,-5.405460000000005,0.0,0.0,0.0,0.0,0.0,0.0,-39.64004
165.76744,23.266666666666666,-5.405460000000005,0.0,0.0,0.0,0.0,0.0,0.0,-41.44185999999999
160.36198000000002,23.35,-5.405459999999977,0.0,0.0,0.0,0.0,0.0,0.0,-43.24368000000001
154.95651999999998,23.433333333333337,-5.4054600000000335,0.0,0.0,0.0,0.0,0.0,0.0,-43.24367999999998
153.1547,23.516666666666666,-1.801819999999992,0.0,0.0,0.0,0.0,0.0,0.0,-46.84731999999998
153.1547,23.6,0.0,0.0,0.0,0.0,0.0,0.0,0.0,-52.25278
153.1547,23.683333333333337,0.0,0.0,0.0,0.0,0.0,0.0,0.0,-55.856419999999986
153.1547,23.766666666666666,0.0,0.0,0.0,0.0,0.0,0.0,0.0,-59.460059999999984
151.35288,23.85,-1.801819999999992,0.0,0.0,0.0,0.0,0.0,0.0,-59.46006
149.55106,23.933333333333337,-1.801819999999992,0.0,0.0,0.0,0.0,0.0,0.0,-63.06370000000001
144.1456,0.0166666666666666,-5.405460000000005,0.0,0.0,0.0,0.0,0.0,0.0,-63.0637
138.74014,0.1,-5.405460000000005,0.0,0.0,0.0,0.0,0.0,0.0,-63.0637
131.53286,0.1833333333333333,-7.207279999999997,0.0,0.0,0.0,0.0,0.0,0.0,-63.0637
124.32558,0.2666666666666666,-7.207279999999997,0.0,0.0,0.0,0.0,0.0,0.0,-59.46006
117.1183,0.35,-7.207279999999997,0.0,0.0,0.0,0.0,0.0,0.0,-52.25278
111.71284,0.4333333333333333,-5.405460000000005,0.0,0.0,0.0,0.0,0.0,0.0,-68.46916
106.30738,0.5166666666666667,-5.405459999999991,0.0,0.0,0.0,0.0,0.0,0.0,-41.441860000000005
100.90192,0.6,-5.405460000000019,0.0,0.0,0.0,0.0,0.0,0.0,-32.43275999999999
97.29828,0.6833333333333333,-3.603639999999984,0.0,0.0,0.0,0.0,0.0,0.0,-21.62184000000001
93.69464,0.7666666666666667,-3.603639999999998,0.0,0.0,0.0,0.0,0.0,0.0,-10.81092000000001
91.89282,0.85,-1.8018200000000064,0.0,0.0,0.0,0.0,0.0,0.0,0.0
86.48736,0.9333333333333332,-5.405460000000005,0.0,0.0,0.0,0.0,0.0,0.0,12.612740000000002
81.0819,1.0166666666666666,-5.405459999999991,0.0,0.0,0.0,0.0,0.0,0.0,25.225480000000005
75.67644,1.1,-5.405460000000005,0.0,0.0,0.0,0.0,0.0,0.0,37.83821999999999
68.46916,1.1833333333333331,-7.207279999999997,0.0,0.0,0.0,0.0,0.0,0.0,52.25278
64.86552,1.2666666666666666,-3.603639999999998,0.0,0.0,0.0,0.0,0.0,0.0,61.26187999999999
64.86552,1.35,0.0,0.0,0.0,0.0,0.0,0.0,0.0,66.66734
43.24368,1.4,-21.62184000000001,0.0,0.0,0.0,0.0,0.0,0.0,95.49646
64.86552,1.4333333333333331,21.62184000000001,0.0,0.0,0.0,0.0,0.0,0.0,79.28008
68.46916,1.5166666666666666,3.603639999999998,0.0,0.0,0.0,0.0,0.0,0.0,82.88372
75.67644,1.6,7.207279999999997,0.0,0.0,0.0,0.0,0.0,0.0,81.08189999999998
82.88372,1.6833333333333331,7.207279999999997,0.0,0.0,0.0,0.0,0.0,0.0,3.603639999999998
91.89282,1.7666666666666666,9.009100000000004,0.0,0.0,0.0,0.0,0.0,0.0,70.27098000000001
99.1001,1.85,7.207279999999997,0.0,0.0,0.0,0.0,0.0,0.0,66.66734
106.30738,1.9333333333333331,7.2072800000000115,0.0,0.0,0.0,0.0,0.0,0.0,59.460059999999984
113.51466,2.0166666666666666,7.207279999999983,0.0,0.0,0.0,0.0,0.0,0.0,48.64914000000002
120.72194,2.1,7.2072800000000115,0.0,0.0,0.0,0.0,0.0,0.0,36.03639999999997
126.1274,2.183333333333333,5.405459999999991,0.0,0.0,0.0,0.0,0.0,0.0,25.225480000000005
131.53286,2.2666666666666666,5.405460000000005,0.0,0.0,0.0,0.0,0.0,0.0,16.216379999999987
138.74014,2.35,7.207279999999997,0.0,0.0,0.0,0.0,0.0,0.0,5.405460000000005
144.1456,2.4333333333333336,5.405460000000005,0.0,0.0,0.0,0.0,0.0,0.0,-1.801819999999992
151.35288,2.5166666666666666,7.207279999999997,0.0,0.0,0.0,0.0,0.0,0.0,-9.00909999999999
156.75833999999998,2.6,5.405459999999977,0.0,0.0,0.0,0.0,0.0,0.0,-14.414559999999966
86.48736,2.6833333333333336,-70.27097999999998,0.0,0.0,0.0,0.0,0.0,0.0,57.658240000000006
162.1638,2.6833333333333336,75.67644000000001,0.0,0.0,0.0,0.0,0.0,0.0,-14.414560000000025
165.76744,2.7666666666666666,3.603639999999984,0.0,0.0,0.0,0.0,0.0,0.0,-14.414559999999994
165.76744,2.85,0.0,0.0,0.0,0.0,0.0,0.0,0.0,-5.405459999999977
162.1638,2.9333333333333336,-3.603639999999984,0.0,0.0,0.0,0.0,0.0,0.0,7.207279999999997
156.75833999999998,3.0166666666666666,-5.4054600000000335,0.0,0.0,0.0,0.0,0.0,0.0,23.42366000000004
151.35288,3.1,-5.405459999999977,0.0,0.0,0.0,0.0,0.0,0.0,41.44185999999999
147.74924,3.183333333333333,-3.603640000000013,0.0,0.0,0.0,0.0,0.0,0.0,50.45096000000001
144.1456,3.2666666666666666,-3.603639999999984,0.0,0.0,0.0,0.0,0.0,0.0,59.46006000000003
142.34378,3.35,-1.801819999999992,0.0,0.0,0.0,0.0,0.0,0.0,61.26188000000002
142.34378,3.4333333333333336,0.0,0.0,0.0,0.0,0.0,0.0,0.0,61.26188000000002
142.34378,3.5166666666666666,0.0,0.0,0.0,0.0,0.0,0.0,0.0,61.26188000000002
144.1456,3.6,1.801819999999992,0.0,0.0,0.0,0.0,0.0,0.0,57.65823999999998
147.74924,3.6833333333333336,3.603639999999984,0.0,0.0,0.0,0.0,0.0,0.0,54.05459999999999
151.35288,3.7666666666666666,3.603640000000013,0.0,0.0,0.0,0.0,0.0,0.0,50.45095999999998
160.36198000000002,3.85,9.009100000000018,0.0,0.0,0.0,0.0,0.0,0.0,43.24368000000001
169.37108,3.9333333333333336,9.00909999999999,0.0,0.0,0.0,0.0,0.0,0.0,34.23458000000002
180.182,4.016666666666667,10.81092000000001,0.0,0.0,0.0,0.0,0.0,0.0,23.423660000000012
192.79474,4.1,12.612739999999974,0.0,0.0,0.0,0.0,0.0,0.0,10.810920000000038
198.2002,4.183333333333334,5.405460000000005,0.0,0.0,0.0,0.0,0.0,0.0,5.4054600000000335
203.60566000000003,4.266666666666667,5.4054600000000335,0.0,0.0,0.0,0.0,0.0,0.0,-1.801820000000049
203.60566000000003,4.35,0.0,0.0,0.0,0.0,0.0,0.0,0.0,-5.4054600000000335
203.60566000000003,4.433333333333334,0.0,0.0,0.0,0.0,0.0,0.0,0.0,-9.009100000000018
203.60566000000003,4.516666666666667,0.0,0.0,0.0,0.0,0.0,0.0,0.0,-12.61274000000003
201.80384,4.6,-1.801820000000049,0.0,0.0,0.0,0.0,0.0,0.0,-12.612739999999974
201.80384,4.683333333333334,0.0,0.0,0.0,0.0,0.0,0.0,0.0,-12.612739999999974
201.80384,4.766666666666667,0.0,0.0,0.0,0.0,0.0,0.0,0.0,-9.00909999999999
203.60566000000003,4.85,1.801820000000049,0.0,0.0,0.0,0.0,0.0,0.0,-7.207280000000026
203.60566000000003,4.933333333333334,0.0,0.0,0.0,0.0,0.0,0.0,0.0,-1.801820000000049
203.60566000000003,5.016666666666667,0.0,0.0,0.0,0.0,0.0,0.0,0.0,59.46005999999997
203.60566000000003,5.1,0.0,0.0,0.0,0.0,0.0,0.0,0.0,-1.801820000000049
203.60566000000003,5.183333333333334,0.0,0.0,0.0,0.0,0.0,0.0,0.0,-3.6036400000000417
201.80384,5.266666666666667,-1.801820000000049,0.0,0.0,0.0,0.0,0.0,0.0,-7.207279999999969
198.2002,5.35,-3.603639999999984,0.0,0.0,0.0,0.0,0.0,0.0,-12.612739999999974
194.59656,5.433333333333334,-3.603639999999984,0.0,0.0,0.0,0.0,0.0,0.0,-19.820020000000028
190.99292,5.516666666666667,-3.603640000000013,0.0,0.0,0.0,0.0,0.0,0.0,-28.82911999999999
189.1911,5.6,-1.801819999999992,0.0,0.0,0.0,0.0,0.0,0.0,-37.83822000000001
189.1911,5.683333333333334,0.0,0.0,0.0,0.0,0.0,0.0,0.0,-48.64914000000002
192.79474,5.766666666666667,3.603639999999984,0.0,0.0,0.0,0.0,0.0,0.0,-59.46005999999997
196.39838,5.85,3.603640000000013,0.0,0.0,0.0,0.0,0.0,0.0,-66.66734
201.80384,5.933333333333334,5.405459999999977,0.0,0.0,0.0,0.0,0.0,0.0,-77.47825999999998
263.06572,6.0,61.26188000000002,0.0,0.0,0.0,0.0,0.0,0.0,-144.1456
201.80384,6.016666666666667,-61.26188000000002,0.0,0.0,0.0,0.0,0.0,0.0,-88.28917999999999
200.00202,6.1,-1.801819999999992,0.0,0.0,0.0,0.0,0.0,0.0,-93.69463999999998
194.59656,6.183333333333334,-5.405459999999977,0.0,0.0,0.0,0.0,0.0,0.0,-91.89282
185.58746,6.266666666666667,-9.00909999999999,0.0,0.0,0.0,0.0,0.0,0.0,-88.28918000000002
174.77653999999998,6.35,-10.810920000000038,0.0,0.0,0.0,0.0,0.0,0.0,-82.88371999999998
162.1638,6.433333333333334,-12.612739999999974,0.0,0.0,0.0,0.0,0.0,0.0,-75.67644000000001
151.35288,6.516666666666667,-10.81092000000001,0.0,0.0,0.0,0.0,0.0,0.0,-70.27098
140.54196,6.6,-10.81092000000001,0.0,0.0,0.0,0.0,0.0,0.0,-64.86551999999999
133.33468000000002,6.683333333333334,-7.207279999999969,0.0,0.0,0.0,0.0,0.0,0.0,-63.063700000000026
129.73104,6.766666666666667,-3.603640000000013,0.0,0.0,0.0,0.0,0.0,0.0,-64.86552
124.32558,6.85,-5.405460000000005,0.0,0.0,0.0,0.0,0.0,0.0,-63.0637
118.92012,6.933333333333334,-5.405460000000005,0.0,0.0,0.0,0.0,0.0,0.0,-61.26187999999999
113.51466,7.016666666666667,-5.405460000000005,0.0,0.0,0.0,0.0,0.0,0.0,-57.65823999999999
106.30738,7.1,-7.207279999999983,0.0,0.0,0.0,0.0,0.0,0.0,-50.45096000000001
102.70374,7.183333333333334,-3.603639999999998,0.0,0.0,0.0,0.0,0.0,0.0,-48.64914000000001
97.29828,7.266666666666667,-5.405460000000005,0.0,0.0,0.0,0.0,0.0,0.0,-43.243680000000005
91.89282,7.35,-5.405460000000005,0.0,0.0,0.0,0.0,0.0,0.0,-36.0364
86.48736,7.433333333333334,-5.405460000000005,0.0,0.0,0.0,0.0,0.0,0.0,-30.630939999999995
81.0819,7.516666666666667,-5.405459999999991,0.0,0.0,0.0,0.0,0.0,0.0,-23.42366
75.67644,7.6,-5.405460000000005,0.0,0.0,0.0,0.0,0.0,0.0,-12.612740000000002
70.27098,7.683333333333334,-5.405460000000005,0.0,0.0,0.0,0.0,0.0,0.0,-12.612739999999988
64.86552,7.766666666666667,-5.405459999999991,0.0,0.0,0.0,0.0,0.0,0.0,-7.207279999999997
61.26188,7.85,-3.6036400000000057,0.0,0.0,0.0,0.0,0.0,0.0,-3.603639999999991
57.658240000000006,7.933333333333334,-3.603639999999991,0.0,0.0,0.0,0.0,0.0,0.0,0.0
55.85642,8.016666666666667,-1.8018200000000064,0.0,0.0,0.0,0.0,0.0,0.0,1.8018200000000064
55.85642,8.1,0.0,0.0,0.0,0.0,0.0,0.0,0.0,1.8018200000000064
54.0546,8.183333333333334,-1.801819999999999,0.0,0.0,0.0,0.0,0.0,0.0,3.6036400000000057
54.0546,8.266666666666667,0.0,0.0,0.0,0.0,0.0,0.0,0.0,3.6036400000000057
55.85642,8.35,1.801819999999999,0.0,0.0,0.0,0.0,0.0,0.0,3.603639999999998
55.85642,8.433333333333334,0.0,0.0,0.0,0.0,0.0,0.0,0.0,5.405459999999998
57.658240000000006,8.516666666666667,1.8018200000000064,0.0,0.0,0.0,0.0,0.0,0.0,3.603639999999991
63.0637,8.6,5.405459999999991,0.0,0.0,0.0,0.0,0.0,0.0,-1.801819999999999
57.658240000000006,8.6,-5.405459999999991,0.0,0.0,0.0,0.0,0.0,0.0,3.603639999999991
57.658240000000006,8.683333333333334,0.0,0.0,0.0,0.0,0.0,0.0,0.0,3.603639999999991
57.658240000000006,8.766666666666667,0.0,0.0,0.0,0.0,0.0,0.0,0.0,3.603639999999991
57.658240000000006,8.85,0.0,0.0,0.0,0.0,0.0,0.0,0.0,5.405459999999991
57.658240000000006,8.933333333333334,0.0,0.0,0.0,0.0,0.0,0.0,0.0,7.207279999999997
57.658240000000006,9.016666666666667,0.0,0.0,0.0,0.0,0.0,0.0,0.0,9.009100000000004
57.658240000000006,9.1,0.0,0.0,0.0,0.0,0.0,0.0,0.0,10.810919999999996
57.658240000000006,9.183333333333334,0.0,0.0,0.0,0.0,0.0,0.0,0.0,14.414559999999994
59.46006,9.266666666666667,1.801819999999992,0.0,0.0,0.0,0.0,0.0,0.075185702708183,16.21638
61.26188,9.35,1.801819999999999,0.0,0.0,0.0,0.0,0.0,0.075185702708183,16.216379999999994
61.26188,9.433333333333334,0.0,0.0,0.0,0.0,0.0,0.0,0.1405137243946266,18.018200000000014
61.26188,9.516666666666667,0.0,0.0,0.0,0.0,0.0,0.0,0.1405137243946266,18.018200000000014
61.26188,9.6,0.0,0.0,0.0,0.0,0.0,0.0,0.196485303077385,18.018200000000014
61.26188,9.683333333333334,0.0,0.0,0.0,0.0,0.0,0.0,0.196485303077385,16.216379999999994
61.26188,9.766666666666667,0.0,0.0,0.0,0.0,0.0,0.0,0.2436016767745131,16.216379999999994
63.0637,9.85,1.801819999999999,0.0,0.0,0.0,0.0,0.0,0.2823640835040653,16.216380000000015
64.86552,9.933333333333334,1.8018200000000064,0.0,0.0,0.0,0.0,0.0,0.2823640835040653,19.82002
66.66734000000001,10.016666666666667,1.8018200000000064,0.0,0.0,0.0,0.0,0.0,0.313273761284096,99.10009999999998
68.46916,10.1,1.801819999999992,0.0,0.0,0.0,0.0,0.0,0.313273761284096,23.42366
72.0728,10.183333333333334,3.603639999999998,0.0,0.0,0.0,0.0,0.0,0.313273761284096,25.225480000000005
75.67644,10.266666666666667,3.603639999999998,0.0,0.0,0.0,0.0,0.0,0.3368319481326601,30.63094000000001
77.47825999999999,10.35,1.801819999999992,0.0,0.0,0.0,0.0,0.0,0.353539882067812,39.64004000000001
79.28008000000001,10.433333333333334,1.8018200000000208,0.0,0.0,0.0,0.0,0.0,0.353539882067812,46.84731999999998
79.28008000000001,10.516666666666667,0.0,0.0,0.0,0.0,0.0,0.0,0.3638988011076061,55.85642
79.28008000000001,10.6,0.0,0.0,0.0,0.0,0.0,0.0,0.3684099432700971,64.86551999999999
77.47825999999999,10.683333333333334,-1.8018200000000208,0.0,0.0,0.0,0.0,0.0,0.3684099432700971,75.67644
77.47825999999999,10.766666666666667,0.0,0.0,0.0,0.0,0.0,0.0,0.3675745465733395,82.88372000000003
79.28008000000001,10.85,1.8018200000000208,0.0,0.0,0.0,0.0,0.0,0.3618938490353878,86.48735999999998
84.68554,10.933333333333334,5.405459999999991,0.0,0.0,0.0,0.0,0.0,0.3518690886742968,84.68554
165.76744,11.0,81.08189999999999,0.0,0.0,0.0,0.0,0.0,0.3518690886742968,3.603640000000013
91.89282,11.016666666666667,-73.87462,0.0,0.0,0.0,0.0,0.0,0.3380015035081207,73.87462
97.29828,11.1,5.405460000000005,0.0,0.0,0.0,0.0,0.0,0.3207923315549144,59.46005999999997
106.30738,11.183333333333334,9.009100000000004,0.0,0.0,0.0,0.0,0.0,0.3207923315549144,39.640039999999985
117.1183,11.266666666666667,10.810919999999996,0.0,0.0,0.0,0.0,0.0,0.6014856216654646,16.216380000000015
126.1274,11.35,9.00909999999999,0.0,0.0,0.0,0.0,0.0,0.5790969901923613,-5.405459999999991
135.1365,11.433333333333334,9.009100000000018,0.3135878314944419,8.016580992155966,0.0216574557453352,3.440331133008562,1.3461148609162366,0.8161825727321653,-23.423660000000012
144.1456,11.516666666666667,9.00909999999999,0.3135878314944419,8.016580992155966,0.0216574557453352,5.00006020382785,1.3461148609162366,0.8161825727321653,-41.44185999999999
153.1547,11.6,9.00909999999999,0.3135878314944419,8.016580992155966,0.0404753784040599,5.582226126878467,2.515739106734567,1.014505748542417,-55.856419999999986
160.36198000000002,11.683333333333334,7.207280000000026,0.5999546633153685,8.016580992155966,0.0404753784040599,5.582226126878467,2.515739106734567,1.1765727077133894,-68.46916000000002
165.76744,11.766666666666667,5.405459999999977,0.5999546633153685,8.016580992155966,0.0565981510144761,6.042570260799471,2.515739106734567,1.1498400134171465,-77.47825999999999
169.37108,11.85,3.603640000000013,0.5999546633153685,8.016580992155966,0.0565981510144761,6.38857556992316,3.517846836527764,1.3048896403353551,-86.48736000000001
169.37108,11.933333333333334,0.0,0.5999546633153685,14.982099143118152,0.0701701566148862,6.53804397533483,3.517846836527764,1.2783240253784638,-90.091
165.76744,12.016666666666667,-3.603640000000013,0.859753786246285,14.982099143118152,0.0701701566148862,6.627725018581832,3.517846836527764,1.3760654388991014,-90.091
156.75833999999998,12.1,-9.009100000000018,0.859753786246285,14.982099143118152,0.0701701566148862,6.627725018581832,3.517846836527764,1.3760654388991014,-81.08189999999998
145.94742,12.183333333333334,-10.810919999999982,0.859753786246285,14.982099143118152,0.0813357782435924,6.767501571107791,4.361412149368606,1.4702981862933575,-72.0728
133.33468000000002,12.266666666666667,-12.612739999999974,0.859753786246285,14.982099143118152,0.0813357782435924,6.767501571107791,4.361412149368606,1.445570444069333,-59.46006000000003
120.72194,12.35,-12.612740000000016,1.093638491070697,14.982099143118152,0.0879416903723667,6.815388191833334,4.361412149368606,1.489345230979431,-43.24368000000001
111.71284,12.433333333333334,-9.009100000000004,1.093638491070697,14.982099143118152,0.0902393989388968,6.815388191833334,5.055409144329866,1.5307809071386074,-27.027299999999997
102.70374,12.516666666666667,-9.00909999999999,1.093638491070697,20.949998326167588,0.0902393989388968,6.778867845090764,5.055409144329866,1.5098959897196678,-9.009100000000004
97.29828,12.6,-5.405460000000005,1.093638491070697,20.949998326167588,0.0970254017391019,6.778867845090764,5.055409144329866,1.5097289103803164,3.603639999999984
91.89282,12.683333333333334,-5.405460000000005,1.3022620685721105,20.949998326167588,0.0970254017391019,6.66542349521238,5.608811920484317,1.506387323593286,14.414560000000009
88.28918,12.766666666666667,-3.603639999999998,1.3022620685721105,20.949998326167588,0.1018381696825098,6.66542349521238,5.608811920484317,1.4913501830516491,19.82002
82.88372,12.85,-5.405460000000005,1.4249392292133898,20.949998326167588,0.1018381696825098,6.66542349521238,5.608811920484317,1.4686273928998423,25.225480000000005
79.28008000000001,12.933333333333334,-3.603639999999984,1.4862778095340294,20.949998326167588,0.1040520429364774,6.482538106530485,6.03059457690474,1.4171669563795752,25.22547999999999
75.67644,13.016666666666667,-3.603640000000013,1.4862778095340294,25.973722414585325,0.1048220858074226,6.482538106530485,6.03059457690474,1.40998254478746,23.42366
75.67644,13.066666666666666,0.0,1.6463390047399606,25.973722414585325,0.1048220858074226,6.2376946433773774,6.03059457690474,1.3545122041227555,18.018200000000007
73.87462,13.1,-1.8018200000000064,1.6463390047399606,25.973722414585325,0.1061215331521428,6.2376946433773774,6.329731212663904,1.2831693262196575,12.612740000000002
73.87462,13.183333333333334,0.0,1.6463390047399606,25.973722414585325,0.1061215331521428,6.2376946433773774,6.329731212663904,1.2029712433309292,5.405460000000019
77.47825999999999,13.266666666666667,3.603639999999998,1.7830989449734096,25.973722414585325,0.1058808947549724,5.9383760700853605,6.329731212663904,1.2029712433309292,-3.603639999999998
84.68554,13.35,7.2072800000000115,1.7830989449734096,30.106715281652413,0.1058808947549724,5.9383760700853605,6.5151959268345845,1.1134167174385157,-16.21638
93.69464,13.433333333333334,9.009100000000004,1.897210921017881,30.106715281652413,0.1058808947549724,5.9383760700853605,6.5151959268345845,1.0165107006146354,-27.027299999999997
100.90192,13.516666666666667,7.207279999999983,1.897210921017881,30.106715281652413,0.1042445536542137,5.592065350986729,6.5151959268345845,0.9142581449315064,-36.036399999999986
106.30738,13.6,5.405460000000019,1.9586224561105472,30.106715281652413,0.1042445536542137,5.592065350986729,6.595962818489562,0.9142581449315064,-41.441860000000005
108.1092,13.683333333333334,1.801819999999992,1.9893282236568808,30.106715281652413,0.101356892888169,5.350927913128642,6.595962818489562,0.8086640024613471,-43.24368
108.1092,13.766666666666667,0.0,2.005056205882888,33.0728502487501,0.101356892888169,5.206245450413789,6.595962818489562,0.7017332252763755,-41.44185999999999
104.50556,13.85,-3.603639999999998,2.060104143673913,33.40242080064985,0.101356892888169,5.206245450413789,6.581005986701601,0.7017332252763755,-34.23458000000001
99.1001,13.933333333333334,-5.405460000000005,2.0934960291262943,33.40242080064985,0.0973622954951405,4.945091626841944,6.581005986701601,0.5954707654488097,-25.225480000000005
93.69464,14.016666666666667,-5.405459999999991,2.110191971852485,33.40242080064985,0.0973622954951405,4.788399332698837,6.581005986701601,0.4918815750508687,-14.414559999999994
86.48736,14.1,-7.2072800000000115,2.1402449989761014,33.40242080064985,0.0924051445134304,4.788399332698837,6.479299530543485,0.4918815750508687,-1.801819999999992
79.28008000000001,14.183333333333334,-7.207279999999983,2.1402449989761014,35.914282844858725,0.0924051445134304,4.788399332698837,6.479299530543485,0.3929706061547702,9.00909999999999
73.87462,14.266666666666667,-5.405460000000019,2.1509165158282677,35.914282844858725,0.0881202285380092,4.346009962174177,6.479299530543485,0.3007428108327324,19.820020000000017
68.46916,14.35,-5.405459999999991,2.14285981319249,35.914282844858725,0.086629822981341,4.346009962174177,6.299817549087987,0.3007428108327324,28.829120000000003
66.66734000000001,14.433333333333334,-1.801819999999992,2.14285981319249,35.914282844858725,0.086629822981341,4.346009962174177,6.299817549087987,0.2172031411569735,36.0364
64.86552,14.516666666666667,-1.8018200000000064,2.116728181852272,35.914282844858725,0.0801807139371745,3.886560303172107,6.299817549087987,0.1443565491997115,41.441860000000005
64.86552,14.6,0.0,2.0731749125911207,37.69574528756006,0.0801807139371745,3.886560303172107,6.051534141407881,0.1443565491997115,46.84732
64.86552,14.683333333333334,0.0,2.0128532961925414,37.69574528756006,0.0732022004192332,3.886560303172107,6.051534141407881,0.084207987033165,52.25278
66.66734000000001,14.766666666666667,1.8018200000000064,1.9364166234400384,37.69574528756006,0.0732022004192332,3.4175333200249263,6.051534141407881,0.0387624067295522,54.05459999999999
70.27098,14.85,3.603639999999984,1.8445181851171184,37.69574528756006,0.0732022004192332,3.4175333200249263,5.743423406575943,0.0387624067295522,52.25278
73.87462,14.933333333333334,3.603639999999998,1.6169491748940477,38.80025200203488,0.0658386654658192,3.4175333200249263,5.743423406575943,0.010024760361091,50.45096000000001
79.28008000000001,15.016666666666667,5.405460000000019,1.4825851845609077,38.80025200203488,0.0658386654658192,2.9464119770649395,5.743423406575943,0.010024760361091,45.04549999999999
84.68554,15.1,5.405459999999991,1.1759646873689469,38.80025200203488,0.0582344921152348,2.9464119770649395,5.384459443664946,0.0,39.64004
88.28918,15.183333333333334,3.603639999999998,0.8231761066994456,38.80025200203488,0.0582344921152348,2.9464119770649395,5.384459443664946,0.0,34.234579999999994
93.69464,15.266666666666667,5.405460000000005,0.2890557015309185,38.80025200203488,0.0582344921152348,2.9464119770649395,5.079055183156543,0.0,23.42366
97.29828,15.35,3.603639999999998,0.2188606678861531,39.28124686156424,0.0505340634057822,2.65532901553963,4.983616351747667,0.0,-1.8018200000000064
102.70374,15.433333333333334,5.405460000000005,0.0,39.28124686156424,0.0505340634057822,2.4806792386244445,4.983616351747667,0.0,10.810919999999982
106.30738,15.516666666666667,3.603639999999998,0.0,39.28124686156424,0.0505340634057822,2.4806792386244445,4.983616351747667,0.0,5.405459999999991
111.71284,15.6,5.405459999999991,0.0,39.28124686156424,0.0428817623757638,2.4806792386244445,4.54986822989688,0.1127785540622746,-3.603639999999998
117.1183,15.683333333333334,5.405460000000005,0.0,39.192173739429165,0.0428817623757638,2.027818069035743,4.54986822989688,0.1127785540622746,-9.009100000000004
120.72194,15.766666666666667,3.603639999999998,0.0,39.192173739429165,0.0354219720634816,2.027818069035743,4.54986822989688,0.2107705865919399,-10.81092000000001
122.52376,15.85,1.801819999999992,0.0,39.192173739429165,0.0354219720634816,2.027818069035743,4.09218917718536,0.2107705865919399,-12.612740000000002
124.32558,15.933333333333334,1.8018200000000064,0.0,39.192173739429165,0.0354219720634816,2.027818069035743,4.09218917718536,0.2947279546160776,-12.612740000000002
124.32558,16.016666666666666,0.0,0.0,38.586476508910714,0.028299075507238,1.595311432631134,4.09218917718536,0.2947279546160776,-14.414560000000009
124.32558,16.1,0.0,0.0,38.586476508910714,0.028299075507238,1.595311432631134,3.6195532926858816,0.3654025151617697,-18.018199999999993
122.52376,16.183333333333334,-1.8018200000000064,0.0,38.586476508910714,0.0216574557453352,1.595311432631134,3.6195532926858816,0.423546125256098,-18.018199999999993
117.1183,16.266666666666666,-5.405459999999991,0.0,37.624486789852,0.0216574557453352,1.190642293742917,3.6195532926858816,0.423546125256098,-16.216380000000015
95.49646,16.3,-21.62184000000001,0.0,37.51759904328992,0.0156414958160754,1.190642293742917,3.140934675471219,0.469910641926144,3.603639999999998
113.51466,16.35,18.018199999999993,0.0,37.51759904328992,0.0156414958160754,1.190642293742917,3.140934675471219,0.469910641926144,-16.216379999999987
111.71284,16.433333333333334,-1.801819999999992,0.0,37.51759904328992,0.0103955787577609,1.190642293742917,3.140934675471219,0.5052479221989903,-12.612740000000002
108.1092,16.516666666666666,-3.603639999999998,0.0,36.038985215847816,0.0103955787577609,0.821293616703396,2.6653074246141477,0.530309823101718,-5.405459999999991
108.1092,16.6,0.0,0.0,36.038985215847816,0.0103955787577609,0.821293616703396,2.6653074246141477,0.530309823101718,-3.603639999999998
109.91102,16.683333333333334,1.801819999999992,0.0,36.038985215847816,0.0060640876086938,0.821293616703396,2.3120413023842783,0.5458482016614091,-1.801819999999992
109.91102,16.766666666666666,0.0,0.0,34.20407889986545,0.0060640876086938,0.821293616703396,2.2016456391874444,0.5526149149051457,1.8018200000000064
111.71284,16.85,1.8018200000000064,0.0,34.20407889986545,0.0027914054071765,0.4947483658448691,2.2016456391874444,0.5526149149051457,1.801819999999992
109.91102,16.933333333333334,-1.8018200000000064,0.0,34.20407889986545,0.0027914054071765,0.4947483658448691,1.7589234182638824,0.5513618198600092,7.2072800000000115
106.30738,17.016666666666666,-3.603639999999984,0.0,32.06632396862386,0.0007219151915111,0.4947483658448691,1.7589234182638824,0.5428407735530817,16.216379999999987
104.50556,17.1,-1.8018200000000064,0.0,32.06632396862386,0.0007219151915111,0.2184895054996363,1.7589234182638824,0.5428407735530817,23.42366
100.90192,17.183333333333334,-3.603640000000013,0.0,29.679164295404092,0.0,0.2184895054996363,1.3461148609162372,0.5278036330114452,32.43276000000003
99.1001,17.266666666666666,-1.801819999999992,0.0,29.679164295404092,0.0,0.2184895054996363,1.3461148609162372,0.5070022552621811,41.44185999999999
97.29828,17.35,-1.801819999999992,0.0,29.679164295404092,0.0,0.2184895054996363,1.3461148609162372,0.5070022552621811,39.64004
99.1001,17.433333333333334,1.801819999999992,0.0,29.679164295404092,0.0,0.2184895054996363,1.2748918524021506,0.4811884973323717,39.64004
102.70374,17.516666666666666,3.603640000000013,0.0,27.09604375348717,0.0,0.0,0.9721940662172828,0.4811884973323717,36.036399999999986
104.50556,17.6,1.801819999999992,0.0,27.09604375348717,0.0,0.0,0.9721940662172828,0.4511142162490984,28.829120000000017
108.1092,17.683333333333334,3.603639999999998,0.0,24.370406216154144,0.0,0.0,0.6461351332397935,0.4175312690394434,19.82002
111.71284,17.766666666666666,3.603639999999998,0.0,24.370406216154144,0.0,0.0,0.6461351332397935,0.3811915127304883,9.009100000000004
113.51466,17.85,1.801819999999992,0.0,21.555695556686047,0.0,0.0,0.6461351332397935,0.3811915127304883,-1.801819999999992
117.1183,17.933333333333334,3.603640000000013,0.0,21.555695556686047,0.0,0.0,0.3769121610565464,0.3428468043493149,-14.414559999999994
122.52376,18.016666666666666,5.405459999999991,0.0,18.705355648363927,0.0,0.0,0.3769121610565464,0.3032490009230051,-27.027299999999997
127.92922,18.1,5.405460000000005,0.0,18.705355648363927,0.0,0.0,0.1734992487403152,0.3032490009230051,-39.64004
133.33468000000002,18.183333333333337,5.405460000000019,0.0,15.872830364468808,0.0,0.0,0.1734992487403152,0.2631499594786408,-50.45096000000002
140.54196,18.25,7.207279999999969,0.0,15.872830364468808,0.0,0.0,0.0754963890249317,0.2233015370433036,-59.460059999999984
136.93832,18.266666666666666,-3.603639999999984,0.0,13.111563578281752,0.0,0.0,0.0448704953638744,0.2233015370433036,-55.85642
138.74014,18.35,1.801819999999992,0.0,13.111563578281752,0.0,0.0,0.0448704953638744,0.1844555906440757,-55.85642
138.74014,18.433333333333337,0.0,0.0,10.474999163083796,0.0,0.0,0.0,0.1473639773080388,-54.05459999999999
133.33468000000002,18.516666666666666,-5.405459999999977,0.0,8.262422809248752,0.0,0.0,0.0,0.1127785540622746,-46.847320000000025
127.92922,18.6,-5.405460000000019,0.0,8.01658099215597,0.0,0.0,0.0,0.1127785540622746,-41.441860000000005
120.72194,18.683333333333337,-7.207279999999997,0.0,5.789752938779314,0.0,0.0,0.0,0.081451177933865,-34.23458000000001
111.71284,18.766666666666666,-9.009100000000004,0.0,4.042138282489308,0.0,0.0,0.0,0.081451177933865,-25.225480000000005
102.70374,18.85,-9.00909999999999,0.0,3.847958876234863,0.0,0.0,0.0,0.0541337059498918,-16.216380000000015
95.49646,18.933333333333337,-7.2072800000000115,0.0,2.2446426778036717,0.0,0.0,0.0,0.0315779951374369,-9.009100000000004
88.28918,19.016666666666666,-7.207279999999997,0.0,1.033248216766771,0.0,0.0,0.0,0.0315779951374369,-1.8018200000000064
82.88372,19.1,-5.405460000000005,0.0,1.033248216766771,0.0,0.0,0.0,0.014535902523582,5.405460000000005
81.0819,19.183333333333337,-1.801819999999992,0.0,1.033248216766771,0.0,0.0,0.0,0.014535902523582,-19.820020000000007
81.0819,19.266666666666666,0.0,0.0,0.2672193664051984,0.0,0.0,0.0,0.0037592851354091,9.009100000000004
82.88372,19.35,1.801819999999992,0.0,0.0,0.0,0.0,0.0,0.0037592851354091,9.009100000000004
84.68554,19.433333333333337,1.8018200000000064,0.0,0.0,0.0,0.0,0.0,0.0,10.810919999999996
86.48736,19.516666666666666,1.801819999999992,0.0,0.0,0.0,0.0,0.0,0.0,16.216380000000015
86.48736,19.6,0.0,0.0,0.0,0.0,0.0,0.0,0.0,23.42366
86.48736,19.683333333333337,0.0,0.0,0.0,0.0,0.0,0.0,0.0,34.23458000000001
86.48736,19.766666666666666,0.0,0.0,0.0,0.0,0.0,0.0,0.0,45.0455
86.48736,19.85,0.0,0.0,0.0,0.0,0.0,0.0,0.0,54.05459999999999
86.48736,19.933333333333337,0.0,0.0,0.0,0.0,0.0,0.0,0.0,59.46006
86.48736,20.016666666666666,0.0,0.0,0.0,0.0,0.0,0.0,0.0,63.06370000000001
88.28918,20.1,1.8018200000000064,0.0,0.0,0.0,0.0,0.0,0.0,63.0637
61.26188,20.116666666666667,-27.027300000000004,0.0,0.0,0.0,0.0,0.0,0.2631499594786408,91.89282
90.091,20.183333333333337,28.82912000000001,0.0,0.0,0.0,0.0,0.0,0.2631499594786408,66.66733999999997
91.89282,20.266666666666666,1.801819999999992,0.0,0.0,0.0,0.0,0.0,0.4917980353811931,70.27098000000001
95.49646,20.35,3.603639999999998,0.1742154619413566,3.2066323968623864,0.020958828140647,1.9123453566994475,0.6410070766267794,0.6876985607708478,73.87462000000001
102.70374,20.433333333333337,7.2072800000000115,0.1742154619413566,3.2066323968623864,0.020958828140647,3.350460568215089,0.6410070766267794,0.6876985607708478,72.07279999999997
109.91102,20.516666666666666,7.207279999999983,0.1742154619413566,3.2066323968623864,0.039169721036187,3.906297034240508,0.6410070766267794,0.852605868710796,70.27098000000002
120.72194,20.6,10.81092000000001,0.1742154619413566,3.2066323968623864,0.039169721036187,4.361114161623803,1.1979710032069366,0.852605868710796,59.46006000000001
131.53286,20.683333333333337,10.810919999999996,0.3333081462863158,3.2066323968623864,0.039169721036187,4.720758016249587,1.1979710032069366,0.9882742922642288,48.64914000000002
140.54196,20.766666666666666,9.00909999999999,0.3333081462863158,3.2066323968623864,0.0547724042075575,4.720758016249587,1.1979710032069366,1.0964581644943363,34.234579999999994
145.94742,20.85,5.405460000000005,0.3333081462863158,3.2066323968623864,0.0547724042075575,4.991074664002468,1.6751651602513162,1.0964581644943363,21.62184000000002
149.55106,20.933333333333337,3.603640000000013,0.3333081462863158,5.992839657247261,0.0679066031756963,5.177910170767056,1.6751651602513162,1.1789118184643106,9.009100000000018
151.35288,21.016666666666666,1.801819999999992,0.4776409923590471,5.992839657247261,0.0679066031756963,5.177910170767056,1.6751651602513162,1.1789118184643106,-1.801819999999992
153.1547,21.1,1.801819999999992,0.4776409923590471,5.992839657247261,0.078712043461541,5.287110602427961,2.076862928270765,1.237389587237342,-10.810919999999982
156.75833999999998,21.183333333333337,3.603639999999984,0.4776409923590471,5.992839657247261,0.078712043461541,5.287110602427961,2.076862928270765,1.2736458038766214,-19.82001999999997
162.1638,21.266666666666666,5.4054600000000335,0.6075769394837206,5.992839657247261,0.0873284505860292,5.3245220248697915,2.076862928270765,1.2736458038766214,-30.63094000000001
169.37108,21.35,7.207279999999997,0.6075769394837206,5.992839657247261,0.0873284505860292,5.3245220248697915,2.407337687776127,1.2894348014453398,-43.24368000000001
174.77653999999998,21.433333333333337,5.405459999999977,0.6075769394837206,8.379999330467035,0.0873284505860292,5.295990503977159,2.407337687776127,1.2865109130066883,-55.856419999999986
180.182,21.516666666666666,5.4054600000000335,0.7234789269845059,8.379999330467035,0.0938955500700986,5.295990503977159,2.407337687776127,1.2865109130066883,-68.46916000000002
180.182,21.6,0.0,0.7234789269845059,8.379999330467035,0.0938955500700986,5.207362105634672,2.670862819278246,1.2666284716238572,-75.67644000000001
180.182,21.683333333333337,0.0,0.7234789269845059,8.379999330467035,0.0985530674346869,5.207362105634672,2.670862819278246,1.2315418103600386,-79.28008000000003
174.77653999999998,21.766666666666666,-5.4054600000000335,0.8257098941855718,8.379999330467035,0.0985530674346869,5.064482895726941,2.670862819278246,1.1830052622784226,-75.67643999999999
167.56926,21.85,-7.207279999999969,0.8257098941855718,8.379999330467035,0.1014407282007316,5.064482895726941,2.8717117032879713,1.1830052622784226,-66.66734000000002
158.56016000000002,21.933333333333337,-9.00909999999999,0.8257098941855718,10.389488965834133,0.1014407282007316,5.064482895726941,2.8717117032879713,1.1227731604422004,-57.658240000000035
149.55106,22.016666666666666,-9.009100000000018,0.9146327804110892,10.389488965834133,0.1014407282007316,4.873198940138577,2.8717117032879713,1.1227731604422004,10.81092000000001
142.34378,22.1,-7.207279999999997,0.9146327804110892,10.389488965834133,0.1014407282007316,4.873198940138577,2.8717117032879713,1.0525998379145631,-39.64004
136.93832,22.183333333333337,-5.405460000000005,0.9146327804110892,10.389488965834133,0.1026982578891704,4.873198940138577,3.0141577203161445,1.0525998379145631,-34.234579999999994
131.53286,22.266666666666666,-5.405460000000005,0.9146327804110892,10.389488965834133,0.1026982578891704,4.873198940138577,3.0141577203161445,0.9742396277587012,-30.63094000000001
126.1274,22.35,-5.405460000000005,0.9906105249852276,10.389488965834133,0.102465382020941,4.6393563047541875,3.0141577203161445,0.8894468630378061,-27.027299999999997
118.92012,22.433333333333337,-7.207279999999997,0.9906105249852276,12.042686112660965,0.102465382020941,4.6393563047541875,3.102474250873612,0.7999758768150681,-23.42366
111.71284,22.516666666666666,-7.207279999999997,1.054006067232156,12.042686112660965,0.100881826116981,4.368801055458382,3.102474250873612,0.7999758768150681,-18.018199999999993
104.50556,22.6,-7.207279999999997,1.054006067232156,12.042686112660965,0.100881826116981,4.368801055458382,3.14093467547122,0.7075810021536787,-14.414559999999994
100.90192,22.683333333333337,-3.603640000000013,1.1051823464760449,12.042686112660965,0.100881826116981,4.368801055458382,3.14093467547122,0.6140165721168286,-12.612739999999988
99.1001,22.766666666666666,-1.801819999999992,1.1051823464760449,12.042686112660965,0.098087315698228,4.067379258135773,3.14093467547122,0.5210369197677085,-10.810919999999996
100.90192,22.85,1.801819999999992,1.144502302041063,13.36096832025994,0.098087315698228,4.067379258135773,3.1338123746198097,0.5210369197677085,-12.612739999999988
100.90192,22.933333333333337,0.0,1.144502302041063,13.36096832025994,0.0942215762856198,4.067379258135773,3.1338123746198097,0.4303963781695101,-12.612739999999988
160.36198000000002,23.0,59.46006000000003,1.1723288732513806,13.36096832025994,0.0942215762856198,3.740936978670967,3.1338123746198097,0.3438492803854239,-72.07280000000002
102.70374,23.016666666666666,-57.658240000000006,1.1723288732513806,13.36096832025994,0.0942215762856198,3.740936978670967,3.085380728830231,0.3438492803854239,-14.414560000000009
102.70374,23.1,0.0,1.1890249994311677,13.36096832025994,0.0894243334000939,3.740936978670967,3.085380728830231,0.2631499594786408,-12.612740000000002
100.90192,23.183333333333337,-1.8018200000000208,1.1949536199045931,14.36571313794349,0.0894243334000939,3.395320282948576,3.085380728830231,0.1900527485123518,-9.00909999999999
99.1001,23.266666666666666,-1.801819999999992,1.1949536199045931,14.36571313794349,0.0838353125625881,3.395320282948576,2.999913118613327,0.1900527485123518,-3.603639999999998
95.49646,23.35,-3.603639999999998,1.1904776739958276,14.36571313794349,0.0838353125625881,3.395320282948576,2.999913118613327,0.1263119805497475,1.8018200000000064
93.69464,23.433333333333337,-1.801819999999992,1.17596010102904,14.36571313794349,0.0838353125625881,3.036375236853208,2.999913118613327,0.1263119805497475,9.009100000000004
90.091,23.516666666666666,-3.603639999999998,1.17596010102904,14.36571313794349,0.0775942392940398,3.036375236853208,2.881682924479943,0.0736819886540194,18.018199999999993
88.28918,23.6,-1.8018200000000064,1.1517638403284003,15.078298115024024,0.0775942392940398,3.036375236853208,2.881682924479943,0.0339171058883582,27.02730000000001
88.28918,23.683333333333337,0.0,1.1182518312180785,15.078298115024024,0.0708408391153869,3.036375236853208,2.881682924479943,0.0339171058883582,34.234579999999994
88.28918,23.766666666666666,0.0,1.0757870130222438,15.078298115024024,0.0708408391153869,2.6699479062694738,2.734963526940925,0.0087716653159546,41.441860000000005
88.28918,23.85,0.0,0.9654507066707148,15.078298115024024,0.0708408391153869,2.6699479062694738,2.734963526940925,0.0087716653159546,46.84732000000001
88.28918,23.933333333333337,0.0,0.8983050971633598,15.520100800813951,0.0637148375475669,2.6699479062694738,2.734963526940925,0.0,54.05460000000001
88.28918,0.0166666666666666,0.0,0.741873662106318,15.520100800813951,0.0637148375475669,2.301884357081984,2.5640283065071174,0.0,57.65823999999999
90.091,0.1,1.8018200000000064,0.558341534487298,15.520100800813951,0.0563559601115175,2.301884357081984,2.5640283065071174,0.0,59.46006
91.89282,0.1833333333333333,1.801819999999992,0.3506122288996565,15.520100800813951,0.0563559601115175,2.301884357081984,2.5640283065071174,0.0,61.26187999999999
95.49646,0.2666666666666666,3.603639999999998,0.1215892599367517,15.712498744625698,0.0489039323281764,1.9380306551753477,2.3731506436893652,0.0,61.26187999999998
97.29828,0.35,1.8018200000000064,0.0,15.712498744625698,0.0489039323281764,1.9380306551753477,2.3731506436893652,0.0,63.06370000000001
102.70374,0.4333333333333333,5.405460000000005,0.0,15.712498744625698,0.0489039323281764,1.9380306551753477,2.3731506436893652,0.0,61.26187999999999
108.1092,0.5166666666666667,5.405459999999991,0.0,15.712498744625698,0.0414984797184811,1.9380306551753477,2.1666039189985145,0.0,59.46006000000001
115.31648,0.6,7.2072800000000115,0.0,15.676869495771664,0.0414984797184811,1.584232866434174,2.1666039189985145,0.0,57.65823999999998
122.52376,0.6833333333333333,7.207279999999983,0.0,15.676869495771664,0.0342793278033693,1.584232866434174,2.1666039189985145,0.0,55.85642
129.73104,0.7666666666666667,7.2072800000000115,0.0,15.676869495771664,0.0342793278033693,1.584232866434174,1.9486615129454092,0.0,55.856420000000014
135.1365,0.85,5.405460000000005,0.0,15.676869495771664,0.0273862021037787,1.2463370567430736,1.9486615129454092,0.0,57.65823999999998
142.34378,0.9333333333333332,7.207279999999997,0.0,15.434590603564285,0.0273862021037787,1.2463370567430736,1.9486615129454092,0.0,59.46005999999997
145.94742,1.0166666666666666,3.603639999999984,0.0,15.434590603564285,0.0273862021037787,1.2463370567430736,1.723596806040896,0.0,64.86552
149.55106,1.1,3.603640000000013,0.0,15.434590603564285,0.020958828140647,1.2463370567430736,1.723596806040896,0.0,72.0728
153.1547,1.1833333333333331,3.603639999999984,0.0,15.007039617315968,0.020958828140647,0.930189291986654,1.723596806040896,0.0,77.47826000000003
156.75833999999998,1.2666666666666666,3.603639999999984,0.0,15.007039617315968,0.0151369314349117,0.930189291986654,1.4956831787958187,0.0,81.08190000000002
160.36198000000002,1.35,3.6036400000000417,0.0,15.007039617315968,0.0151369314349117,0.930189291986654,1.4956831787958187,0.0,82.88371999999998
163.96562,1.4333333333333331,3.603639999999984,0.0,14.415594086339128,0.0100602375075105,0.930189291986654,1.2691940117210223,0.0,84.68554
167.56926,1.5166666666666666,3.603640000000013,0.0,14.415594086339128,0.0100602375075105,0.6416356380495281,1.2691940117210223,0.0,84.68553999999997
172.97472,1.6,5.405459999999977,0.0,14.415594086339128,0.0058684718793811,0.6416356380495281,1.2691940117210223,0.0,82.88372000000001
178.38018,1.6833333333333331,5.405460000000005,0.0,13.68163155994618,0.0058684718793811,0.6416356380495281,1.0484026853273545,0.075185702708183,79.28008
185.58746,1.7666666666666666,7.207280000000026,0.0,13.68163155994618,0.0027013600714611,0.386522160816304,1.0484026853273545,0.075185702708183,73.87462
192.79474,1.85,7.207279999999969,0.0,13.68163155994618,0.0027013600714611,0.386522160816304,1.0484026853273545,0.1405137243946266,68.46915999999999
201.80384,1.9333333333333331,9.00909999999999,0.0,12.826529587449546,0.0006986276046882,0.386522160816304,0.8375825801256584,0.1405137243946266,63.06369999999998
210.81294,2.0166666666666666,9.009100000000018,0.0,12.826529587449546,0.0006986276046882,0.386522160816304,0.8375825801256584,0.196485303077385,55.85642000000004
221.62386,2.1,10.81092000000001,0.0,12.826529587449546,0.0,0.1706949261715909,0.8375825801256584,0.196485303077385,46.84732
230.63296000000005,2.183333333333333,9.009100000000018,0.0,11.871665718161635,0.0,0.1706949261715909,0.6410070766267796,0.2436016767745131,37.83821999999998
237.84024,2.2666666666666666,7.207279999999969,0.0,11.871665718161635,0.0,0.1706949261715909,0.6410070766267796,0.2823640835040653,30.63094000000001
243.2457,2.35,5.405460000000005,0.0,10.838417501394868,0.0,0.1706949261715909,0.4629495553415632,0.2823640835040653,25.225480000000005
248.65116,2.4333333333333336,5.405460000000005,0.0,10.838417501394868,0.0,0.0,0.4629495553415632,0.313273761284096,19.82002
252.2548,2.5166666666666666,3.603639999999984,0.0,10.838417501394868,0.0,0.0,0.4629495553415632,0.313273761284096,18.018200000000036
255.85844,2.6,3.603640000000013,0.0,9.748162486461656,0.0,0.0,0.307683396780854,0.3368319481326601,14.414560000000025
257.66026,2.6833333333333336,1.801819999999992,0.0,9.748162486461656,0.0,0.0,0.307683396780854,0.353539882067812,12.61274000000003
259.46208,2.7666666666666666,1.8018200000000208,0.0,8.622278222674419,0.0,0.0,0.1794819814554983,0.353539882067812,10.81092000000001
261.2639,2.85,1.801819999999964,0.0,8.622278222674419,0.0,0.0,0.1794819814554983,0.3638988011076061,9.009100000000046
264.86753999999996,2.9333333333333336,3.603639999999984,0.0,7.48214225934557,0.0,0.0,0.1794819814554983,0.3684099432700971,5.405460000000062
266.66936000000004,3.0166666666666666,1.8018200000000777,0.0,7.48214225934557,0.0,0.0,0.0826186898763405,0.3684099432700971,3.603639999999984
268.47118,3.1,1.801819999999964,0.0,6.3491321457875225,0.0,0.0,0.0826186898763405,0.3675745465733395,3.603639999999984
268.47118,3.183333333333333,0.0,0.0,6.3491321457875225,0.0,0.0,0.0213669025542259,0.3618938490353878,5.405460000000005
268.47118,3.2666666666666666,0.0,0.0,5.244625431312702,0.0,0.0,0.0213669025542259,0.3618938490353878,5.405460000000005
268.47118,3.35,0.0,0.0,5.244625431312702,0.0,0.0,0.0213669025542259,0.3518690886742968,5.405460000000005
268.47118,3.4333333333333336,0.0,0.0,4.189999665233518,0.0,0.0,0.0,0.3380015035081207,1.8018200000000208
270.273,3.5166666666666666,1.8018200000000208,0.0,3.206632396862388,0.0,0.0,0.0,0.3207923315549144,0.0
270.273,3.6,0.0,0.0,3.206632396862388,0.0,0.0,0.0,0.3207923315549144,-1.8018200000000208
270.273,3.6833333333333336,0.0,0.0,2.315901175511726,0.0,0.0,0.0,0.3007428108327323,-5.405460000000062
270.273,3.7666666666666666,0.0,0.0,1.5391835504939453,0.0,0.0,0.0,0.2783541793596289,-9.009100000000046
270.273,3.85,0.0,0.0,1.5391835504939453,0.0,0.0,0.0,0.2541276751536588,-12.61274000000003
270.273,3.9333333333333336,0.0,0.0,0.8978570711214686,0.0,0.0,0.0,0.2541276751536588,-18.018200000000036
270.273,4.016666666666667,0.0,0.0,0.4132992867067083,0.0,0.0,0.0,0.2285645362328766,-21.62184000000002
272.07482,4.1,1.801819999999964,0.0,0.1068877465620793,0.0,0.0,0.0,0.2021660006153367,-27.027299999999997
273.87664,4.183333333333334,1.8018200000000208,0.0,0.1068877465620793,0.0,0.0,0.0,0.2021660006153367,-32.43276
273.87664,4.266666666666667,0.0,0.0,0.0,0.0,0.0,0.0,0.1754333063190938,-34.234579999999994
273.87664,4.35,0.0,0.0,0.0,0.0,0.0,0.0,0.1488676913622024,-34.234579999999994
270.273,4.433333333333334,-3.603639999999984,0.0,0.0,0.0,0.0,0.0,0.1229703937627171,-32.43276000000003
270.273,4.516666666666667,0.0,0.0,0.0,0.0,0.0,0.0,0.1229703937627171,-36.036400000000015
268.47118,4.6,-1.8018200000000208,0.0,0.0,0.0,0.0,0.0,0.0982426515386925,-36.036399999999986
264.86753999999996,4.683333333333334,-3.6036400000000417,0.0,0.0,0.0,0.0,0.0,0.0751857027081831,-34.23457999999994
261.2639,4.766666666666667,-3.603639999999984,0.0,0.0,0.0,0.0,0.0,0.0751857027081831,-34.234579999999994
257.66026,4.85,-3.603639999999984,0.0,0.0,0.0,0.0,0.0,0.0543007852892433,-34.234579999999994
252.2548,4.933333333333334,-5.405460000000005,0.0,0.0,0.0,0.0,0.0,0.3174507447678841,-30.63093999999998
248.65116,5.016666666666667,-3.603639999999984,0.0,0.0,0.0,0.0,0.0,0.2992390967785686,-30.63094000000001
245.04752,5.1,-3.603640000000013,0.0,0.0,0.0,0.0,0.0,0.5128500321394844,-30.63093999999998
241.44388,5.183333333333334,-3.603639999999984,0.0,0.0,0.0,0.0,0.0,0.5128500321394844,-30.63094000000001
239.64206,5.266666666666667,-1.801819999999992,0.0,0.0,0.0,0.0,0.0,0.6973891624532359,-34.234579999999994
239.64206,5.35,0.0,0.0,0.0,0.0,0.0,0.0,0.6902047508611205,-37.838220000000035
237.84024,5.433333333333334,-1.8018200000000208,0.0,0.0,0.0,0.0,0.0,0.8551120588010688,-41.44185999999999
234.2366,5.516666666666667,-3.603639999999984,0.0,0.0,0.0,0.0,0.0,0.9882742922642288,-41.44186000000002
232.43478,5.6,-1.801819999999992,0.0,0.0,0.0,0.0,0.0,0.9882742922642288,-45.0455
230.63296000000005,5.683333333333334,-1.801819999999992,0.0,0.0,0.0,0.0,0.0,1.0964581644943363,-46.847320000000025
227.02932,5.766666666666667,-3.6036400000000417,0.0,0.0,0.0,0.0,0.0,1.0964581644943363,-46.84731999999997
223.42568,5.85,-3.603639999999984,0.0,0.0,0.0,0.0,0.0,1.1789118184643106,-45.0455
221.62386,5.933333333333334,-1.801819999999992,0.0,0.0,0.0,0.0,0.0,1.237389587237342,-45.0455
218.02022,6.016666666666667,-3.603640000000013,0.0,0.0,0.0,0.0,0.0,1.237389587237342,-43.24368000000001
214.41658,6.1,-3.603639999999984,0.0,0.0,0.0,0.0,0.0,1.2736458038766214,-43.24368000000001
210.81294,6.183333333333334,-3.603640000000013,0.0,0.0,0.0,0.0,0.0,1.2894348014453398,-39.64004
205.40748,6.266666666666667,-5.405459999999977,0.0,0.0,0.0,0.0,0.0,1.2894348014453398,-36.036400000000015
201.80384,6.35,-3.6036400000000417,0.0,0.0,0.0,0.0,0.0,1.2865109130066883,-36.036399999999986
196.39838,6.433333333333334,-5.405459999999977,0.0,0.0,0.0,0.0,0.0,1.2666284716238572,-36.036399999999986
192.79474,6.516666666666667,-3.603640000000013,0.0,0.0,0.0,0.0,0.0,1.2666284716238572,-37.83822000000001
187.38928,6.6,-5.405459999999977,0.0,0.0,0.0,0.0,0.0,1.2315418103600386,-37.83822000000001
183.78564,6.683333333333334,-3.603640000000013,0.0,0.0,0.0,0.0,0.0,1.1830052622784226,-41.44185999999999
180.182,6.766666666666667,-3.603639999999984,0.0,0.0,0.0,0.0,0.0,1.1227731604422004,-41.44186000000002
178.38018,6.85,-1.8018200000000208,0.0,0.0,0.0,0.0,0.0,1.1227731604422004,-43.24367999999998
176.57836,6.933333333333334,-1.801819999999992,0.0,0.0,0.0,0.0,0.0,1.0525998379145631,-43.24367999999998
174.77653999999998,7.016666666666667,-1.8018200000000208,0.0,0.0,0.0,0.0,0.0,0.9742396277587012,-43.24367999999998
171.1729,7.1,-3.603639999999984,0.0,0.0,0.0,0.0,0.0,0.8894468630378061,-39.64004
171.1729,7.183333333333334,0.0,0.0,0.0,0.0,0.0,0.0,0.8894468630378061,-39.64004
169.37108,7.266666666666667,-1.801819999999992,0.0,0.0,0.0,0.0,0.0,0.7999758768150681,-39.64004
165.76744,7.35,-3.603640000000013,0.0,0.0,0.0,0.0,0.0,0.7075810021536787,-39.64004
160.36198000000002,7.433333333333334,-5.405459999999977,0.0,0.0,0.0,0.0,0.0,0.7075810021536787,-37.83822000000002
154.95651999999998,7.516666666666667,-5.4054600000000335,0.0,0.0,0.0,0.0,0.0,0.6140165721168286,-37.83821999999998
149.55106,7.6,-5.405459999999977,0.0,0.0,0.0,0.0,0.0,0.5210369197677085,-37.83822000000001
142.34378,7.683333333333334,-7.207279999999997,0.0,0.0,0.0,0.0,0.0,0.4303963781695101,-37.83822000000001
138.74014,7.766666666666667,-3.603640000000013,0.0,0.0,0.0,0.0,0.0,0.4303963781695101,-37.83822000000001
135.1365,7.85,-3.603639999999984,0.0,0.0,0.0,0.0,0.0,0.3438492803854239,-37.83822000000001
133.33468000000002,7.933333333333334,-1.801819999999992,0.0,0.0,0.0,0.0,0.0,0.2631499594786408,-39.64004000000001
131.53286,8.016666666666667,-1.8018200000000208,0.0,0.0,0.0,0.0,0.0,0.2631499594786408,-39.64004
131.53286,8.1,0.0,0.0,0.0,0.0,0.0,0.0,0.1900527485123518,-45.0455
131.53286,8.183333333333334,0.0,0.0,0.0,0.0,0.0,0.0,0.1900527485123518,-48.64914
129.73104,8.266666666666667,-1.801819999999992,0.0,0.0,0.0,0.0,0.0,0.1263119805497475,-52.252780000000016
126.1274,8.35,-3.603640000000013,0.0,0.0,0.0,0.0,0.0,0.0736819886540194,-54.05459999999999
122.52376,8.433333333333334,-3.603639999999998,0.0,0.0,0.0,0.0,0.0,0.0736819886540194,-57.65823999999999
117.1183,8.516666666666667,-5.405459999999991,0.0,0.0,0.0,0.0,0.0,0.0339171058883582,-59.46006
111.71284,8.6,-5.405460000000005,0.0,0.0,0.0,0.0,0.0,0.0087716653159546,-59.46006
104.50556,8.683333333333334,-7.207279999999997,0.0,0.0,0.0,0.0,0.0,0.0087716653159546,-54.05460000000001
100.90192,8.766666666666667,-3.603640000000013,0.0,0.0,0.0,0.0,0.0,0.0,-50.450959999999995
97.29828,8.85,-3.603639999999984,0.0,0.0,0.0,0.0,0.0,0.0,-45.0455
93.69464,8.933333333333334,-3.603639999999998,0.0,0.0,0.0,0.0,0.0,0.0,-37.83822000000001
91.89282,9.016666666666667,-1.8018200000000064,0.0,0.0,0.0,0.0,0.0,0.0,-39.64004
86.48736,9.1,-5.405460000000005,0.0,0.0,0.0,0.0,0.0,0.0,-30.630939999999995
82.88372,9.183333333333334,-3.603639999999998,0.0,0.0,0.0,0.0,0.0,0.0,-27.027299999999997
77.47825999999999,9.266666666666667,-5.405460000000005,0.0,0.0,0.0,0.0,0.0,0.0,-21.62183999999999
72.0728,9.35,-5.405459999999991,0.0,0.0,0.0,0.0,0.0,0.0,-16.21638
64.86552,9.433333333333334,-7.207279999999997,0.0,0.0,0.0,0.0,0.0,0.0,-9.009100000000004
57.658240000000006,9.516666666666667,-7.207279999999997,0.0,0.0,0.0,0.0,0.0,0.0,1.801819999999992
52.25278,9.6,-5.405460000000005,0.0,0.0,0.0,0.0,0.0,0.0,10.810919999999996
50.450959999999995,9.683333333333334,-1.8018200000000064,0.0,0.0,0.0,0.0,0.0,0.0,18.018200000000007
50.450959999999995,9.766666666666667,0.0,0.0,0.0,0.0,0.0,0.0,0.0,27.027299999999997
52.25278,9.85,1.8018200000000064,0.0,0.0,0.0,0.0,0.0,0.0,32.43276
55.85642,9.933333333333334,3.603639999999998,0.0,0.0,0.0,0.0,0.0,0.0,37.83822000000001
52.25278,10.016666666666667,-3.603639999999998,0.0,0.0,0.0,0.0,0.0,0.0,50.45096000000001
55.85642,10.016666666666667,3.603639999999998,0.0,0.0,0.0,0.0,0.0,0.1503714054163661,52.25278
55.85642,10.1,0.0,0.0,0.0,0.0,0.0,0.0,0.1503714054163661,55.85642
55.85642,10.183333333333334,0.0,0.0,0.0,0.0,0.0,0.0,0.2810274487892532,59.46006000000001
55.85642,10.266666666666667,0.0,0.0,0.0,0.0,0.0,0.0,0.2810274487892532,59.46006000000001
55.85642,10.35,0.0,0.0,0.0,0.0,0.0,0.0,0.3929706061547701,59.46006000000001
59.46006,10.433333333333334,3.603639999999998,0.0,0.0,0.0,0.0,0.0,0.3929706061547701,55.856420000000014
63.0637,10.516666666666667,3.603639999999998,0.0,0.0,0.0,0.0,0.0,0.4872033535490263,50.450959999999995
68.46916,10.6,5.405460000000005,0.0,0.0,0.0,0.0,0.0,0.5647281670081307,43.24368
77.47825999999999,10.683333333333334,9.00909999999999,0.0,0.0,0.0,0.0,0.0,0.5647281670081307,34.23458000000001
84.68554,10.766666666666667,7.2072800000000115,0.0,0.0,0.0,0.0,0.0,0.6265475225681921,72.07279999999997
93.69464,10.85,9.009100000000004,0.0,0.0,0.0,0.0,0.0,0.6265475225681921,16.216379999999987
102.70374,10.933333333333334,9.009100000000004,0.0,0.0,0.0,0.0,0.0,0.6736638962653203,7.207279999999983
108.1092,11.016666666666667,5.405459999999991,0.0,0.0,0.0,0.0,0.0,0.6736638962653203,1.801819999999992
111.71284,11.1,3.603639999999998,0.0,0.0,0.0,0.0,0.0,0.707079764135624,0.0
115.31648,11.183333333333334,3.603640000000013,0.0,0.0,0.0,0.0,0.0,0.707079764135624,-1.8018200000000208
115.31648,11.266666666666667,0.0,0.0,0.0,0.0,0.0,0.0,0.7277976022152122,0.0
115.31648,11.35,0.0,0.0,0.0,0.0,0.0,0.0,0.7368198865401943,3.603639999999984
115.31648,11.433333333333334,0.0,0.0,0.0,0.0,0.0,0.0,0.7368198865401943,7.207279999999983
113.51466,11.516666666666667,-1.8018200000000208,0.0,0.0,0.0,0.0,0.0,0.735149093146679,12.612740000000002
111.71284,11.6,-1.801819999999992,0.0,0.0,0.0,0.0,0.0,0.7237876980707756,19.82002
111.71284,11.683333333333334,0.0,0.0,0.0,0.0,0.0,0.0,0.7037381773485936,23.423660000000012
156.75833999999998,11.733333333333333,45.045499999999976,0.0,0.0,0.0,0.0,0.0,0.7037381773485936,-18.01819999999998
109.91102,11.766666666666667,-46.84731999999998,0.0,0.0,0.0,0.0,0.0,0.6760030070162415,34.23458000000001
109.91102,11.85,0.0,0.0,0.0,0.0,0.0,0.0,0.6415846631098289,37.83821999999999
109.91102,11.933333333333334,0.0,0.0,0.0,0.0,0.0,0.0,0.6415846631098289,41.441860000000005
111.71284,12.016666666666667,1.8018200000000064,0.0,0.0,0.0,0.0,0.0,0.6014856216654646,45.045499999999976
113.51466,12.1,1.801819999999992,0.5226463858240699,4.008290496077984,0.0069862760468823,0.7649381426797791,0.6410070766267794,0.8574511695519902,48.64914000000002
115.31648,12.183333333333334,1.8018200000000208,0.5226463858240699,4.008290496077984,0.0069862760468823,1.3401842272860356,0.6410070766267794,0.8089981611400501,52.25278
118.92012,12.266666666666667,3.603639999999984,0.5226463858240699,4.008290496077984,0.013056573678729,1.5625188136962032,0.6410070766267794,1.0703102478858242,54.05459999999999
122.52376,12.35,3.603639999999998,0.5226463858240699,4.008290496077984,0.013056573678729,1.744445664649521,1.1979710032069366,1.0191839700442595,54.05460000000001
126.1274,12.433333333333334,3.603639999999998,0.9999244388589476,4.008290496077984,0.0182574680691858,1.8883032064998349,1.1979710032069366,1.190273213540214,50.45096000000001
131.53286,12.516666666666667,5.405460000000005,0.9999244388589476,4.008290496077984,0.0182574680691858,1.8883032064998349,1.1979710032069366,1.3252733197362403,45.0455
135.1365,12.6,3.603640000000013,0.9999244388589476,4.008290496077984,0.0182574680691858,1.9964298656009871,1.6751651602513162,1.3252733197362403,39.64003999999997
138.74014,12.683333333333334,3.603639999999984,0.9999244388589476,7.491049571559076,0.0226355343918987,2.0711640683068224,1.6751651602513162,1.4271917167406662,32.43276
144.1456,12.766666666666667,5.405460000000005,1.4329229770771414,7.491049571559076,0.0226355343918987,2.0711640683068224,1.6751651602513162,1.4271917167406662,37.83822000000001
147.74924,12.85,3.603639999999984,1.4329229770771414,7.491049571559076,0.0226355343918987,2.0711640683068224,1.6751651602513162,1.3753971215416958,21.62184000000002
151.35288,12.933333333333334,3.603640000000013,1.4329229770771414,7.491049571559076,0.0262373478205136,2.1148442409711845,2.076862928270765,1.4990358326618187,16.216380000000015
156.75833999999998,13.016666666666667,5.405459999999977,1.4329229770771414,7.491049571559076,0.0262373478205136,2.1148442409711845,2.076862928270765,1.5438130956080256,10.810920000000038
162.1638,13.1,5.4054600000000335,1.8227308184511617,7.491049571559076,0.0291094835286764,2.129808809947917,2.076862928270765,1.497699197947007,7.207279999999997
167.56926,13.183333333333334,5.405460000000005,1.8227308184511617,7.491049571559076,0.0291094835286764,2.129808809947917,2.407337687776127,1.5645309336876143,5.405459999999977
172.97472,13.266666666666667,5.405459999999977,1.8227308184511617,10.474999163083794,0.0312985166900328,2.1183962015908637,2.407337687776127,1.5641967750089112,3.603640000000013
176.57836,13.35,3.603640000000013,2.1704367809535174,10.474999163083794,0.0312985166900328,2.1183962015908637,2.407337687776127,1.5277734790302802,3.603640000000013
176.57836,13.433333333333334,0.0,2.1704367809535174,10.474999163083794,0.0312985166900328,2.082944842253869,2.670862819278246,1.5458180476802443,7.207279999999997
176.57836,13.516666666666667,0.0,2.1704367809535174,10.474999163083794,0.0328510224782289,2.082944842253869,2.670862819278246,1.5124021798099403,10.81092000000001
174.77653999999998,13.6,-1.8018200000000208,2.4771296825567157,10.474999163083794,0.0328510224782289,2.0257931582907767,2.670862819278246,1.5124021798099403,16.216380000000015
171.1729,13.683333333333334,-3.603639999999984,2.4771296825567157,10.474999163083794,0.0338135760669105,2.0257931582907767,2.8717117032879713,1.4669565995063274,23.423660000000012
181.98382,13.716666666666669,10.81092000000001,2.4771296825567157,12.986861207292662,0.0338135760669105,2.0257931582907767,2.8717117032879713,1.4124887348777326,16.216379999999987
169.37108,13.766666666666667,-12.612740000000002,2.743898341233268,12.986861207292662,0.0338135760669105,1.949279576055431,2.8717117032879713,1.4124887348777326,32.43275999999997
167.56926,13.85,-1.801819999999992,2.743898341233268,12.986861207292662,0.0342327526297234,1.949279576055431,3.0141577203161445,1.352006014032483,37.83822000000001
167.56926,13.933333333333334,0.0,2.743898341233268,12.986861207292662,0.0342327526297234,1.949279576055431,3.0141577203161445,1.2831693262196575,41.44185999999999
169.37108,14.016666666666667,1.801819999999992,2.971831574955683,12.986861207292662,0.0341551273403136,1.8557425219016752,3.102474250873612,1.2029712433309292,43.24368000000001
172.97472,14.1,3.603639999999984,2.971831574955683,15.053357640826206,0.0341551273403136,1.8557425219016752,3.102474250873612,1.2029712433309292,43.24368000000001
176.57836,14.183333333333334,3.603640000000013,3.162018201696468,15.053357640826206,0.033627275372327,1.747520422183353,3.102474250873612,1.1134167174385157,45.0455
180.182,14.266666666666667,3.603640000000013,3.162018201696468,15.053357640826206,0.033627275372327,1.747520422183353,3.14093467547122,1.0165107006146354,48.64913999999996
183.78564,14.35,3.603639999999984,3.3155470394281346,15.053357640826206,0.033627275372327,1.747520422183353,3.14093467547122,0.9142581449315064,50.45096000000001
187.38928,14.433333333333334,3.603640000000013,3.3155470394281346,15.053357640826206,0.0326957718994093,1.626951703254309,3.14093467547122,0.9142581449315064,52.25278
190.99292,14.516666666666667,3.603639999999984,3.4335069061231884,16.70121040032492,0.0326957718994093,1.626951703254309,3.1338123746198097,0.8086640024613471,52.25278
194.59656,14.6,3.603640000000013,3.4335069061231884,16.70121040032492,0.0314071920952066,1.626951703254309,3.1338123746198097,0.7017332252763755,48.64913999999999
198.2002,14.683333333333334,3.603639999999984,3.516986619754142,16.70121040032492,0.0314071920952066,1.4963747914683867,3.1338123746198097,0.7017332252763755,43.24368000000001
201.80384,14.766666666666667,3.603639999999984,3.516986619754142,16.70121040032492,0.0314071920952066,1.4963747914683867,3.085380728830231,0.5954707654488097,36.036400000000015
205.40748,14.85,3.6036400000000417,3.5670749982935024,16.70121040032492,0.0298081111333646,1.4963747914683867,3.085380728830231,0.4918815750508687,28.82911999999999
209.01112,14.933333333333334,3.603639999999984,3.5848608597137797,17.957141422429363,0.0298081111333646,1.3581281131794305,3.085380728830231,0.4918815750508687,23.423660000000012
212.61476,15.016666666666667,3.603640000000013,3.5848608597137797,17.957141422429363,0.0279451041875293,1.3581281131794305,2.999913118613327,0.3929706061547702,18.018200000000007
216.2184,15.1,3.603639999999984,3.571433021987483,17.957141422429363,0.0279451041875293,1.3581281131794305,2.999913118613327,0.3007428108327324,14.414560000000025
221.62386,15.183333333333334,5.405460000000005,3.5278803030871204,17.957141422429363,0.0279451041875293,1.2145500947412833,2.999913118613327,0.3007428108327324,9.009100000000018
228.83114,15.266666666666667,7.207279999999969,3.4552915209852015,17.957141422429363,0.0258647464313466,1.2145500947412833,2.881682924479943,0.2172031411569735,1.801820000000049
234.2366,15.35,5.4054600000000335,3.4552915209852015,18.84787264378003,0.0258647464313466,1.2145500947412833,2.881682924479943,0.2947279546160776,-1.801819999999992
239.64206,15.433333333333334,5.405460000000005,3.3547554936542356,18.84787264378003,0.0236136130384623,1.2145500947412833,2.881682924479943,0.2947279546160776,-5.405460000000005
243.2457,15.516666666666667,3.603639999999984,3.227361039066731,18.84787264378003,0.0236136130384623,1.0679791625077897,2.734963526940925,0.3652354358224183,-7.207279999999997
243.2457,15.6,0.0,2.8963521200121445,18.84787264378003,0.0212382791825223,1.0679791625077897,2.734963526940925,0.4317330128843223,-5.405460000000005
241.44388,15.683333333333334,-1.801819999999992,2.6949152914900796,19.40012600101744,0.0212382791825223,1.0679791625077897,2.734963526940925,0.4317330128843223,-3.603640000000013
237.84024,15.766666666666667,-3.603640000000013,2.2256209863189538,19.40012600101744,0.0212382791825223,0.9207537428327937,2.5640283065071174,0.4972281139101173,1.8018200000000208
234.2366,15.85,-3.603639999999984,1.675024603461894,19.40012600101744,0.0187853200371725,0.9207537428327937,2.5640283065071174,0.4972281139101173,7.207279999999997
232.43478,15.933333333333334,-1.801819999999992,1.0518366866989697,19.40012600101744,0.0187853200371725,0.9207537428327937,2.5640283065071174,0.5647281670081307,10.810919999999982
230.63296000000005,16.016666666666666,-1.801819999999992,0.0,19.64062343078212,0.0163013107760588,0.775212262070139,2.3731506436893652,0.6265475225681921,16.21637999999996
230.63296000000005,16.1,0.0,0.0,19.64062343078212,0.0163013107760588,0.775212262070139,2.3731506436893652,0.6265475225681921,16.21637999999996
230.63296000000005,16.183333333333334,0.0,0.0,19.64062343078212,0.0163013107760588,0.775212262070139,2.3731506436893652,0.6736638962653203,16.21637999999996
230.63296000000005,16.266666666666666,0.0,0.0,19.64062343078212,0.013832826572827,0.775212262070139,2.1666039189985145,0.6736638962653203,12.612739999999974
232.43478,16.35,1.801819999999992,0.0,19.64062343078212,0.013832826572827,0.6336931465736696,2.1666039189985145,0.707079764135624,-5.4054600000000335
234.2366,16.433333333333334,1.801819999999992,0.0,19.596086869714583,0.013832826572827,0.6336931465736696,2.1666039189985145,0.707079764135624,5.405460000000005
236.03842,16.516666666666666,1.801819999999992,0.0,19.596086869714583,0.0114264426011231,0.6336931465736696,2.1666039189985145,0.7277976022152122,-3.603639999999984
237.84024,16.6,1.801819999999992,0.0,19.596086869714583,0.0114264426011231,0.6336931465736696,1.9486615129454092,0.7277976022152122,-12.612740000000002
237.84024,16.683333333333334,0.0,0.0,19.596086869714583,0.0091287340345929,0.4985348226972294,1.9486615129454092,0.7368198865401943,-18.018200000000007
239.64206,16.766666666666666,1.8018200000000208,0.0,19.293238254455357,0.0091287340345929,0.4985348226972294,1.9486615129454092,0.735149093146679,-27.027299999999997
241.44388,16.85,1.801819999999992,0.0,19.293238254455357,0.0091287340345929,0.4985348226972294,1.723596806040896,0.735149093146679,-36.036399999999986
243.2457,16.933333333333334,1.801819999999992,0.0,19.293238254455357,0.0069862760468823,0.4985348226972294,1.723596806040896,0.7237876980707756,-43.24368000000001
246.84934,17.016666666666666,3.603639999999984,0.0,18.75879952164496,0.0069862760468823,0.3720757167946615,1.723596806040896,0.7037381773485936,-50.45095999999998
246.84934,17.1,0.0,0.0,18.75879952164496,0.0050456438116372,0.3720757167946615,1.4956831787958187,0.6760030070162415,-54.05459999999999
246.84934,17.183333333333334,0.0,0.0,18.75879952164496,0.0050456438116372,0.3720757167946615,1.4956831787958187,0.6760030070162415,-57.65823999999998
243.2457,17.266666666666666,-3.603639999999984,0.0,18.019492607923908,0.0033534125025035,0.3720757167946615,1.2691940117210223,0.6415846631098289,-55.856419999999986
227.02932,17.316666666666666,-16.216380000000015,0.0,18.019492607923908,0.0033534125025035,0.2566542552198112,1.2691940117210223,0.6014856216654646,-39.64003999999997
239.64206,17.35,12.61274000000003,0.0,18.019492607923908,0.001956157293127,0.2566542552198112,1.2691940117210223,0.6014856216654646,-54.05459999999999
232.43478,17.433333333333334,-7.207279999999997,0.0,17.102039449932725,0.001956157293127,0.2566542552198112,1.0484026853273545,0.5567083587192578,-46.84732
225.2275,17.516666666666666,-7.207280000000026,0.0,17.102039449932725,0.0009004533571537,0.1546088643265216,1.0484026853273545,0.5082553503073177,-39.64003999999997
219.82204,17.6,-5.405460000000005,0.0,17.102039449932725,0.0009004533571537,0.1546088643265216,1.0484026853273545,0.4571290724657532,-34.234579999999966
212.61476,17.683333333333334,-7.207279999999969,0.0,16.033161984311935,0.0002328758682294,0.1546088643265216,0.8375825801256584,0.4571290724657532,-25.225480000000005
205.40748,17.766666666666666,-7.207279999999997,0.0,16.033161984311935,0.0002328758682294,0.1546088643265216,0.8375825801256584,0.4043320012306735,-14.414560000000025
200.00202,17.85,-5.4054600000000335,0.0,16.033161984311935,0.0,0.0682779704686363,0.8375825801256584,0.3508666126381877,-3.603639999999984
196.39838,17.933333333333334,-3.603639999999984,0.0,14.839582147702046,0.0,0.0682779704686363,0.6410070766267796,0.2977353827244048,5.405459999999977
192.79474,18.016666666666666,-3.603640000000013,0.0,14.839582147702046,0.0,0.0682779704686363,0.6410070766267796,0.2977353827244048,10.810920000000038
189.1911,18.1,-3.603639999999984,0.0,14.839582147702046,0.0,0.0682779704686363,0.6410070766267796,0.2977353827244048,16.216380000000015
187.38928,18.183333333333337,-1.801819999999992,0.0,13.548021876743585,0.0,0.0682779704686363,0.4629495553415632,0.2459407875254343,19.82002
187.38928,18.266666666666666,0.0,0.0,13.548021876743585,0.0,0.0,0.4629495553415632,0.1964853030773851,19.82002
185.58746,18.35,-1.801819999999992,0.0,13.548021876743585,0.0,0.0,0.4629495553415632,0.1964853030773851,21.62183999999999
185.58746,18.433333333333337,0.0,0.0,12.18520310807707,0.0,0.0,0.307683396780854,0.1503714054163662,18.018200000000007
185.58746,18.516666666666666,0.0,0.0,12.18520310807707,0.0,0.0,0.307683396780854,0.1086015705784867,16.21637999999996
185.58746,18.6,0.0,0.0,10.777847778343023,0.0,0.0,0.1794819814554983,0.1086015705784867,10.810919999999982
187.38928,18.683333333333337,1.801819999999992,0.0,10.777847778343023,0.0,0.0,0.1794819814554983,0.0721782745998557,7.207279999999997
190.99292,18.766666666666666,3.603639999999984,0.0,9.352677824181962,0.0,0.0,0.1794819814554983,0.0721782745998557,0.0
196.39838,18.85,5.405460000000005,0.0,9.352677824181962,0.0,0.0,0.0826186898763405,0.0421039935165825,-7.207279999999997
201.80384,18.933333333333337,5.405459999999977,0.0,7.936415182234404,0.0,0.0,0.0826186898763405,0.0193812033647761,-12.612739999999974
203.60566000000003,18.983333333333334,1.801820000000049,0.0,7.936415182234404,0.0,0.0,0.0213669025542259,0.0193812033647761,-14.414560000000025
205.40748,19.016666666666666,1.801819999999992,0.0,6.555781789140877,0.0,0.0,0.0213669025542259,0.0050123801805455,-14.414560000000025
207.2093,19.1,1.801819999999992,0.0,6.555781789140877,0.0,0.0,0.0213669025542259,0.0050123801805455,-14.414560000000025
207.2093,19.183333333333337,0.0,0.0,5.237499581541898,0.0,0.0,0.0,0.1879642567704577,-14.414560000000025
207.2093,19.266666666666666,0.0,0.0,4.008290496077985,0.0,0.0,0.0,0.3512843109865665,-14.414560000000025
203.60566000000003,19.35,-3.603639999999984,0.0,4.008290496077985,0.0,0.0,0.0,0.3512843109865665,-14.414560000000025
201.80384,19.433333333333337,-1.801820000000049,0.0,2.894876469389657,0.0,0.0,0.0,0.4912132576934627,-14.414559999999966
196.39838,19.516666666666666,-5.405459999999977,0.0,2.894876469389657,0.0,0.0,0.0,0.4912132576934627,-1.801819999999992
194.59656,19.6,-1.801819999999992,0.0,1.9239794381174316,0.0,0.0,0.0,0.4912132576934627,-9.00909999999999
190.99292,19.683333333333337,-3.603640000000013,0.0,1.9239794381174316,0.0,0.0,0.0,0.6090041919362829,-7.207279999999997
189.1911,19.766666666666666,-1.801819999999992,0.0,1.1223213389018358,0.0,0.0,0.0,0.6090041919362829,-5.405460000000005
189.1911,19.85,0.0,0.0,0.5166241083833855,0.0,0.0,0.0,0.7059102087601633,-1.801819999999992
189.1911,19.933333333333337,0.0,0.0,0.1336096832025992,0.0,0.0,0.0,0.7831844032102402,1.801819999999992
190.99292,20.016666666666666,1.801819999999992,0.0696861847765426,4.141900179280583,0.0174656901172058,0.8146995835520037,0.3846042459760675,0.7831844032102402,7.207279999999997
192.79474,20.1,1.801819999999992,0.0696861847765426,4.008290496077984,0.0174656901172058,2.680368454572071,0.3846042459760675,0.8420798703316503,10.810920000000038
192.79474,20.183333333333337,0.0,0.0696861847765426,4.008290496077984,0.0174656901172058,3.1250376273924063,0.3846042459760675,0.88384970516953,14.414560000000025
192.79474,20.266666666666666,0.0,0.0696861847765426,4.008290496077984,0.0326414341968225,3.488891329299042,0.7187826019241619,0.88384970516953,18.018200000000007
189.1911,20.35,-3.603639999999984,0.1333232585145263,4.008290496077984,0.0326414341968225,3.7766064129996697,0.7187826019241619,0.9097470027690152,19.82002
187.38928,20.433333333333337,-1.801819999999992,0.1333232585145263,4.008290496077984,0.0456436701729646,3.7766064129996697,0.7187826019241619,0.9210248581752428,18.018200000000007
194.59656,20.45,7.207279999999997,0.1333232585145263,4.008290496077984,0.0456436701729646,3.9928597312019742,1.0050990961507895,0.9210248581752428,9.009100000000018
185.58746,20.516666666666666,-9.00909999999999,0.1333232585145263,7.491049571559076,0.0565888359797469,4.142328136613645,1.0050990961507895,0.9189363664333488,16.21637999999996
183.78564,20.6,-1.8018200000000208,0.1910563969436188,7.491049571559076,0.0565888359797469,4.142328136613645,1.0050990961507895,0.9047346225884696,16.216379999999987
183.78564,20.683333333333337,0.0,0.1910563969436188,7.491049571559076,0.0655933695512842,4.229688481942369,1.2461177569624589,0.9047346225884696,18.01819999999998
187.38928,20.766666666666666,3.603640000000013,0.1910563969436188,7.491049571559076,0.0655933695512842,4.229688481942369,1.2461177569624589,0.879672721685742,16.216380000000015
190.99292,20.85,3.603639999999984,0.2430307757934882,7.491049571559076,0.072773708821691,4.259617619895834,1.2461177569624589,0.8450037587703019,14.414560000000025
198.2002,20.933333333333337,7.207279999999997,0.2430307757934882,7.491049571559076,0.072773708821691,4.259617619895834,1.4444026126656762,0.8450037587703019,9.009100000000018
203.60566000000003,21.016666666666666,5.4054600000000335,0.2430307757934882,10.474999163083794,0.072773708821691,4.2367924031817275,1.4444026126656762,0.8019808288872861,7.207279999999969
207.2093,21.1,3.603639999999984,0.2893915707938023,10.474999163083794,0.0782462917250822,4.2367924031817275,1.4444026126656762,0.7518570270818308,5.405460000000005
210.81294,21.183333333333337,3.603639999999984,0.2893915707938023,10.474999163083794,0.0782462917250822,4.165889684507738,1.602517691566948,0.6958854483990723,1.8018200000000208
209.01112,21.266666666666666,-1.801819999999992,0.2893915707938023,10.474999163083794,0.0821275561955724,4.165889684507738,1.602517691566948,0.6958854483990723,1.801819999999992
205.40748,21.35,-3.603639999999984,0.3302839576742287,10.474999163083794,0.0821275561955724,4.165889684507738,1.602517691566948,0.6353191878841471,3.603639999999984
203.60566000000003,21.433333333333337,-1.801819999999992,0.3302839576742287,10.474999163083794,0.0845339401672763,4.051586316581553,1.7230270219727828,0.5714113405821915,1.801819999999992
201.80384,21.516666666666666,-1.801820000000049,0.3302839576742287,12.986861207292662,0.0845339401672763,4.051586316581553,1.7230270219727828,0.505415001538342,1.801820000000049
200.00202,21.6,-1.801819999999992,0.3658531121644357,12.986861207292662,0.0845339401672763,3.898559152110862,1.7230270219727828,0.505415001538342,3.6036400000000417
201.80384,21.683333333333337,1.801819999999992,0.3658531121644357,12.986861207292662,0.0855818815743087,3.898559152110862,1.8084946321896869,0.4385832657977346,0.0
203.60566000000003,21.766666666666666,1.801820000000049,0.3658531121644357,12.986861207292662,0.0855818815743087,3.898559152110862,1.8084946321896869,0.3721692284055061,-5.4054600000000335
205.40748,21.85,1.801819999999992,0.396244209994091,12.986861207292662,0.0853878183507841,3.7114850438033504,1.8084946321896869,0.3721692284055061,-9.009100000000018
207.2093,21.933333333333337,1.801819999999992,0.396244209994091,15.053357640826206,0.0853878183507841,3.7114850438033504,1.861484550524167,0.3074259844067929,-12.612740000000002
210.81294,22.016666666666666,3.603639999999984,0.4216024268928624,15.053357640826206,0.0853878183507841,3.7114850438033504,1.861484550524167,0.2456066288467313,-19.82002
212.61476,22.1,1.8018200000000208,0.4216024268928624,15.053357640826206,0.0840681884308175,3.495040844366706,1.861484550524167,0.2456066288467313,-23.423660000000012
212.61476,22.183333333333337,0.0,0.4420729385904179,15.053357640826206,0.0840681884308175,3.495040844366706,1.884560805282732,0.1879642567704577,-25.225480000000005
210.81294,22.266666666666666,-1.8018200000000208,0.4420729385904179,15.053357640826206,0.0817394297485234,3.253903406508618,1.884560805282732,0.1357519632231084,-23.423659999999984
209.01112,22.35,-1.801819999999992,0.4578009208164251,16.70121040032492,0.0817394297485234,3.253903406508618,1.884560805282732,0.1357519632231084,-18.018200000000007
205.40748,22.433333333333337,-3.603639999999984,0.4578009208164251,16.70121040032492,0.0785179802380165,3.253903406508618,1.880287424771886,0.0902228432498196,-10.81092000000001
203.60566000000003,22.516666666666666,-1.801819999999992,0.4689315493005522,16.70121040032492,0.0785179802380165,2.9927495829367734,1.880287424771886,0.0526299918957281,-1.801820000000049
203.60566000000003,22.6,0.0,0.4689315493005522,16.70121040032492,0.0785179802380165,2.9927495829367734,1.880287424771886,0.0526299918957281,-36.036400000000015
201.80384,22.683333333333337,-1.801820000000049,0.4689315493005522,16.70121040032492,0.0785179802380165,2.9927495829367734,1.880287424771886,0.0526299918957281,3.6036400000000417
198.2002,22.766666666666666,-3.603639999999984,0.475609999772467,16.70121040032492,0.0745202778334116,2.9927495829367734,1.8512284372981385,0.0242265042059701,7.207280000000026
196.39838,22.85,-1.801819999999992,0.475609999772467,17.957141422429363,0.0745202778334116,2.716256226358861,1.8512284372981385,0.0242265042059701,1.801819999999992
194.59656,22.933333333333337,-1.801819999999992,0.4779814479618373,17.957141422429363,0.0698627604688234,2.716256226358861,1.8512284372981385,0.0062654752256819,-7.207279999999997
190.99292,23.016666666666666,-3.603640000000013,0.476191069598331,17.957141422429363,0.0698627604688234,2.716256226358861,1.7999478711679964,0.0,-16.216380000000015
189.1911,23.1,-1.801819999999992,0.4703840404116161,17.957141422429363,0.0698627604688234,2.716256226358861,1.7999478711679964,0.0,-28.82911999999999
187.38928,23.183333333333337,-1.801819999999992,0.4703840404116161,17.957141422429363,0.0646618660783665,2.4291001894825666,1.7999478711679964,0.0,-37.83822000000001
187.38928,23.266666666666666,0.0,0.4607055361313602,18.84787264378003,0.0646618660783665,2.4291001894825666,1.729009754687966,0.0,-45.0455
190.99292,23.35,3.603639999999984,0.4473007324872314,18.84787264378003,0.0590340325961558,2.4291001894825666,1.729009754687966,0.0,-50.45096000000001
194.59656,23.433333333333337,3.603640000000013,0.4303148052088975,18.84787264378003,0.0590340325961558,2.135958325015579,1.640978116164555,0.0,-52.25278
201.80384,23.516666666666666,7.207279999999969,0.4098929300260263,18.84787264378003,0.0590340325961558,2.135958325015579,1.640978116164555,0.0,-54.05459999999999
167.56926,23.6,-34.234579999999966,0.3593220388653439,19.40012600101744,0.0530956979563058,2.135958325015579,1.640978116164555,0.0,-14.414560000000025
205.40748,23.6,37.83822000000001,0.3294633743468684,19.40012600101744,0.0530956979563058,1.8415074856655873,1.5384169839042705,0.0,-46.84732
205.40748,23.683333333333337,0.0,0.2613254860819881,19.40012600101744,0.0469633000929313,1.8415074856655873,1.5384169839042705,0.0,-41.44186000000002
198.2002,23.766666666666666,-7.207280000000026,0.1829280237109879,19.40012600101744,0.0469633000929313,1.8415074856655873,1.5384169839042705,0.0,-30.63093999999998
187.38928,23.85,-10.810919999999982,0.0486357039747006,19.64062343078212,0.0469633000929313,1.8415074856655873,1.4238903862136192,0.0,-16.216380000000015
174.77653999999998,23.933333333333337,-12.61274000000003,0.0,19.64062343078212,0.040753276940147,1.550424524140278,1.4238903862136192,0.0,-3.603639999999984
160.36198000000002,0.0166666666666666,-14.414559999999966,0.0,19.64062343078212,0.040753276940147,1.550424524140278,1.4238903862136192,0.0,10.810919999999982
149.55106,0.1,-10.81092000000001,0.0,19.64062343078212,0.0345820664320675,1.550424524140278,1.2999623513991088,0.0,19.82002
142.34378,0.1833333333333333,-7.207279999999997,0.0,19.596086869714583,0.0345820664320675,1.2673862931473392,1.2999623513991088,0.0,23.423659999999984
140.54196,0.2666666666666666,-1.8018200000000208,0.0,19.596086869714583,0.0285661065028077,1.2673862931473392,1.2999623513991088,0.0,21.62184000000002
142.34378,0.35,1.8018200000000208,0.0,19.596086869714583,0.0285661065028077,1.2673862931473392,1.1691969077672455,0.0,16.216380000000015
147.74924,0.4333333333333333,5.405459999999977,0.0,19.596086869714583,0.0285661065028077,1.2673862931473392,1.1691969077672455,0.0,9.00909999999999
153.1547,0.5166666666666667,5.405460000000005,0.0,19.293238254455357,0.0228218350864823,0.9970696453944587,1.1691969077672455,0.0,0.0
158.56016000000002,0.6,5.4054600000000335,0.0,19.293238254455357,0.0228218350864823,0.9970696453944587,1.0341580836245376,0.0,-7.207280000000026
163.96562,0.6833333333333333,5.405459999999977,0.0,19.293238254455357,0.0174656901172058,0.9970696453944587,1.0341580836245376,0.0,0.0
167.56926,0.7666666666666667,3.603640000000013,0.0,19.293238254455357,0.0174656901172058,0.9970696453944587,1.0341580836245376,0.0,-19.820020000000028
171.1729,0.85,3.603639999999984,0.0,18.75879952164496,0.0174656901172058,0.7441514335893231,1.0341580836245376,0.0,-27.027299999999997
171.1729,0.9333333333333332,0.0,0.0,18.75879952164496,0.0126141095290931,0.7441514335893231,0.8974099072774911,0.0,-30.63094000000001
171.1729,1.0166666666666666,0.0,0.0,18.75879952164496,0.0126141095290931,0.7441514335893231,0.8974099072774911,0.0,-36.036399999999986
169.37108,1.1,-1.801819999999992,0.0,18.75879952164496,0.0083835312562588,0.7441514335893231,0.8974099072774911,0.0,-36.036399999999986
165.76744,1.1833333333333331,-3.603640000000013,0.0,18.019492607923908,0.0083835312562588,0.5133085104396224,0.7615164070326136,0.0,-34.234579999999994
162.1638,1.2666666666666666,-3.603639999999984,0.0,18.019492607923908,0.0048903932328176,0.5133085104396224,0.7615164070326136,0.0,-32.43276
158.56016000000002,1.35,-3.603639999999984,0.0,18.019492607923908,0.0048903932328176,0.5133085104396224,0.6290416111964127,0.0,-28.829120000000017
156.75833999999998,1.4333333333333331,-1.801820000000049,0.0,17.102039449932725,0.0048903932328176,0.3092177286530432,0.6290416111964127,0.0,-28.829119999999975
153.1547,1.5166666666666666,-3.603639999999984,0.0,17.102039449932725,0.0022511333928843,0.3092177286530432,0.6290416111964127,0.0,-25.22547999999999
151.35288,1.6,-1.801819999999992,0.0,16.033161984311935,0.0022511333928843,0.3092177286530432,0.502549548075395,0.0,-25.225480000000005
163.96562,1.6833333333333331,12.612740000000002,0.0,16.033161984311935,0.0005821896705735,0.3092177286530432,0.502549548075395,0.0,-37.83822000000001
147.74924,1.6833333333333331,-16.216380000000015,0.0,16.033161984311935,0.0005821896705735,0.1365559409372727,0.502549548075395,0.0,-21.62183999999999
144.1456,1.7666666666666666,-3.603639999999984,0.0,14.839582147702046,0.0,0.1365559409372727,0.3846042459760678,0.0,-18.018200000000007
140.54196,1.85,-3.603640000000013,0.0,14.839582147702046,0.0,0.1365559409372727,0.3846042459760678,0.0,-14.414559999999994
135.1365,1.9333333333333331,-5.405459999999977,0.0,14.839582147702046,0.0,0.1365559409372727,0.2777697332049379,0.0,-7.2072800000000115
133.33468000000002,2.0166666666666666,-1.801819999999992,0.0,13.548021876743585,0.0,0.0,0.2777697332049379,0.0,-3.603640000000013
131.53286,2.1,-1.8018200000000208,0.0,13.548021876743585,0.0,0.0,0.2777697332049379,0.0,-1.801819999999992
129.73104,2.183333333333333,-1.801819999999992,0.0,12.18520310807707,0.0,0.0,0.1846100380685124,0.0,-3.603640000000013
129.73104,2.2666666666666666,0.0,0.0,12.18520310807707,0.0,0.0,0.1846100380685124,0.0,-10.81092000000001
127.92922,2.35,-1.8018200000000064,0.0,10.777847778343023,0.0,0.0,0.1846100380685124,0.0,-21.62183999999999
127.92922,2.4333333333333336,0.0,0.0,10.777847778343023,0.0,0.0,0.1076891888732989,0.0,-36.0364
126.1274,2.5166666666666666,-1.8018200000000064,0.0,9.352677824181962,0.0,0.0,0.1076891888732989,0.0,-50.450959999999995
126.1274,2.6,0.0,0.0,9.352677824181962,0.0,0.0,0.0495712139258043,0.0,-64.86552
126.1274,2.6833333333333336,0.0,0.0,7.936415182234404,0.0,0.0,0.0495712139258043,0.0,-73.87462
126.1274,2.7666666666666666,0.0,0.0,7.936415182234404,0.0,0.0,0.0128201415325355,0.0,-81.08189999999999
126.1274,2.85,0.0,0.0,6.555781789140877,0.0,0.0,0.0128201415325355,0.0,-84.68554
127.92922,2.9333333333333336,1.8018200000000064,0.0,6.555781789140877,0.0,0.0,0.0128201415325355,0.0,-88.28917999999999
129.73104,3.0166666666666666,1.8018200000000064,0.0,5.237499581541898,0.0,0.0,0.0,0.0,-90.091
129.73104,3.1,0.0,0.0,4.008290496077985,0.0,0.0,0.0,0.0,-88.28918000000002
126.1274,3.183333333333333,-3.603640000000013,0.0,4.008290496077985,0.0,0.0,0.0,0.0,-82.88372
118.92012,3.2666666666666666,-7.207279999999997,0.0,2.894876469389657,0.0,0.0,0.0,0.0,-73.87462
106.30738,3.35,-12.612739999999988,0.0,1.9239794381174316,0.0,0.0,0.0,0.0,-59.460060000000006
91.89282,3.4333333333333336,-14.414560000000009,0.0,1.9239794381174316,0.0,0.0,0.0,0.0,-45.0455
75.67644,3.5166666666666666,-16.21638,0.0,1.1223213389018358,0.0,0.0,0.0,0.0,-28.829119999999996
61.26188,3.6,-14.414560000000002,0.0,0.5166241083833855,0.0,0.0,0.0,0.0,-18.0182
52.25278,3.6833333333333336,-9.009099999999997,0.0,0.1336096832025992,0.0,0.0,0.0,0.0,-10.810920000000005
45.0455,3.7666666666666666,-7.207279999999997,0.0,0.1336096832025992,0.0,0.0,0.0,0.0,-5.405459999999998
41.44186,3.85,-3.6036400000000057,0.0,0.0,0.0,0.0,0.0,0.0,-1.801819999999992
39.640040000000006,3.9333333333333336,-1.801819999999992,0.0,0.0,0.0,0.0,0.0,0.0,0.0
39.640040000000006,4.016666666666667,0.0,0.0,0.0,0.0,0.0,0.0,0.0,0.0
41.44186,4.1,1.801819999999992,0.0,0.0,0.0,0.0,0.0,0.0,-1.801819999999992
43.24368,4.183333333333334,1.801819999999999,0.0,0.0,0.0,0.0,0.0,0.0,-3.603639999999991
45.0455,4.266666666666667,1.8018200000000064,0.0,0.0,0.0,0.0,0.0,0.0,-5.405459999999998
46.84732,4.35,1.801819999999999,0.0,0.0,0.0,0.0,0.0,0.0,-7.207279999999997
46.84732,4.433333333333334,0.0,0.0,0.0,0.0,0.0,0.0,0.0,-7.207279999999997
46.84732,4.516666666666667,0.0,0.0,0.0,0.0,0.0,0.0,0.0,-7.207279999999997
43.24368,4.6,-3.6036400000000057,0.0,0.0,0.0,0.0,0.0,0.0,-3.603639999999991
41.44186,4.683333333333334,-1.801819999999999,0.0,0.0,0.0,0.0,0.0,0.0,-1.801819999999992
39.640040000000006,4.766666666666667,-1.801819999999992,0.0,0.0,0.0,0.0,0.0,0.0,0.0
39.640040000000006,4.85,0.0,0.0,0.0,0.0,0.0,0.0,0.0,0.0
39.640040000000006,4.933333333333334,0.0,0.0,0.0,0.0,0.0,0.0,0.0,14.414559999999994
39.640040000000006,5.016666666666667,0.0,0.0,0.0,0.0,0.0,0.0,0.0,0.0
39.640040000000006,5.1,0.0,0.0,0.0,0.0,0.0,0.0,0.0,0.0
39.640040000000006,5.183333333333334,0.0,0.0,0.0,0.0,0.0,0.0,0.0,0.0
39.640040000000006,5.266666666666667,0.0,0.0,0.0,0.0,0.0,0.0,0.0,18.0182
39.640040000000006,5.35,0.0,0.0,0.0,0.0,0.0,0.0,0.0,0.0
39.640040000000006,5.433333333333334,0.0,0.0,0.0,0.0,0.0,0.0,0.0,0.0
39.640040000000006,5.516666666666667,0.0,0.0,0.0,0.0,0.0,0.0,0.0,1.801819999999992
39.640040000000006,5.6,0.0,0.0,0.0,0.0,0.0,0.0,0.0,34.23457999999999
39.640040000000006,5.683333333333334,0.0,0.0,0.0,0.0,0.0,0.0,0.0,9.009099999999997
39.640040000000006,5.766666666666667,0.0,0.0,0.0,0.0,0.0,0.0,0.0,14.414559999999994
39.640040000000006,5.85,0.0,0.0,0.0,0.0,0.0,0.0,0.0,19.820019999999992
54.0546,5.933333333333334,14.414559999999994,0.0,0.0,0.0,0.0,0.0,0.0,9.009099999999997
39.640040000000006,5.933333333333334,-14.414559999999994,0.0,0.0,0.0,0.0,0.0,0.0,25.225479999999997
39.640040000000006,6.016666666666667,0.0,0.0,0.0,0.0,0.0,0.0,0.0,27.027300000000004
39.640040000000006,6.1,0.0,0.0,0.0,0.0,0.0,0.0,0.0,27.027300000000004
57.658240000000006,6.183333333333334,18.0182,0.0,0.0,0.0,0.0,0.0,0.0,9.009100000000004
39.640040000000006,6.183333333333334,-18.0182,0.0,0.0,0.0,0.0,0.0,0.0,27.027300000000004
39.640040000000006,6.266666666666667,0.0,0.0,0.0,0.0,0.0,0.0,0.0,27.027300000000004
41.44186,6.35,1.801819999999992,0.0,0.0,0.0,0.0,0.0,0.0,28.829119999999996
73.87462,6.4,32.432759999999995,0.0,0.0,0.0,0.0,0.0,0.0,1.8018200000000064
48.64914,6.433333333333334,-25.22547999999999,0.0,0.0,0.0,0.0,0.0,0.0,34.234579999999994
54.0546,6.516666666666667,5.405459999999998,0.0,0.0,0.0,0.0,0.0,0.0,36.03640000000001
59.46006,6.6,5.405459999999998,0.0,0.0,0.0,0.0,0.0,0.0,37.83822000000001
63.0637,6.683333333333334,3.603639999999998,0.0,0.0,0.0,0.0,0.0,0.0,41.441860000000005
64.86552,6.766666666666667,1.8018200000000064,0.0,0.0,0.0,0.0,0.0,0.0,45.04549999999999
66.66734000000001,6.85,1.8018200000000064,0.0,0.0,0.0,0.0,0.0,0.0,45.04549999999999
66.66734000000001,6.933333333333334,0.0,0.0,0.0,0.0,0.0,0.0,0.0,43.24367999999998
66.66734000000001,7.016666666666667,0.0,0.0,0.0,0.0,0.0,0.0,0.0,41.44185999999999
66.66734000000001,7.1,0.0,0.0,0.0,0.0,0.0,0.0,0.0,37.83821999999999
66.66734000000001,7.183333333333334,0.0,0.0,0.0,0.0,0.0,0.0,0.0,32.43275999999999
70.27098,7.266666666666667,3.603639999999984,0.0,0.0,0.0,0.0,0.0,0.0,21.62184000000001
75.67644,7.35,5.405460000000005,0.0,0.0,0.0,0.0,0.0,0.0,10.810919999999996
82.88372,7.433333333333334,7.207279999999997,0.0,0.0,0.0,0.0,0.0,0.0,-3.603639999999984
90.091,7.516666666666667,7.2072800000000115,0.0,0.0,0.0,0.0,0.0,0.0,-16.216380000000015
97.29828,7.6,7.207279999999997,0.0,0.0,0.0,0.0,0.0,0.0,-28.829120000000003
104.50556,7.683333333333334,7.207279999999997,0.0,0.0,0.0,0.0,0.0,0.0,-39.64004
109.91102,7.766666666666667,5.405459999999991,0.0,0.0,0.0,0.0,0.0,0.0,-48.64914
111.71284,7.85,1.8018200000000064,0.0,0.0,0.0,0.0,0.0,0.0,-52.25278
109.91102,7.933333333333334,-1.8018200000000064,0.0,0.0,0.0,0.0,0.0,0.0,-54.05459999999999
108.1092,8.016666666666667,-1.801819999999992,0.0,0.0,0.0,0.0,0.0,0.0,-52.25278
104.50556,8.1,-3.603639999999998,0.0,0.0,0.0,0.0,0.0,0.0,-52.25278
99.1001,8.183333333333334,-5.405460000000005,0.0,0.0,0.0,0.0,0.0,0.0,-48.64914
91.89282,8.266666666666667,-7.207279999999997,0.0,0.0,0.0,0.0,0.0,0.0,-43.24368
86.48736,8.35,-5.405460000000005,0.0,0.0,0.0,0.0,0.0,0.0,-39.64003999999999
79.28008000000001,8.433333333333334,-7.207279999999983,0.0,0.0,0.0,0.0,0.0,0.0,-36.036400000000015
73.87462,8.516666666666667,-5.405460000000019,0.0,0.0,0.0,0.0,0.0,0.0,-32.432759999999995
68.46916,8.6,-5.405459999999991,0.0,0.0,0.0,0.0,0.0,0.0,-28.829119999999996
64.86552,8.683333333333334,-3.603639999999998,0.0,0.0,0.0,0.0,0.0,0.0,-25.225479999999997
61.26188,8.766666666666667,-3.6036400000000057,0.0,0.0,0.0,0.0,0.0,0.0,-21.62183999999999
59.46006,8.85,-1.801819999999999,0.0,0.0,0.0,0.0,0.0,0.0,-19.820019999999992
55.85642,8.933333333333334,-3.603639999999998,0.0,0.0,0.0,0.0,0.0,0.0,-16.216379999999994
55.85642,9.016666666666667,0.0,0.0,0.0,0.0,0.0,0.0,0.0,-16.216379999999994
52.25278,9.1,-3.603639999999998,0.0,0.0,0.0,0.0,0.0,0.0,-12.612739999999995
50.450959999999995,9.183333333333334,-1.8018200000000064,0.3484309238827132,2.004145248038992,0.0083835312562588,0.6450620874391053,0.1282014153253558,0.0,-10.810919999999989
48.64914,9.266666666666667,-1.801819999999992,0.3484309238827132,2.004145248038992,0.0083835312562588,0.8041105363716214,0.1282014153253558,0.0,-9.009099999999997
46.84732,9.35,-1.801819999999999,0.3484309238827132,2.004145248038992,0.0156678884144748,0.937511288217722,0.2395942006413873,0.0,-7.207279999999997
43.24368,9.433333333333334,-3.6036400000000057,0.3484309238827132,2.004145248038992,0.0156678884144748,1.0466673987897126,0.2395942006413873,0.0,-3.603639999999991
41.44186,9.516666666666667,-1.801819999999999,0.6666162925726317,2.004145248038992,0.021908961683023,1.1329819238999008,0.2395942006413873,0.0,-1.801819999999992
39.640040000000006,9.6,-1.801819999999992,0.6666162925726317,2.004145248038992,0.021908961683023,1.1978579193605925,0.3350330320502632,0.0,0.0
39.640040000000006,9.683333333333334,0.0,0.6666162925726317,3.745524785779538,0.0271626412702785,1.1978579193605925,0.3350330320502632,0.0,0.0
39.640040000000006,9.766666666666667,0.0,0.9552819847180944,3.745524785779538,0.0271626412702785,1.2426984409840935,0.3350330320502632,0.0,0.0
39.640040000000006,9.85,0.0,0.9552819847180944,3.745524785779538,0.0314848173846164,1.2689065445827108,0.4153725856541529,0.0,0.0
39.640040000000006,9.933333333333334,0.0,0.9552819847180944,3.745524785779538,0.0314848173846164,1.2689065445827108,0.4153725856541529,0.0,0.0
39.640040000000006,10.016666666666667,0.0,0.9552819847180944,3.745524785779538,0.0314848173846164,1.2689065445827108,0.4153725856541529,0.0,16.216379999999994
39.640040000000006,10.1,0.0,1.2151538789674412,3.745524785779538,0.0314848173846164,1.27788528596875,0.4153725856541529,0.0,1.801819999999992
39.640040000000006,10.183333333333334,0.0,1.2151538789674412,3.745524785779538,0.0349313802344116,1.27788528596875,0.4814675375552254,0.0,5.405459999999998
39.640040000000006,10.266666666666667,0.0,1.2151538789674412,5.237499581541897,0.0349313802344116,1.271037720954518,0.4814675375552254,0.0,10.810919999999989
39.640040000000006,10.35,0.0,1.2151538789674412,5.237499581541897,0.0375582200280394,1.271037720954518,0.4814675375552254,0.0,16.216379999999994
39.640040000000006,10.433333333333334,0.0,1.4469578539690118,5.237499581541897,0.0375582200280394,1.271037720954518,0.5341725638556493,0.0,21.62183999999999
39.640040000000006,10.516666666666667,0.0,1.4469578539690118,5.237499581541897,0.0394212269738747,1.2497669053523213,0.5341725638556493,0.0,30.63093999999999
39.640040000000006,10.6,0.0,1.4469578539690118,5.237499581541897,0.0394212269738747,1.2497669053523213,0.5341725638556493,0.0,37.838219999999986
39.640040000000006,10.683333333333334,0.0,1.6514197883711437,5.237499581541897,0.0394212269738747,1.215475894974466,0.5743423406575943,0.0,46.84731999999999
39.640040000000006,10.766666666666667,0.0,1.6514197883711437,6.493430603646331,0.0405762912802926,1.215475894974466,0.5743423406575943,0.0,57.65824
39.640040000000006,10.85,0.0,1.8292655608221784,6.493430603646331,0.0405762912802926,1.1695677456332585,0.5743423406575943,0.1127785540622746,70.27097999999998
39.640040000000006,10.933333333333334,0.0,1.8292655608221784,6.493430603646331,0.0410793031556681,1.1695677456332585,0.6028315440632289,0.1127785540622746,84.68554
55.85642,11.0,16.216379999999994,1.8292655608221784,6.493430603646331,0.0410793031556681,1.1695677456332585,0.6028315440632289,0.2107705865919399,82.88372
41.44186,11.016666666666667,-14.414560000000002,1.9812210499704552,6.493430603646331,0.0409861528083764,1.113445513141005,0.6028315440632289,0.2107705865919399,109.91102
45.0455,11.1,3.6036400000000057,1.9812210499704552,7.526678820413103,0.0409861528083764,1.113445513141005,0.6204948501747224,0.2947279546160776,120.72194
50.450959999999995,11.183333333333334,5.405459999999991,2.108012134464312,7.526678820413103,0.0409861528083764,1.113445513141005,0.6204948501747224,0.3654025151617697,126.1274
55.85642,11.266666666666667,5.405460000000005,2.108012134464312,7.526678820413103,0.0403527304467924,1.0485122533100115,0.6204948501747224,0.3654025151617697,131.53286000000003
61.26188,11.35,5.405459999999998,2.108012134464312,7.526678820413103,0.0403527304467924,1.0485122533100115,0.628186935094244,0.423546125256098,136.93832
70.27098,11.433333333333334,9.009099999999997,2.2103646929520897,7.526678820413103,0.0392349262792912,1.0485122533100115,0.628186935094244,0.423546125256098,135.1365
77.47825999999999,11.516666666666667,7.207279999999997,2.2103646929520897,7.526678820413103,0.0392349262792912,0.9761710219525854,0.628186935094244,0.469910641926144,133.33468
86.48736,11.6,9.009100000000004,2.289004604082126,8.35060520016246,0.0392349262792912,0.9761710219525854,0.626762474923962,0.5052479221989903,127.92922000000002
97.29828,11.683333333333334,10.81092000000001,2.289004604082126,8.35060520016246,0.0376886305142479,0.9761710219525854,0.626762474923962,0.5052479221989903,118.92012
109.91102,11.766666666666667,12.612739999999988,2.344657746502761,8.35060520016246,0.0376886305142479,0.897824874881032,0.626762474923962,0.530309823101718,108.1092
124.32558,11.85,14.414560000000009,2.378049998862335,8.35060520016246,0.0357697333600375,0.897824874881032,0.6170761457660462,0.5458482016614091,93.69464
138.74014,11.933333333333334,14.414559999999994,2.378049998862335,8.35060520016246,0.0357697333600375,0.897824874881032,0.6170761457660462,0.5458482016614091,79.28008
151.35288,12.016666666666667,12.612740000000002,2.3899072398091863,8.978570711214681,0.0357697333600375,0.8148768679076582,0.6170761457660462,0.5526149149051457,66.66734
165.76744,12.1,14.414559999999994,2.380955347991655,8.978570711214681,0.0335341250250352,0.8148768679076582,0.5999826237226654,0.5513618198600092,52.25278
176.57836,12.183333333333334,10.81092000000001,2.380955347991655,8.978570711214681,0.0335341250250352,0.8148768679076582,0.5999826237226654,0.5513618198600092,39.64004
187.38928,12.266666666666667,10.81092000000001,2.3519202020580803,8.978570711214681,0.0310376957176159,0.72873005684477,0.5999826237226654,0.5428407735530817,28.82911999999999
198.2002,12.35,10.810919999999982,2.303527680656801,9.423936321890016,0.0310376957176159,0.72873005684477,0.5763365848959886,0.5278036330114452,16.216380000000015
205.40748,12.433333333333334,7.207280000000026,2.236503662436157,9.423936321890016,0.0310376957176159,0.72873005684477,0.5763365848959886,0.5278036330114452,9.00909999999999
210.81294,12.516666666666667,5.405459999999977,2.1515740260444876,9.423936321890016,0.0283363356461547,0.6407874975046737,0.5763365848959886,0.5070022552621811,1.8018200000000208
214.41658,12.6,3.603640000000013,2.0494646501301315,9.423936321890016,0.0283363356461547,0.6407874975046737,0.546992705388185,0.4811884973323717,-3.603640000000013
216.2184,12.683333333333334,1.801819999999992,1.9309014133414295,9.423936321890016,0.0254859350190267,0.6407874975046737,0.546992705388185,0.4511142162490984,-9.00909999999999
218.02022,12.766666666666667,1.801819999999992,1.647316871734342,9.70006300050872,0.0254859350190267,0.5524522456996761,0.546992705388185,0.6766713243736476,-12.612739999999974
218.02022,12.85,0.0,1.3066274304099408,9.70006300050872,0.022542384044607,0.5524522456996761,0.5128056613014235,0.6430883771639926,-16.216380000000015
218.02022,12.933333333333334,0.0,0.9146401185549397,9.70006300050872,0.022542384044607,0.5524522456996761,0.5128056613014235,0.8027326859143682,-21.62183999999999
218.02022,13.016666666666667,0.0,0.4771619653560549,9.70006300050872,0.022542384044607,0.5524522456996761,0.5128056613014235,0.93230271358147,-27.027299999999997
218.02022,13.1,0.0,0.0,9.82031171539106,0.0195615729312705,0.4651273572420834,0.4746301287378731,0.93230271358147,-32.43275999999997
216.2184,13.183333333333334,-1.801819999999992,0.1742154619413566,13.026944112253446,0.0405204010719175,3.69043779443761,0.7951336670512628,1.0340540312465445,-34.234579999999994
216.2184,13.266666666666667,0.0,0.1742154619413566,13.026944112253446,0.0375582200280394,5.152683798330694,0.7951336670512628,0.9939549898021802,-37.83822000000001
214.41658,13.35,-1.801819999999992,0.1742154619413566,13.026944112253446,0.0557691129235794,5.6135528818927645,1.0323062854031713,1.110242209990837,-37.83822000000001
214.41658,13.433333333333334,0.0,0.3333081462863158,13.004675831719675,0.0528814521575347,5.6135528818927645,1.0323062854031713,1.1631228208955915,-41.44186000000002
212.61476,13.516666666666667,-1.801819999999992,0.3333081462863158,13.004675831719675,0.0684841353289053,6.045125507443706,0.9887178041925502,1.1242768744963638,-43.24368000000001
210.81294,13.6,-1.8018200000000208,0.3333081462863158,13.004675831719675,0.0684841353289053,6.3695054847471635,1.22731488271474,1.1949514350420565,-45.0455
207.2093,13.683333333333334,-3.603639999999984,0.3333081462863158,15.63945878447494,0.0788610840172078,6.2884104904213,1.22731488271474,1.1578598217060194,-45.0455
205.40748,13.766666666666667,-1.801819999999992,0.4776409923590471,15.63945878447494,0.0788610840172078,6.5126130985388055,1.1823019413338374,1.1733982002657108,-48.649140000000045
201.80384,13.85,-3.6036400000000417,0.4776409923590471,15.63945878447494,0.0870955747177998,6.643653616531892,1.3831508253435616,1.2044749573850928,-50.45095999999998
196.39838,13.933333333333334,-5.405459999999977,0.4776409923590471,15.63945878447494,0.0870955747177998,6.567778152990351,1.3831508253435616,1.1731475812566834,-48.64914000000002
190.99292,14.016666666666667,-5.405460000000005,0.6075769394837206,15.37223941806974,0.0847668160355057,6.612671859920547,1.337568099894546,1.1593635357601833,-48.64913999999999
185.58746,14.1,-5.405459999999977,0.6075769394837206,15.37223941806974,0.0933832231599939,6.612671859920547,1.5028054796472272,1.1568573456699105,-48.64914000000002
181.98382,14.183333333333334,-3.603640000000013,0.6075769394837206,17.759399091289517,0.0913525455890334,6.578434034849388,1.5028054796472272,1.1343016348574553,-50.45096000000001
178.38018,14.266666666666667,-3.603640000000013,0.6075769394837206,17.38974563442899,0.0979196450731029,6.509181157904478,1.4575076462322685,1.1002174496297454,-52.25278
176.57836,14.35,-1.801819999999992,0.7234789269845059,17.38974563442899,0.0979196450731029,6.402827079893493,1.5892702119833275,1.0701431685464724,-54.05460000000001
172.97472,14.433333333333334,-3.603640000000013,0.7234789269845059,17.38974563442899,0.1009004561864393,6.402827079893493,1.5892702119833275,1.0177637956597714,-55.856419999999986
169.37108,14.516666666666667,-3.603639999999984,0.7234789269845059,16.931019055433396,0.1009004561864393,6.402827079893493,1.545111946704594,1.0177637956597714,-75.67644
165.76744,14.6,-3.603640000000013,0.7234789269845059,16.931019055433396,0.1009004561864393,6.402827079893493,1.545111946704594,1.0177637956597714,-52.25278
162.1638,14.683333333333334,-3.603639999999984,0.8257098941855718,16.931019055433396,0.0996336114632713,6.170144793468243,1.6455363887094565,0.9623769946647434,-52.252780000000016
156.75833999999998,14.766666666666667,-5.4054600000000335,0.8257098941855718,18.940508690800492,0.102521272229316,6.170144793468243,1.6033723676691174,0.9022284324981968,-52.25277999999997
151.35288,14.85,-5.405459999999977,0.9146327804110892,18.4060699579901,0.1017201792426069,5.940604046762205,1.6033723676691174,0.9022284324981968,-50.45096000000001
147.74924,14.933333333333334,-3.603640000000013,0.9146327804110892,18.4060699579901,0.1029777089310457,5.888805510447474,1.674595376183204,0.8350625380788868,-50.45095999999998
142.34378,15.016666666666667,-5.405459999999977,0.9146327804110892,17.809280039685156,0.1026982578891704,5.888805510447474,1.635280275483428,0.7623830254609766,-46.84732000000001
136.93832,15.1,-5.405460000000005,0.9906105249852276,17.809280039685156,0.102465382020941,5.608194347986208,1.635280275483428,0.6856936086986298,-41.441860000000005
131.53286,15.183333333333334,-5.405460000000005,0.9906105249852276,19.46247718651199,0.102465382020941,5.608194347986208,1.679438540762162,0.6856936086986298,-32.43276
126.1274,15.266666666666667,-5.405460000000005,1.054006067232156,18.81669705103276,0.102465382020941,5.567227565705026,1.6438270365051186,0.6064980018460103,-21.62183999999999
122.52376,15.35,-3.603639999999998,1.054006067232156,18.81669705103276,0.100881826116981,5.242561266550059,1.6438270365051186,0.5262999189572817,-7.207279999999983
117.1183,15.433333333333334,-5.405459999999991,1.054006067232156,18.1352876666995,0.100881826116981,5.242561266550059,1.632004017091781,0.4466030740866072,9.00909999999999
93.69464,15.483333333333333,-23.42366,1.1051823464760449,18.1352876666995,0.098087315698228,5.242561266550059,1.632004017091781,0.4466030740866072,46.84731999999998
113.51466,15.516666666666667,19.820019999999985,1.1051823464760449,17.431610001832475,0.098087315698228,4.880855109762927,1.632004017091781,0.3689111812881515,43.24367999999998
109.91102,15.6,-3.603639999999998,1.144502302041063,18.74989220943145,0.098087315698228,4.880855109762927,1.6028025836010045,0.2947279546160776,57.65824000000002
104.50556,15.683333333333334,-5.405459999999991,1.1723288732513806,18.03730723235092,0.0942215762856198,4.880855109762927,1.6028025836010045,0.2947279546160776,73.87462
100.90192,15.766666666666667,-3.603640000000013,1.1723288732513806,18.03730723235092,0.0942215762856198,4.48912437440516,1.583429925285173,0.2255571081245493,82.88372000000001
97.29828,15.85,-3.603639999999984,1.1890249994311677,17.329175911377142,0.0894243334000939,4.48912437440516,1.5592141023903836,0.1629023558677301,88.28918000000002
95.49646,15.933333333333334,-1.8018200000000064,1.1890249994311677,18.333920729060697,0.0894243334000939,4.48912437440516,1.5592141023903836,0.1629023558677301,90.09100000000002
95.49646,16.016666666666666,0.0,1.1949536199045931,17.643604032513927,0.0894243334000939,4.074384339538291,1.5469637449259608,0.1082674118997836,84.68554000000002
99.1001,16.1,3.603639999999998,1.1904776739958276,17.643604032513927,0.0838353125625881,4.074384339538291,1.5042299398175087,0.1082674118997836,73.87462
104.50556,16.183333333333334,5.405460000000005,1.1904776739958276,16.98446292871444,0.0838353125625881,4.074384339538291,1.4999565593066635,0.0631559902748738,61.26187999999999
115.31648,16.266666666666666,10.81092000000001,1.17596010102904,16.98446292871444,0.0775942392940398,3.6436502842238503,1.4999565593066635,0.0290718050471641,41.44185999999996
126.1274,16.35,10.810919999999982,1.1517638403284003,17.082443363063014,0.0775942392940398,3.6436502842238503,1.4408414622399714,0.2170360618176218,21.62183999999999
140.54196,16.433333333333334,14.414559999999994,1.1182518312180785,16.52573634971885,0.0708408391153869,3.6436502842238503,1.4408414622399714,0.1954828270412759,-1.801819999999992
156.75833999999998,16.516666666666666,16.216379999999987,1.0757870130222438,16.52573634971885,0.0708408391153869,3.203937487523368,1.4408414622399714,0.3588028812573848,-27.02729999999997
167.56926,16.6,10.810920000000038,1.0247323250650655,16.04028783408274,0.0708408391153869,3.203937487523368,1.3674817634704626,0.3512843109865665,-46.84732000000001
178.38018,16.683333333333334,10.810919999999982,0.8983050971633598,16.08126147026487,0.0637148375475669,3.203937487523368,1.3674817634704626,0.4912132576934627,-66.66734
183.78564,16.766666666666666,5.405460000000005,0.823658435867171,15.778412855005644,0.0637148375475669,2.7622612284983807,1.3674817634704626,0.6090041919362829,-81.08189999999999
185.58746,16.85,1.8018200000000208,0.6533137152049704,15.778412855005644,0.0563559601115175,2.7622612284983807,1.2820141532535587,0.6090041919362829,-93.69464000000002
185.58746,16.933333333333334,0.0,0.4573200592774697,15.586905642415251,0.0563559601115175,2.7622612284983807,1.2820141532535587,0.7059102087601633,-100.90192000000002
180.182,17.016666666666666,-5.405460000000005,0.2385809826780274,15.520100800813951,0.0563559601115175,2.7622612284983807,1.2820141532535587,0.7059102087601633,-109.91102000000002
172.97472,17.1,-7.207280000000026,0.1215892599367517,15.520100800813951,0.0563559601115175,2.7622612284983807,1.2820141532535587,0.7059102087601633,-95.49646
165.76744,17.183333333333334,-7.207279999999997,0.0,15.712498744625698,0.0489039323281764,2.325636786210417,1.1865753218446826,0.7831844032102402,-91.89282
156.75833999999998,17.266666666666666,-9.009100000000018,0.0,15.712498744625698,0.0489039323281764,2.325636786210417,1.1865753218446826,0.8420798703316503,-82.88371999999998
147.74924,17.35,-9.00909999999999,0.0,15.712498744625698,0.0414984797184811,2.325636786210417,1.0833019594992572,0.8420798703316503,-70.27098
138.74014,17.433333333333334,-9.00909999999999,0.0,15.676869495771664,0.0414984797184811,1.901079439721009,1.0833019594992572,0.88384970516953,-55.85642
129.73104,17.516666666666666,-9.00909999999999,0.0,15.676869495771664,0.0342793278033693,1.901079439721009,1.0833019594992572,0.9097470027690152,-36.0364
120.72194,17.6,-9.009100000000004,0.0,15.676869495771664,0.0342793278033693,1.901079439721009,0.9743307564727046,0.9097470027690152,-18.018199999999993
111.71284,17.683333333333334,-9.009100000000004,0.0,15.676869495771664,0.0342793278033693,1.901079439721009,0.9743307564727046,0.9210248581752428,1.801819999999992
102.70374,17.766666666666666,-9.00909999999999,0.0,15.434590603564285,0.0273862021037787,1.4956044680916882,0.9743307564727046,0.9189363664333488,19.820019999999985
91.89282,17.85,-10.81092000000001,0.0,15.434590603564285,0.0273862021037787,1.4956044680916882,0.861798403020448,0.9189363664333488,36.0364
84.68554,17.933333333333334,-7.207279999999997,0.0,15.434590603564285,0.020958828140647,1.4956044680916882,0.861798403020448,0.9047346225884696,48.64914000000002
70.27098,18.0,-14.414560000000009,0.0,15.434590603564285,0.020958828140647,1.116227150383985,0.861798403020448,0.9924512757480166,64.86552000000002
77.47825999999999,18.016666666666666,7.207279999999997,0.0,15.007039617315968,0.0151369314349117,1.116227150383985,0.7478415893979093,0.9924512757480166,59.46006000000001
73.87462,18.1,-3.603639999999998,0.0,15.007039617315968,0.0151369314349117,1.116227150383985,0.7478415893979093,1.055774345362242,63.06370000000001
73.87462,18.183333333333337,0.0,0.0,15.007039617315968,0.0100602375075105,1.116227150383985,0.7478415893979093,1.012751415479226,64.86552
77.47825999999999,18.266666666666666,3.603639999999998,0.0,15.007039617315968,0.0100602375075105,1.116227150383985,0.7478415893979093,1.012751415479226,63.0637
82.88372,18.35,5.405460000000005,0.0,14.415594086339128,0.0100602375075105,0.7699627656594337,0.6345970058605113,1.0465849816979085,57.65823999999999
93.69464,18.433333333333337,10.81092000000001,0.0,14.415594086339128,0.0100602375075105,0.7699627656594337,0.6345970058605113,1.0465849816979085,48.64914
102.70374,18.516666666666666,9.009100000000004,0.0,14.415594086339128,0.0058684718793811,0.7699627656594337,0.6345970058605113,1.061287963560842,41.44185999999999
113.51466,18.6,10.810919999999982,0.0,13.68163155994618,0.0058684718793811,0.7699627656594337,0.5242013426636772,1.0588653131402452,34.234579999999994
122.52376,18.683333333333337,9.009100000000004,0.0,13.68163155994618,0.0027013600714611,0.4638265929795648,0.5242013426636772,0.9949574658382896,28.829120000000003
127.92922,18.766666666666666,5.405460000000005,0.0,13.68163155994618,0.0027013600714611,0.4638265929795648,0.4187912900628292,1.0413219825083355,28.829119999999975
133.33468000000002,18.85,5.405460000000019,0.0,12.826529587449546,0.0006986276046882,0.4638265929795648,0.4187912900628292,0.975325643464486,28.82911999999999
135.1365,18.933333333333337,1.801819999999992,0.0,12.826529587449546,0.0006986276046882,0.2048339114059091,0.4187912900628292,0.9438311879967248,30.63093999999998
136.93832,19.016666666666666,1.801819999999992,0.0,11.871665718161635,0.0,0.2048339114059091,0.3205035383133898,0.9688930888994528,32.43276
136.93832,19.1,0.0,0.0,11.871665718161635,0.0,0.2048339114059091,0.3205035383133898,0.902479051507224,34.234579999999994
138.74014,19.183333333333337,1.801819999999992,0.0,11.871665718161635,0.0,0.2048339114059091,0.3205035383133898,0.853274186068202,32.43276
140.54196,19.216666666666665,1.801819999999992,0.0,10.838417501394868,0.0,0.0,0.2314747776707816,0.8600408993119386,28.829120000000017
140.54196,19.266666666666666,0.0,0.0,10.838417501394868,0.0,0.0,0.2314747776707816,0.798221543751877,25.225480000000005
142.34378,19.35,1.8018200000000208,0.0,9.748162486461656,0.0,0.0,0.153841698390427,0.739326076630467,18.018200000000007
144.1456,19.433333333333337,1.801819999999992,0.0,9.748162486461656,0.0,0.0,0.153841698390427,0.7308050303235394,12.612739999999974
147.74924,19.516666666666666,3.603639999999984,0.0,8.622278222674419,0.0,0.0,0.153841698390427,0.941742696254831,3.603640000000013
151.35288,19.6,3.603640000000013,0.0696861847765426,11.828910619536806,0.0174656901172058,0.7649381426797791,0.6025466520291727,1.109824511642458,-5.405460000000005
156.75833999999998,19.683333333333337,5.405459999999977,0.0696861847765426,11.828910619536806,0.0174656901172058,1.0751034790651757,0.6025466520291727,1.089023133893194,0.0
162.1638,19.766666666666666,5.4054600000000335,0.0696861847765426,10.688774656207958,0.0174656901172058,1.3401842272860356,0.6025466520291727,1.089023133893194,-21.62184000000002
165.76744,19.85,3.603639999999984,0.0696861847765426,10.688774656207958,0.0326414341968225,1.5625188136962032,0.5541150062395938,1.2215170499989476,-34.234579999999994
169.37108,19.933333333333337,3.603640000000013,0.0696861847765426,9.555764542649907,0.0326414341968225,1.744445664649521,0.9996861475037196,1.1931135623091895,-45.0455
171.1729,20.016666666666666,1.801819999999992,0.1333232585145263,9.555764542649907,0.0326414341968225,1.8883032064998349,0.9996861475037196,1.3279465891658644,-57.658240000000006
171.1729,20.1,0.0,0.1333232585145263,8.451257828175088,0.0456436701729646,1.8883032064998349,0.9690602538426624,1.2764026129759212,-66.66734
169.37108,20.183333333333337,-1.801819999999992,0.1333232585145263,8.451257828175088,0.0456436701729646,1.9964298656009871,1.350815579478166,1.375731280220399,-75.67644
165.76744,20.266666666666666,-3.603640000000013,0.1333232585145263,10.18283932248078,0.0565888359797469,2.0711640683068224,1.340132128201053,1.4776496772248249,-82.88372
160.36198000000002,20.35,-5.405459999999977,0.1910563969436188,10.18283932248078,0.0565888359797469,2.0711640683068224,1.340132128201053,1.4393049688436512,-86.48736000000002
156.75833999999998,20.433333333333337,-3.6036400000000417,0.1910563969436188,9.199472054109648,0.0655933695512842,2.1148442409711845,1.661490342616612,1.4821608193873157,-90.09099999999997
151.35288,20.516666666666666,-5.405459999999977,0.1910563969436188,8.308740832758987,0.0655933695512842,2.1148442409711845,1.661490342616612,1.540638588160347,-91.89282
145.94742,20.6,-5.405460000000005,0.2430307757934882,8.308740832758987,0.072773708821691,2.129808809947917,1.661490342616612,1.5005395467159828,-88.28917999999999
156.75833999999998,20.666666666666668,10.810919999999982,0.2430307757934882,7.532023207741206,0.072773708821691,2.129808809947917,1.9258701502209017,1.496947340919925,-99.10009999999996
140.54196,20.683333333333337,-16.216379999999987,0.2430307757934882,9.277856401588505,0.072773708821691,2.1183962015908637,1.9258701502209017,1.4738903920894155,-79.28008
131.53286,20.766666666666666,-9.00909999999999,0.2893915707938023,8.793298617173743,0.0782462917250822,2.1183962015908637,1.9258701502209017,1.4738903920894155,-63.0637
124.32558,20.85,-7.207279999999997,0.2893915707938023,8.793298617173743,0.0782462917250822,2.082944842253869,2.136690255422597,1.4338748903147271,-48.64914
113.51466,20.933333333333337,-10.81092000000001,0.2893915707938023,8.486887077029115,0.0821275561955724,2.082944842253869,2.136690255422597,1.379407025686132,-30.630939999999995
104.50556,21.016666666666666,-9.00909999999999,0.3302839576742287,8.379999330467035,0.0821275561955724,2.082944842253869,2.136690255422597,1.379407025686132,-19.82002
93.69464,21.1,-10.810919999999996,0.3302839576742287,8.379999330467035,0.0845339401672763,2.0257931582907767,2.297369362630377,1.3129929882939038,-9.009100000000004
82.88372,21.183333333333337,-10.81092000000001,0.3302839576742287,10.389488965834133,0.0845339401672763,2.0257931582907767,2.297369362630377,1.2644564402122878,-1.801819999999992
73.87462,21.266666666666666,-9.009100000000004,0.3658531121644357,10.389488965834133,0.0845339401672763,1.949279576055431,2.297369362630377,1.2371389682283145,3.603639999999998
66.66734000000001,21.35,-7.207279999999983,0.3658531121644357,10.389488965834133,0.0855818815743087,1.949279576055431,2.4113261762529157,1.1543511555796373,7.207279999999983
59.46006,21.433333333333337,-7.2072800000000115,0.3658531121644357,10.389488965834133,0.0855818815743087,1.949279576055431,2.4113261762529157,1.084177833052,12.612740000000002
57.658240000000006,21.516666666666666,-1.801819999999992,0.396244209994091,10.389488965834133,0.0853878183507841,1.8557425219016752,2.4113261762529157,0.9887755302822832,12.612739999999988
57.658240000000006,21.6,0.0,0.396244209994091,12.042686112660965,0.0853878183507841,1.8557425219016752,2.4819794006988896,0.9779989128941105,12.612739999999988
61.26188,21.683333333333337,3.603639999999991,0.4216024268928624,12.042686112660965,0.0853878183507841,1.747520422183353,2.4819794006988896,0.8932061481732152,9.009099999999997
68.46916,21.766666666666666,7.207280000000004,0.4216024268928624,12.042686112660965,0.0840681884308175,1.747520422183353,2.4819794006988896,0.7999758768150681,1.801819999999992
75.67644,21.85,7.207279999999997,0.4420729385904179,12.042686112660965,0.0840681884308175,1.747520422183353,2.512747740376976,0.7075810021536787,-5.405460000000005
82.88372,21.933333333333337,7.207279999999997,0.4420729385904179,12.042686112660965,0.0817394297485234,1.626951703254309,2.512747740376976,0.7075810021536787,-10.810919999999996
84.68554,22.016666666666666,1.8018200000000064,0.4420729385904179,12.042686112660965,0.0817394297485234,1.626951703254309,2.512747740376976,0.6140165721168286,3.603639999999998
84.68554,22.1,0.0,0.4578009208164251,13.36096832025994,0.0817394297485234,1.626951703254309,2.512747740376976,0.6140165721168286,-12.612740000000002
81.0819,22.183333333333337,-3.603639999999998,0.4578009208164251,13.36096832025994,0.0785179802380165,1.626951703254309,2.507049899695848,0.5210369197677085,-7.2072800000000115
77.47825999999999,22.266666666666666,-3.603640000000013,0.4689315493005522,13.36096832025994,0.0785179802380165,1.4963747914683867,2.507049899695848,0.5210369197677085,-1.801819999999992
73.87462,22.35,-3.603639999999998,0.4689315493005522,13.36096832025994,0.0785179802380165,1.4963747914683867,2.507049899695848,0.4303963781695101,1.8018200000000064
72.0728,22.433333333333337,-1.801819999999992,0.475609999772467,13.36096832025994,0.0745202778334116,1.4963747914683867,2.4683045830641848,0.3438492803854239,5.405459999999991
70.27098,22.516666666666666,-1.8018200000000064,0.475609999772467,14.36571313794349,0.0745202778334116,1.3581281131794305,2.4683045830641848,0.3438492803854239,9.009100000000018
70.27098,22.6,0.0,0.4779814479618373,14.36571313794349,0.0698627604688234,1.3581281131794305,2.4683045830641848,0.2631499594786408,9.009100000000018
70.27098,22.683333333333337,0.0,0.476191069598331,14.36571313794349,0.0698627604688234,1.3581281131794305,2.3999304948906617,0.2276455998664433,9.009100000000018
70.27098,22.766666666666666,0.0,0.4703840404116161,14.36571313794349,0.0698627604688234,1.3581281131794305,2.3999304948906617,0.2276455998664433,9.009100000000018
70.27098,22.85,0.0,0.4703840404116161,14.36571313794349,0.0646618660783665,1.2145500947412833,2.3053463395839544,0.1965688427470608,9.009100000000018
72.0728,22.933333333333337,1.8018200000000064,0.4607055361313602,15.078298115024024,0.0646618660783665,1.2145500947412833,2.3053463395839544,0.1439388508513327,7.2072800000000115
88.28918,23.0,16.21638,0.4473007324872314,15.078298115024024,0.0590340325961558,1.2145500947412833,2.3053463395839544,0.1719246401927119,-9.00909999999999
72.0728,23.016666666666666,-16.21638,0.4303148052088975,15.078298115024024,0.0590340325961558,1.0679791625077897,2.18797082155274,0.1321597574270507,9.009100000000004
73.87462,23.1,1.801819999999992,0.3861802826682859,15.078298115024024,0.0590340325961558,1.0679791625077897,2.18797082155274,0.1557179442756147,9.009100000000004
75.67644,23.183333333333337,1.8018200000000064,0.3593220388653439,15.520100800813951,0.0530956979563058,1.0679791625077897,2.18797082155274,0.1499537070679873,7.207279999999997
75.67644,23.266666666666666,0.0,0.3294633743468684,15.520100800813951,0.0530956979563058,0.9207537428327937,2.051222645205694,0.1411820417520326,9.009100000000004
77.47825999999999,23.35,1.801819999999992,0.2613254860819881,15.520100800813951,0.0469633000929313,0.9207537428327937,2.051222645205694,0.156636880642048,9.009100000000004
79.28008000000001,23.433333333333337,1.8018200000000208,0.1402448915598626,15.520100800813951,0.0469633000929313,0.9207537428327937,2.051222645205694,0.156636880642048,9.00909999999999
79.28008000000001,23.516666666666666,0.0,0.0486357039747006,15.712498744625698,0.040753276940147,0.9207537428327937,1.8985205149514923,0.16841597406633,12.612739999999988
79.28008000000001,23.6,0.0,0.0,15.712498744625698,0.040753276940147,0.775212262070139,1.8985205149514923,0.176769941033906,14.414559999999994
79.28008000000001,23.683333333333337,0.0,0.0,15.712498744625698,0.040753276940147,0.775212262070139,1.8985205149514923,0.176769941033906,16.216379999999987
79.28008000000001,23.766666666666666,0.0,0.0,15.712498744625698,0.0345820664320675,0.775212262070139,1.7332831351988116,0.181949400553803,18.018199999999993
79.28008000000001,23.85,0.0,0.0,15.676869495771664,0.0345820664320675,0.6336931465736696,1.7332831351988116,0.1842049716350485,18.018199999999993
79.28008000000001,23.933333333333337,0.0,0.0,15.676869495771664,0.0285661065028077,0.6336931465736696,1.7332831351988116,0.1842049716350485,18.018199999999993
81.0819,0.0166666666666666,1.801819999999992,0.0,15.676869495771664,0.0285661065028077,0.6336931465736696,1.5589292103563277,0.1837872732866697,16.21638
82.88372,0.1,1.801819999999992,0.0,15.676869495771664,0.0228218350864823,0.6336931465736696,1.5589292103563277,0.1809469245176939,12.612740000000002
82.88372,0.1833333333333333,0.0,0.0,15.434590603564285,0.0228218350864823,0.4985348226972294,1.5589292103563277,0.1809469245176939,9.009100000000004
84.68554,0.2666666666666666,1.8018200000000064,0.0,15.434590603564285,0.0228218350864823,0.4985348226972294,1.3788774448327168,0.1759345443371484,3.603639999999998
86.48736,0.35,1.801819999999992,0.0,15.434590603564285,0.0174656901172058,0.4985348226972294,1.3788774448327168,0.1690007517540603,-3.603639999999998
88.28918,0.4333333333333333,1.8018200000000064,0.0,15.007039617315968,0.0174656901172058,0.3720757167946615,1.3788774448327168,0.1603961657774572,-9.00909999999999
91.89282,0.5166666666666667,3.603639999999998,0.0,15.007039617315968,0.0126141095290931,0.3720757167946615,1.1965465430366549,0.1603961657774572,-14.414560000000009
93.69464,0.6,1.8018200000000064,0.0,15.007039617315968,0.0126141095290931,0.3720757167946615,1.1965465430366549,0.1503714054163661,-18.018200000000007
95.49646,0.6833333333333333,1.801819999999992,0.0,15.007039617315968,0.0083835312562588,0.3720757167946615,1.1965465430366549,0.2143627923879975,-21.62184000000001
97.29828,0.7666666666666667,1.8018200000000064,0.0,14.415594086339128,0.0083835312562588,0.2566542552198112,1.015355209376818,0.2022495402850125,-23.423660000000012
97.29828,0.85,0.0,0.0,14.415594086339128,0.0048903932328176,0.2566542552198112,1.015355209376818,0.267577561971456,-21.62184000000001
97.29828,0.9333333333333332,0.0,0.0,14.415594086339128,0.0048903932328176,0.2566542552198112,0.8387221482618835,0.2547959925110649,-21.62184000000001
97.29828,1.0166666666666666,0.0,0.0,13.68163155994618,0.0022511333928843,0.1546088643265216,0.8387221482618835,0.2975683033850534,-21.62184000000001
95.49646,1.1,-1.8018200000000064,0.0,13.68163155994618,0.0022511333928843,0.1546088643265216,0.8387221482618835,0.2975683033850534,-19.82002
91.89282,1.1833333333333331,-3.603639999999998,0.0,12.826529587449546,0.0022511333928843,0.1546088643265216,0.6700660641005267,0.3313183299340601,-16.21638
88.28918,1.2666666666666666,-3.603639999999998,0.0,12.826529587449546,0.0005821896705735,0.1546088643265216,0.6700660641005267,0.3567979291851665,-10.81092000000001
82.88372,1.35,-5.405460000000005,0.0,12.826529587449546,0.0005821896705735,0.0682779704686363,0.6700660641005267,0.3438492803854239,-5.405460000000005
79.28008000000001,1.4333333333333331,-3.603639999999984,0.0,11.871665718161635,0.0,0.0682779704686363,0.5128056613014237,0.3747589581654547,0.0
77.47825999999999,1.5166666666666666,-1.8018200000000208,0.0,11.871665718161635,0.0,0.0682779704686363,0.5128056613014237,0.3623950870534423,5.405460000000005
75.67644,1.6,-1.801819999999992,0.0,11.871665718161635,0.0,0.0682779704686363,0.3703596442732506,0.3744247994867517,9.009100000000004
73.87462,1.6833333333333331,-1.8018200000000064,0.0,10.838417501394868,0.0,0.0,0.3703596442732506,0.3911327334219036,12.612740000000002
73.87462,1.7666666666666666,0.0,0.0,10.838417501394868,0.0,0.0,0.3703596442732506,0.3806902747124337,14.414560000000009
75.67644,1.85,1.8018200000000064,0.0,9.748162486461656,0.0,0.0,0.2461467174246832,0.3910491937522278,14.414560000000009
75.67644,1.9333333333333331,0.0,0.0,9.748162486461656,0.0,0.0,0.2461467174246832,0.3864545119200611,16.21638
75.67644,2.0166666666666666,0.0,0.0,8.622278222674419,0.0,0.0,0.1435855851643986,0.3789359416492427,14.414560000000009
75.67644,2.1,0.0,0.0,8.622278222674419,0.0,0.0,0.1435855851643986,0.3781005449524851,12.612740000000002
75.67644,2.183333333333333,0.0,0.0,7.48214225934557,0.0,0.0,0.1435855851643986,0.3667391498765818,10.810919999999996
77.47825999999999,2.2666666666666666,1.801819999999992,0.0,7.48214225934557,0.0,0.0,0.0660949519010724,0.3631469440805241,7.2072800000000115
77.47825999999999,2.35,0.0,0.0,6.3491321457875225,0.0,0.0,0.0660949519010724,0.3531221837194331,5.405460000000005
79.28008000000001,2.4333333333333336,1.8018200000000208,0.0,6.3491321457875225,0.0,0.0,0.0170935220433807,0.3380015035081207,1.801819999999992
82.88372,2.5166666666666666,3.603639999999984,0.0,5.244625431312702,0.0,0.0,0.0170935220433807,0.3207923315549144,-3.603639999999984
84.68554,2.6,1.8018200000000064,0.0,5.244625431312702,0.0,0.0,0.0170935220433807,0.3207923315549144,-9.009100000000004
86.48736,2.6833333333333336,1.801819999999992,0.0,4.189999665233518,0.0,0.0,0.0,0.3007428108327323,-12.612740000000002
88.28918,2.7666666666666666,1.8018200000000064,0.0,3.206632396862388,0.0,0.0,0.0,0.2783541793596289,-16.21638
90.091,2.85,1.8018200000000064,0.0,3.206632396862388,0.0,0.0,0.0,0.2541276751536588,-19.820020000000017
91.89282,2.9333333333333336,1.801819999999992,0.0,2.315901175511726,0.0,0.0,0.0,0.2541276751536588,-23.42366
90.091,3.0166666666666666,-1.801819999999992,0.0,1.5391835504939453,0.0,0.0,0.0,0.2285645362328766,-23.42366
88.28918,3.1,-1.8018200000000064,0.0,1.5391835504939453,0.0,0.0,0.0,0.2021660006153367,-25.225480000000005
86.48736,3.183333333333333,-1.8018200000000064,0.0,0.8978570711214686,0.0,0.0,0.0,0.2021660006153367,-27.027299999999997
84.68554,3.2666666666666666,-1.801819999999992,0.0,0.4132992867067083,0.0,0.0,0.0,0.1754333063190938,-27.027299999999997
82.88372,3.35,-1.8018200000000064,0.0,0.1068877465620793,0.0,0.0,0.0,0.1488676913622024,-27.027299999999997
81.0819,3.4333333333333336,-1.801819999999992,0.0,0.1068877465620793,0.0,0.0,0.0,0.1229703937627171,-27.027300000000004
79.28008000000001,3.5166666666666666,-1.801819999999992,0.0,0.0,0.0,0.0,0.0,0.1229703937627171,-25.22548000000001
75.67644,3.6,-3.603640000000013,0.0,0.0,0.0,0.0,0.0,0.0982426515386925,-21.62184
73.87462,3.6833333333333336,-1.8018200000000064,0.0,0.0,0.0,0.0,0.0,0.0751857027081831,-16.216379999999987
72.0728,3.7666666666666666,-1.801819999999992,0.0,0.0,0.0,0.0,0.0,0.0751857027081831,-12.612740000000002
70.27098,3.85,-1.8018200000000064,0.0,0.0,0.0,0.0,0.0,0.0543007852892433,-5.405459999999991
68.46916,3.9333333333333336,-1.801819999999992,0.0,0.0,0.0,0.0,0.0,0.0543007852892433,0.0
66.66734000000001,4.016666666666667,-1.801819999999992,0.0,0.0,0.0,0.0,0.0,0.0360891372999278,7.207279999999983
63.0637,4.1,-3.603640000000013,0.0,0.0,0.0,0.0,0.0,0.0210519967582912,12.612740000000002
59.46006,4.183333333333334,-3.603639999999998,0.0,0.0,0.0,0.0,0.0,0.0210519967582912,18.018199999999993
57.658240000000006,4.266666666666667,-1.801819999999992,0.0,0.0,0.0,0.0,0.0,0.009690601682388,19.820019999999985
55.85642,4.35,-1.8018200000000064,0.0,0.0,0.0,0.0,0.0,0.0025061900902727,19.82002
54.0546,4.433333333333334,-1.801819999999999,0.0,0.0,0.0,0.0,0.0,0.0025061900902727,21.62184
54.0546,4.516666666666667,0.0,0.0,0.0,0.0,0.0,0.0,0.0,19.820019999999992
54.0546,4.6,0.0,0.0,0.0,0.0,0.0,0.0,0.0,16.216379999999994
57.658240000000006,4.683333333333334,3.6036400000000057,0.0,0.0,0.0,0.0,0.0,0.0,10.810919999999996
59.46006,4.766666666666667,1.801819999999992,0.0,0.0,0.0,0.0,0.0,0.0,9.009100000000004
64.86552,4.85,5.405460000000005,0.0,0.0,0.0,0.0,0.0,0.0,1.8018200000000064
68.46916,4.933333333333334,3.603639999999998,0.0,0.0,0.0,0.0,0.0,0.0,-1.801819999999992
73.87462,5.016666666666667,5.405459999999991,0.0,0.0,0.0,0.0,0.0,0.0,-7.207279999999983
75.67644,5.1,1.8018200000000064,0.0,0.0,0.0,0.0,0.0,0.0,-7.207279999999997
77.47825999999999,5.183333333333334,1.801819999999992,0.0,0.0,0.0,0.0,0.0,0.0,-9.00909999999999
77.47825999999999,5.266666666666667,0.0,0.0,0.0,0.0,0.0,0.0,0.0,-9.00909999999999
75.67644,5.35,-1.801819999999992,0.0,0.0,0.0,0.0,0.0,0.0,-7.207279999999997
75.67644,5.433333333333334,0.0,0.0,0.0,0.0,0.0,0.0,0.0,-7.207279999999997
73.87462,5.516666666666667,-1.8018200000000064,0.0,0.0,0.0,0.0,0.0,0.0,-5.405459999999991
70.27098,5.6,-3.603639999999998,0.0,0.0,0.0,0.0,0.0,0.0,-1.801819999999992
68.46916,5.683333333333334,-1.801819999999992,0.0,0.0,0.0,0.0,0.0,0.0,1.801819999999992
68.46916,5.766666666666667,0.0,0.0,0.0,0.0,0.0,0.0,0.1503714054163661,3.603639999999998
66.66734000000001,5.85,-1.801819999999992,0.3484309238827132,1.6033161984311932,0.0048903932328176,1.1474072140196687,0.1923021229880337,0.1503714054163661,7.207279999999983
66.66734000000001,5.933333333333334,0.0,0.3484309238827132,1.6033161984311932,0.0048903932328176,2.0102763409290536,0.1923021229880337,0.2810274487892532,9.00909999999999
66.66734000000001,6.016666666666667,0.0,0.3484309238827132,1.6033161984311932,0.0091396015751103,2.343778220544305,0.1923021229880337,0.2810274487892532,9.00909999999999
68.46916,6.1,1.801819999999992,0.3484309238827132,1.6033161984311932,0.0091396015751103,2.6166684969742815,0.3593913009620809,0.3929706061547701,9.00909999999999
