profile_id,profile_title,anchor_age,gender,Epinephrine_avg,Dobutamine_avg,Norepinephrine_avg,Foley_sum,diabetes,hypertension,anemia,immunosupression,renal_failure,obesity,heart_failure,liver_disease,cancer,BMI,OMED,NMED,NSURG,TSURG,CMED,VSURG,PSURG,GU,GYN,TRAUM,organ_dysfunction,Sepsis3
P001,Elderly with Sepsis and High Vasopressor Use,58.0,0.0,,,,2816.0,0.0,0.0,1.0,0.0,0.0,0,0.0,0.0,0.0,,0,0,0.0,0.0,0,0,0,0,0,1.0,0.0,0.0
P001,Elderly with Sepsis and High Vasopressor Use,89.0,0.0,,,,2396.0,1.0,1.0,1.0,0.0,0.0,0,0.0,0.0,0.0,,0,0,0.0,0.0,0,1,0,0,0,0.0,1.0,1.0
P001,Elderly with Sepsis and High Vasopressor Use,87.0,0.0,,,,2376.7999999999997,0.0,0.0,1.0,0.0,0.0,0,0.0,0.0,0.0,,0,0,0.0,0.0,0,0,0,0,0,0.0,1.0,0.0
P001,Elderly with Sepsis and High Vasopressor Use,65.0,0.0,0.1167001398445182,,,886.4,1.0,0.0,1.0,0.0,0.0,1,1.0,0.0,0.0,35.1,0,0,0.0,0.0,0,0,0,0,0,0.0,1.0,0.0
P001,Elderly with Sepsis and High Vasopressor Use,86.0,0.0,,,,314.0,1.0,1.0,1.0,0.0,0.0,0,0.0,0.0,0.0,,0,0,0.0,0.0,0,0,0,0,0,0.0,0.0,1.0
P001,Elderly with Sepsis and High Vasopressor Use,69.0,0.0,,,,4304.0,0.0,1.0,1.0,0.0,0.0,0,0.0,0.0,0.0,,0,0,0.0,0.0,1,0,0,0,0,0.0,1.0,0.0
P001,Elderly with Sepsis and High Vasopressor Use,71.0,0.0,,,,1553.6,0.0,1.0,1.0,0.0,0.0,0,0.0,0.0,0.0,,0,0,0.0,0.0,0,1,0,0,0,0.0,1.0,1.0
P001,Elderly with Sepsis and High Vasopressor Use,92.0,0.0,,,,2084.0,0.0,1.0,1.0,0.0,0.0,0,0.0,0.0,0.0,,0,0,0.0,0.0,0,0,0,0,0,0.0,0.0,1.0
P001,Elderly with Sepsis and High Vasopressor Use,75.0,0.0,,,,2534.0,1.0,1.0,1.0,0.0,0.0,0,0.0,0.0,0.0,,0,1,1.0,0.0,0,0,0,0,0,0.0,1.0,1.0
P001,Elderly with Sepsis and High Vasopressor Use,73.0,0.0,,,,2139.4400009155274,0.0,1.0,1.0,0.0,0.0,0,0.0,0.0,0.0,,0,1,1.0,0.0,0,0,0,0,0,0.0,0.0,1.0
P001,Elderly with Sepsis and High Vasopressor Use,82.0,0.0,,,,4856.0,0.0,0.0,1.0,0.0,0.0,0,0.0,0.0,0.0,,0,1,0.0,0.0,0,0,0,0,0,0.0,1.0,1.0
P001,Elderly with Sepsis and High Vasopressor Use,76.0,0.0,,,,752.0,0.0,1.0,1.0,0.0,0.0,0,0.0,0.0,0.0,,0,0,0.0,0.0,1,0,0,0,0,0.0,1.0,1.0
P001,Elderly with Sepsis and High Vasopressor Use,77.0,0.0,,,,1688.0,1.0,1.0,1.0,0.0,0.0,1,0.0,0.0,0.0,48.0,0,0,0.0,0.0,0,0,0,0,0,0.0,1.0,0.0
P001,Elderly with Sepsis and High Vasopressor Use,70.0,0.0,,,,2324.0,1.0,0.0,1.0,0.0,0.0,0,0.0,0.0,0.0,,0,0,0.0,0.0,1,0,0,0,0,0.0,1.0,1.0
P001,Elderly with Sepsis and High Vasopressor Use,57.0,0.0,,,,1415.6,0.0,1.0,1.0,0.0,0.0,0,0.0,0.0,0.0,,0,0,0.0,0.0,0,0,0,0,0,0.0,1.0,1.0
P001,Elderly with Sepsis and High Vasopressor Use,75.0,0.0,,,,2404.4,0.0,1.0,1.0,0.0,0.0,0,0.0,0.0,0.0,,0,0,0.0,0.0,0,0,0,0,0,0.0,0.0,1.0
P001,Elderly with Sepsis and High Vasopressor Use,59.0,0.0,,,,333.2,0.0,1.0,1.0,0.0,0.0,1,0.0,0.0,0.0,,0,0,0.0,0.0,0,0,0,0,0,0.0,1.0,1.0
P001,Elderly with Sepsis and High Vasopressor Use,73.0,0.0,0.0900216122216078,,0.3568112977314739,206.0,1.0,0.0,1.0,0.0,0.0,0,0.0,0.0,0.0,,0,0,0.0,0.0,0,0,0,0,0,0.0,1.0,0.0
P001,Elderly with Sepsis and High Vasopressor Use,69.0,0.0,,,,1268.0,0.0,1.0,1.0,0.0,0.0,0,0.0,0.0,0.0,,0,0,0.0,0.0,0,0,0,0,0,0.0,1.0,1.0
P001,Elderly with Sepsis and High Vasopressor Use,43.0,0.0,,,,1510.3999999999999,0.0,1.0,0.0,0.0,0.0,1,0.0,0.0,0.0,,0,0,0.0,0.0,0,0,0,0,0,0.0,1.0,0.0
P001,Elderly with Sepsis and High Vasopressor Use,56.0,0.0,,,,200.0,0.0,0.0,1.0,0.0,0.0,0,0.0,0.0,0.0,,0,0,0.0,0.0,0,0,0,1,0,0.0,1.0,1.0
P001,Elderly with Sepsis and High Vasopressor Use,58.0,0.0,,,,2414.0,0.0,0.0,1.0,0.0,0.0,0,0.0,0.0,0.0,,0,0,0.0,0.0,0,0,0,0,0,0.0,1.0,1.0
P001,Elderly with Sepsis and High Vasopressor Use,35.0,0.0,,,,3080.0,0.0,0.0,1.0,0.0,0.0,0,0.0,0.0,0.0,,0,0,0.0,0.0,0,0,0,0,0,1.0,1.0,1.0
P001,Elderly with Sepsis and High Vasopressor Use,80.0,0.0,,,,1193.6,1.0,0.0,1.0,0.0,0.0,1,0.0,0.0,0.0,,0,0,0.0,0.0,0,0,0,0,0,0.0,1.0,0.0
P001,Elderly with Sepsis and High Vasopressor Use,81.0,0.0,,,,1842.8,0.0,0.0,1.0,0.0,0.0,0,0.0,0.0,0.0,,1,0,0.0,0.0,0,0,0,0,0,0.0,1.0,1.0
P001,Elderly with Sepsis and High Vasopressor Use,76.0,0.0,,,,550.4,1.0,0.0,1.0,0.0,0.0,0,0.0,0.0,0.0,,0,0,0.0,0.0,0,0,0,0,0,0.0,1.0,1.0
P001,Elderly with Sepsis and High Vasopressor Use,52.0,0.0,,,,1796.0,0.0,0.0,1.0,0.0,0.0,0,0.0,0.0,0.0,,0,0,0.0,0.0,0,0,0,0,0,1.0,1.0,1.0
P001,Elderly with Sepsis and High Vasopressor Use,68.0,0.0,,,,3638.0,1.0,0.0,1.0,0.0,0.0,0,0.0,0.0,0.0,,0,0,0.0,0.0,0,0,0,0,0,0.0,1.0,1.0
P001,Elderly with Sepsis and High Vasopressor Use,106.0,0.0,,,,200.0,0.0,0.0,1.0,0.0,0.0,0,0.0,0.0,0.0,,0,0,0.0,0.0,0,0,0,0,0,0.0,0.0,1.0
P001,Elderly with Sepsis and High Vasopressor Use,64.0,0.0,,,,876.8,0.0,1.0,1.0,0.0,0.0,0,0.0,0.0,0.0,,0,0,0.0,0.0,1,0,0,0,0,0.0,1.0,1.0
P001,Elderly with Sepsis and High Vasopressor Use,88.0,0.0,,,,2606.0,0.0,0.0,1.0,0.0,0.0,0,0.0,0.0,0.0,,0,0,1.0,0.0,0,0,0,0,0,0.0,1.0,0.0
P001,Elderly with Sepsis and High Vasopressor Use,71.0,0.0,,,,12128.0,0.0,0.0,1.0,0.0,0.0,0,0.0,0.0,0.0,,0,0,0.0,0.0,1,0,0,0,0,0.0,1.0,1.0
P001,Elderly with Sepsis and High Vasopressor Use,104.0,0.0,,,,992.0,0.0,1.0,0.0,0.0,0.0,0,0.0,0.0,0.0,,0,0,0.0,0.0,0,0,0,0,0,1.0,0.0,1.0
P001,Elderly with Sepsis and High Vasopressor Use,83.0,0.0,,,,1640.0,0.0,1.0,1.0,0.0,0.0,0,0.0,0.0,0.0,,0,0,0.0,0.0,0,0,0,0,0,0.0,0.0,1.0
P001,Elderly with Sepsis and High Vasopressor Use,82.0,0.0,0.28779600428497343,,,2339.6,0.0,0.0,1.0,0.0,0.0,0,0.0,0.0,0.0,,0,0,0.0,0.0,0,0,0,0,0,0.0,1.0,1.0
P001,Elderly with Sepsis and High Vasopressor Use,69.0,0.0,,,,200.0,0.0,1.0,1.0,0.0,0.0,0,0.0,0.0,0.0,,0,1,0.0,0.0,0,0,0,0,0,0.0,1.0,1.0
P001,Elderly with Sepsis and High Vasopressor Use,76.0,0.0,,,,974.0,1.0,0.0,1.0,0.0,0.0,0,0.0,0.0,0.0,,0,0,0.0,0.0,0,0,0,0,0,0.0,0.0,1.0
P001,Elderly with Sepsis and High Vasopressor Use,91.0,0.0,,,,1510.3999999999999,1.0,1.0,1.0,0.0,0.0,0,0.0,0.0,0.0,,0,0,1.0,0.0,0,0,0,0,0,0.0,1.0,1.0
P001,Elderly with Sepsis and High Vasopressor Use,78.0,0.0,,,,7616.0,1.0,1.0,1.0,0.0,0.0,0,0.0,0.0,0.0,,0,0,0.0,0.0,0,0,0,0,0,0.0,1.0,0.0
P001,Elderly with Sepsis and High Vasopressor Use,106.0,0.0,,,,2009.6,0.0,1.0,1.0,0.0,0.0,0,0.0,0.0,0.0,,0,0,0.0,0.0,0,0,0,0,0,0.0,1.0,1.0
P001,Elderly with Sepsis and High Vasopressor Use,77.0,0.0,,,,3170.0,0.0,1.0,1.0,0.0,0.0,0,0.0,0.0,0.0,,0,0,0.0,0.0,0,0,0,0,0,0.0,1.0,1.0
P001,Elderly with Sepsis and High Vasopressor Use,79.0,0.0,,,,8624.0,0.0,1.0,1.0,0.0,0.0,0,0.0,0.0,0.0,23.0,0,0,0.0,0.0,0,0,0,0,0,0.0,0.0,1.0
P001,Elderly with Sepsis and High Vasopressor Use,106.0,0.0,,,,1491.2,0.0,1.0,1.0,0.0,0.0,0,0.0,0.0,0.0,19.8,0,0,0.0,0.0,0,0,0,0,0,0.0,0.0,1.0
P001,Elderly with Sepsis and High Vasopressor Use,106.0,0.0,,,,1059.1999999999998,0.0,0.0,1.0,0.0,0.0,0,1.0,0.0,0.0,25.4,0,0,0.0,0.0,0,0,0,0,0,0.0,1.0,1.0
P001,Elderly with Sepsis and High Vasopressor Use,68.0,0.0,,,,1484.0,0.0,1.0,1.0,0.0,0.0,0,0.0,0.0,0.0,,0,0,0.0,0.0,0,0,0,0,0,0.0,1.0,1.0
P001,Elderly with Sepsis and High Vasopressor Use,36.0,0.0,,,,3362.0,0.0,0.0,1.0,0.0,0.0,0,0.0,0.0,0.0,,0,0,0.0,0.0,0,0,0,0,0,0.0,1.0,1.0
P001,Elderly with Sepsis and High Vasopressor Use,91.0,0.0,0.1199776755936908,,0.24998545884736809,1448.0,1.0,1.0,1.0,0.0,0.0,0,0.0,0.0,0.0,,0,0,0.0,0.0,0,0,0,0,0,0.0,0.0,1.0
P001,Elderly with Sepsis and High Vasopressor Use,97.0,0.0,,,,2840.0,0.0,1.0,1.0,0.0,0.0,0,1.0,0.0,0.0,,0,0,0.0,0.0,0,0,0,0,0,0.0,0.0,1.0
P001,Elderly with Sepsis and High Vasopressor Use,103.0,0.0,,,,2258.0,1.0,0.0,1.0,0.0,0.0,0,0.0,0.0,0.0,,0,0,0.0,0.0,1,0,0,0,0,0.0,0.0,1.0
P001,Elderly with Sepsis and High Vasopressor Use,77.0,0.0,,,,1946.0,1.0,0.0,1.0,0.0,0.0,0,0.0,0.0,0.0,,0,0,1.0,0.0,0,0,0,0,0,0.0,0.0,1.0
P001,Elderly with Sepsis and High Vasopressor Use,40.0,0.0,,,,6626.0,0.0,1.0,1.0,0.0,0.0,0,0.0,0.0,0.0,,0,0,0.0,0.0,0,0,0,0,0,0.0,1.0,1.0
P001,Elderly with Sepsis and High Vasopressor Use,72.0,0.0,,,,1054.4,0.0,1.0,1.0,0.0,0.0,0,0.0,0.0,0.0,,0,0,0.0,0.0,0,0,0,0,0,0.0,1.0,1.0
P001,Elderly with Sepsis and High Vasopressor Use,71.0,0.0,,,,1454.0,0.0,1.0,0.0,0.0,0.0,0,0.0,0.0,0.0,,0,0,0.0,0.0,0,0,0,0,0,0.0,1.0,1.0
P001,Elderly with Sepsis and High Vasopressor Use,91.0,0.0,,,,1068.8,0.0,0.0,0.0,0.0,0.0,0,0.0,0.0,0.0,38.8,0,0,0.0,0.0,0,0,0,0,0,0.0,0.0,1.0
P001,Elderly with Sepsis and High Vasopressor Use,76.0,0.0,,,,200.0,1.0,0.0,1.0,0.0,0.0,0,0.0,0.0,0.0,,0,0,0.0,1.0,0,0,0,0,0,0.0,1.0,0.0
P001,Elderly with Sepsis and High Vasopressor Use,79.0,0.0,,,,2282.0,1.0,0.0,1.0,0.0,0.0,0,0.0,0.0,0.0,,0,0,0.0,0.0,0,0,0,0,0,0.0,1.0,1.0
P001,Elderly with Sepsis and High Vasopressor Use,104.0,0.0,,,,1674.8,1.0,0.0,1.0,0.0,0.0,0,0.0,0.0,0.0,,0,0,0.0,0.0,1,0,0,0,0,0.0,1.0,1.0
P001,Elderly with Sepsis and High Vasopressor Use,83.0,0.0,,,,1184.0,1.0,0.0,1.0,0.0,0.0,1,0.0,0.0,0.0,,0,0,0.0,0.0,0,0,0,0,0,0.0,1.0,1.0
P001,Elderly with Sepsis and High Vasopressor Use,58.0,0.0,,,,1076.0,1.0,0.0,1.0,0.0,0.0,0,0.0,0.0,0.0,,0,0,0.0,0.0,0,0,0,0,0,0.0,1.0,1.0
P001,Elderly with Sepsis and High Vasopressor Use,89.0,0.0,,,,1415.6,1.0,0.0,1.0,0.0,0.0,1,1.0,0.0,0.0,,0,0,0.0,0.0,0,0,0,0,0,0.0,1.0,1.0
P001,Elderly with Sepsis and High Vasopressor Use,87.0,0.0,,,,387.2,0.0,0.0,1.0,0.0,0.0,0,0.0,0.0,0.0,,0,0,0.0,0.0,1,0,0,0,0,0.0,1.0,1.0
P001,Elderly with Sepsis and High Vasopressor Use,103.0,0.0,,,,1226.0,1.0,0.0,1.0,0.0,0.0,0,0.0,0.0,0.0,,0,0,0.0,0.0,1,0,0,0,0,0.0,1.0,1.0
P001,Elderly with Sepsis and High Vasopressor Use,71.0,0.0,,,,5174.0,0.0,1.0,1.0,0.0,0.0,0,0.0,0.0,0.0,34.1,0,0,0.0,0.0,0,0,0,0,0,0.0,1.0,0.0
P001,Elderly with Sepsis and High Vasopressor Use,69.0,0.0,,,,3416.0,0.0,1.0,1.0,0.0,0.0,0,0.0,0.0,0.0,,0,0,0.0,0.0,0,0,0,0,0,0.0,1.0,0.0
P001,Elderly with Sepsis and High Vasopressor Use,95.0,0.0,,,,3266.0,0.0,0.0,1.0,0.0,0.0,1,0.0,0.0,0.0,,0,0,0.0,0.0,1,0,0,0,0,0.0,0.0,1.0
P001,Elderly with Sepsis and High Vasopressor Use,71.0,0.0,0.1159336601529502,,0.18006452299014192,4496.0,1.0,1.0,1.0,0.0,0.0,0,1.0,0.0,0.0,,0,0,0.0,0.0,0,0,0,0,0,0.0,1.0,0.0
P001,Elderly with Sepsis and High Vasopressor Use,72.0,0.0,,,,5216.0,0.0,0.0,1.0,0.0,0.0,0,0.0,0.0,0.0,,0,1,1.0,0.0,0,0,0,0,0,0.0,1.0,0.0
P001,Elderly with Sepsis and High Vasopressor Use,70.0,0.0,,,,1122.8,1.0,0.0,1.0,0.0,0.0,0,0.0,0.0,0.0,,0,0,0.0,0.0,0,0,0,0,0,0.0,0.0,1.0
P001,Elderly with Sepsis and High Vasopressor Use,82.0,0.0,,,,2348.0,0.0,0.0,1.0,0.0,0.0,0,0.0,0.0,0.0,,0,0,0.0,0.0,0,0,0,0,0,0.0,1.0,0.0
P001,Elderly with Sepsis and High Vasopressor Use,76.0,0.0,0.6116326234303414,,0.42234636455541463,1169.6,0.0,1.0,1.0,0.0,0.0,0,0.0,0.0,0.0,,0,0,0.0,0.0,0,0,0,0,0,0.0,0.0,1.0
P001,Elderly with Sepsis and High Vasopressor Use,82.0,0.0,,,,1233.2,0.0,1.0,0.0,0.0,0.0,1,0.0,0.0,0.0,,0,0,0.0,0.0,0,0,0,0,0,0.0,1.0,0.0
P001,Elderly with Sepsis and High Vasopressor Use,74.0,0.0,,,,3304.4,1.0,1.0,1.0,0.0,0.0,0,0.0,0.0,0.0,,0,1,0.0,0.0,0,0,0,0,0,0.0,1.0,0.0
P001,Elderly with Sepsis and High Vasopressor Use,97.0,0.0,0.0850108557540804,,,926.0,0.0,0.0,1.0,0.0,0.0,0,0.0,0.0,0.0,,0,0,0.0,0.0,0,0,0,0,0,0.0,1.0,1.0
P001,Elderly with Sepsis and High Vasopressor Use,76.0,0.0,,,,972.8,1.0,0.0,1.0,0.0,0.0,1,0.0,0.0,0.0,,0,0,0.0,0.0,0,0,0,0,0,0.0,1.0,1.0
P001,Elderly with Sepsis and High Vasopressor Use,66.0,0.0,,,,3866.0,1.0,1.0,1.0,0.0,0.0,0,0.0,0.0,0.0,,0,0,0.0,0.0,0,0,0,0,0,0.0,1.0,1.0
P001,Elderly with Sepsis and High Vasopressor Use,101.0,0.0,,,,2096.0,0.0,1.0,1.0,0.0,0.0,0,0.0,0.0,0.0,,0,0,0.0,0.0,0,0,0,0,0,0.0,1.0,1.0
P001,Elderly with Sepsis and High Vasopressor Use,75.0,0.0,,,,2012.0,0.0,1.0,1.0,0.0,0.0,0,0.0,0.0,0.0,,0,0,0.0,0.0,0,0,0,0,0,0.0,0.0,0.0
P001,Elderly with Sepsis and High Vasopressor Use,77.0,0.0,,,,1808.0,1.0,1.0,1.0,0.0,0.0,0,0.0,0.0,0.0,,0,0,0.0,0.0,0,0,0,1,0,0.0,1.0,0.0
P001,Elderly with Sepsis and High Vasopressor Use,79.0,0.0,,,,4208.0,1.0,1.0,1.0,0.0,0.0,1,0.0,0.0,0.0,,0,0,0.0,0.0,0,0,0,0,0,0.0,0.0,1.0
P001,Elderly with Sepsis and High Vasopressor Use,79.0,0.0,,,,3722.0,0.0,0.0,1.0,0.0,0.0,0,0.0,0.0,0.0,23.6,0,1,1.0,0.0,0,0,0,0,0,0.0,1.0,1.0
P001,Elderly with Sepsis and High Vasopressor Use,83.0,0.0,,,,2060.0,0.0,0.0,1.0,0.0,0.0,0,0.0,0.0,0.0,17.1,0,0,0.0,0.0,0,0,0,0,0,0.0,0.0,1.0
P001,Elderly with Sepsis and High Vasopressor Use,78.0,0.0,,,,518.0,0.0,1.0,1.0,0.0,0.0,0,0.0,0.0,0.0,,0,0,0.0,0.0,0,0,0,0,0,0.0,1.0,1.0
P001,Elderly with Sepsis and High Vasopressor Use,90.0,0.0,,,,200.0,0.0,0.0,1.0,0.0,0.0,0,0.0,0.0,0.0,,0,0,0.0,0.0,1,0,0,0,0,0.0,1.0,1.0
P001,Elderly with Sepsis and High Vasopressor Use,46.0,0.0,,,,4004.0,0.0,0.0,1.0,0.0,0.0,0,0.0,0.0,0.0,,0,0,0.0,0.0,0,0,0,0,0,1.0,1.0,1.0
P001,Elderly with Sepsis and High Vasopressor Use,63.0,0.0,,,,4088.0,1.0,0.0,1.0,0.0,0.0,0,0.0,0.0,0.0,,0,0,1.0,0.0,0,0,0,0,0,0.0,1.0,0.0
P001,Elderly with Sepsis and High Vasopressor Use,81.0,0.0,,,,3944.0,1.0,0.0,1.0,0.0,0.0,1,0.0,0.0,0.0,,0,0,0.0,0.0,1,0,0,0,0,0.0,0.0,1.0
P001,Elderly with Sepsis and High Vasopressor Use,80.0,0.0,,,,1484.0,0.0,1.0,1.0,0.0,0.0,0,0.0,0.0,0.0,,0,0,0.0,0.0,0,0,0,0,0,0.0,1.0,1.0
P001,Elderly with Sepsis and High Vasopressor Use,95.0,0.0,,,,2570.0,0.0,0.0,1.0,0.0,0.0,0,0.0,0.0,0.0,,1,0,0.0,0.0,0,0,0,0,0,0.0,1.0,1.0
P001,Elderly with Sepsis and High Vasopressor Use,65.0,0.0,,,,332.0,0.0,0.0,1.0,0.0,0.0,0,0.0,0.0,0.0,,0,0,0.0,0.0,0,0,0,0,0,0.0,1.0,1.0
P001,Elderly with Sepsis and High Vasopressor Use,37.0,0.0,,,,3986.0,0.0,0.0,1.0,0.0,0.0,0,0.0,0.0,0.0,,0,0,0.0,0.0,0,0,0,0,0,1.0,1.0,0.0
P001,Elderly with Sepsis and High Vasopressor Use,72.0,0.0,,,,1394.0,0.0,1.0,1.0,0.0,0.0,0,0.0,0.0,0.0,,0,0,0.0,0.0,0,0,0,0,0,0.0,0.0,0.0
P001,Elderly with Sepsis and High Vasopressor Use,53.0,0.0,,,,4004.0,0.0,1.0,0.0,0.0,0.0,0,0.0,0.0,0.0,,0,1,0.0,0.0,0,0,0,0,0,0.0,0.0,1.0
P001,Elderly with Sepsis and High Vasopressor Use,70.0,0.0,,,,8486.0,1.0,1.0,1.0,0.0,0.0,0,0.0,0.0,0.0,26.7,0,0,0.0,0.0,1,0,0,0,0,0.0,0.0,1.0
P001,Elderly with Sepsis and High Vasopressor Use,80.0,0.0,,,,2014.3999999999999,1.0,1.0,1.0,0.0,0.0,0,0.0,0.0,0.0,,0,1,0.0,0.0,1,0,0,0,0,0.0,1.0,1.0
P001,Elderly with Sepsis and High Vasopressor Use,95.0,0.0,0.09445825604004,,0.22998833517485756,1232.0,1.0,1.0,1.0,0.0,0.0,0,0.0,0.0,0.0,,0,0,0.0,0.0,1,0,0,0,0,0.0,1.0,1.0
P001,Elderly with Sepsis and High Vasopressor Use,80.0,0.0,,,,3200.0,0.0,0.0,1.0,0.0,0.0,0,0.0,0.0,0.0,,0,0,0.0,1.0,0,0,0,0,0,0.0,0.0,1.0
P001,Elderly with Sepsis and High Vasopressor Use,90.0,0.0,,,,200.0,1.0,1.0,1.0,0.0,0.0,0,0.0,0.0,0.0,,0,1,0.0,0.0,0,0,0,0,0,0.0,1.0,1.0
P001,Elderly with Sepsis and High Vasopressor Use,57.0,0.0,,,,1672.3999999999999,0.0,0.0,1.0,0.0,0.0,0,0.0,0.0,0.0,,0,0,0.0,0.0,0,0,0,0,0,0.0,0.0,1.0
P001,Elderly with Sepsis and High Vasopressor Use,84.0,0.0,0.148368780891178,,0.596250249852892,270.8,1.0,0.0,1.0,0.0,0.0,0,0.0,0.0,0.0,,0,0,0.0,0.0,0,0,0,0,0,0.0,0.0,1.0
P001,Elderly with Sepsis and High Vasopressor Use,91.0,0.0,,,,1616.0,0.0,1.0,1.0,0.0,0.0,0,0.0,0.0,0.0,,0,0,0.0,0.0,1,0,0,0,0,0.0,0.0,1.0
P002,Middle-Aged Obese Diabetic with Heart Failure,71.0,0.0,,,,1262.0,1.0,1.0,1.0,0.0,0.0,0,1.0,0.0,0.0,,0,0,0.0,0.0,0,0,0,0,0,0.0,1.0,0.0
P002,Middle-Aged Obese Diabetic with Heart Failure,38.0,0.0,,,,2875.0,1.0,1.0,0.0,0.0,0.0,1,1.0,0.0,0.0,,0,0,0.0,0.0,0,0,0,0,0,0.0,1.0,0.0
P002,Middle-Aged Obese Diabetic with Heart Failure,62.0,0.0,,,,725.0,1.0,1.0,1.0,0.0,0.0,0,1.0,0.0,0.0,,0,0,0.0,0.0,0,0,0,0,0,1.0,1.0,0.0
P002,Middle-Aged Obese Diabetic with Heart Failure,59.0,0.0,,,,3785.0,1.0,1.0,1.0,0.0,0.0,0,1.0,0.0,0.0,,0,0,0.0,0.0,0,0,0,0,0,0.0,0.0,0.0
P002,Middle-Aged Obese Diabetic with Heart Failure,87.0,0.0,,,,2005.0,1.0,0.0,1.0,0.0,0.0,1,1.0,0.0,0.0,,0,0,0.0,0.0,0,0,0,0,0,0.0,1.0,0.0
P002,Middle-Aged Obese Diabetic with Heart Failure,61.0,0.0,,,,9940.0,0.0,0.0,1.0,0.0,0.0,0,1.0,0.0,0.0,,0,0,0.0,0.0,1,0,0,0,0,0.0,1.0,0.0
P002,Middle-Aged Obese Diabetic with Heart Failure,68.0,0.0,0.1000000120257027,,0.4519774229265749,155.0,1.0,1.0,1.0,0.0,0.0,0,1.0,0.0,0.0,,0,0,0.0,0.0,0,0,0,0,0,0.0,1.0,0.0
P002,Middle-Aged Obese Diabetic with Heart Failure,81.0,0.0,,,,840.0,1.0,0.0,1.0,0.0,0.0,0,0.0,0.0,0.0,,0,0,0.0,0.0,0,0,0,0,0,0.0,0.0,1.0
P002,Middle-Aged Obese Diabetic with Heart Failure,57.0,0.0,,,,1935.0,1.0,0.0,1.0,0.0,0.0,0,0.0,0.0,0.0,,0,0,0.0,1.0,0,0,0,0,0,0.0,1.0,0.0
P002,Middle-Aged Obese Diabetic with Heart Failure,55.0,0.0,,,,990.0,1.0,1.0,1.0,0.0,0.0,0,1.0,0.0,0.0,,0,0,0.0,0.0,0,0,0,0,0,0.0,0.0,1.0
P002,Middle-Aged Obese Diabetic with Heart Failure,58.0,0.0,,,,2860.0,1.0,0.0,1.0,0.0,0.0,0,0.0,0.0,0.0,,0,0,0.0,1.0,0,0,0,0,0,0.0,0.0,0.0
P002,Middle-Aged Obese Diabetic with Heart Failure,61.0,0.0,,,,1638.0,1.0,0.0,1.0,0.0,0.0,0,0.0,0.0,0.0,,1,0,0.0,0.0,0,0,0,0,0,0.0,1.0,0.0
P002,Middle-Aged Obese Diabetic with Heart Failure,80.0,0.0,,,,0.0,1.0,0.0,1.0,0.0,0.0,0,1.0,0.0,0.0,,0,0,0.0,0.0,0,0,0,0,0,0.0,0.0,0.0
P002,Middle-Aged Obese Diabetic with Heart Failure,96.0,0.0,,,,0.0,1.0,1.0,1.0,0.0,0.0,0,1.0,0.0,0.0,,0,0,0.0,0.0,0,0,0,0,0,0.0,0.0,0.0
P002,Middle-Aged Obese Diabetic with Heart Failure,82.0,0.0,,,,497.0,1.0,1.0,1.0,0.0,0.0,0,1.0,0.0,0.0,,0,0,0.0,0.0,0,0,0,0,0,0.0,1.0,1.0
P002,Middle-Aged Obese Diabetic with Heart Failure,90.0,0.0,,,,1355.0,1.0,0.0,1.0,0.0,0.0,0,1.0,0.0,0.0,,0,0,0.0,0.0,0,0,0,0,0,0.0,1.0,0.0
P002,Middle-Aged Obese Diabetic with Heart Failure,51.0,0.0,,,,1470.0,1.0,1.0,1.0,0.0,0.0,0,0.0,0.0,0.0,,0,0,0.0,0.0,0,0,0,0,0,0.0,0.0,1.0
P002,Middle-Aged Obese Diabetic with Heart Failure,66.0,0.0,,,,2015.0,0.0,1.0,1.0,0.0,0.0,0,1.0,0.0,0.0,,0,0,0.0,0.0,1,0,0,0,0,0.0,1.0,0.0
P002,Middle-Aged Obese Diabetic with Heart Failure,89.0,0.0,,,,1115.0,1.0,0.0,1.0,0.0,0.0,0,1.0,0.0,0.0,,0,0,0.0,0.0,0,0,0,0,0,0.0,0.0,1.0
P002,Middle-Aged Obese Diabetic with Heart Failure,89.0,0.0,,,,1255.0,1.0,0.0,1.0,0.0,0.0,0,0.0,0.0,0.0,,0,1,0.0,0.0,0,0,0,0,0,0.0,1.0,1.0
P002,Middle-Aged Obese Diabetic with Heart Failure,61.0,0.0,,,,1125.0,1.0,0.0,1.0,0.0,0.0,0,0.0,0.0,0.0,,0,0,0.0,0.0,0,0,0,0,0,0.0,0.0,0.0
P002,Middle-Aged Obese Diabetic with Heart Failure,53.0,0.0,,,,3240.0,1.0,0.0,1.0,0.0,0.0,0,1.0,0.0,0.0,,0,0,1.0,0.0,0,0,0,0,0,0.0,1.0,0.0
P002,Middle-Aged Obese Diabetic with Heart Failure,70.0,0.0,,,,2675.0,0.0,0.0,1.0,0.0,0.0,0,0.0,0.0,0.0,,0,0,1.0,0.0,0,0,0,0,0,0.0,0.0,1.0
P002,Middle-Aged Obese Diabetic with Heart Failure,91.0,0.0,,,,0.0,1.0,1.0,1.0,0.0,0.0,0,0.0,0.0,0.0,,0,0,0.0,0.0,0,0,0,0,0,0.0,0.0,0.0
P002,Middle-Aged Obese Diabetic with Heart Failure,81.0,0.0,,,,1025.0,1.0,0.0,1.0,0.0,0.0,0,0.0,0.0,0.0,,0,0,0.0,0.0,0,0,0,0,0,0.0,1.0,0.0
P002,Middle-Aged Obese Diabetic with Heart Failure,70.0,0.0,,,,1135.0,1.0,1.0,1.0,0.0,0.0,0,1.0,0.0,0.0,,0,0,0.0,0.0,0,1,0,0,0,0.0,1.0,0.0
P002,Middle-Aged Obese Diabetic with Heart Failure,88.0,0.0,,,,1500.0,1.0,0.0,1.0,0.0,0.0,0,0.0,0.0,0.0,,0,0,0.0,0.0,1,0,0,0,0,0.0,1.0,0.0
P002,Middle-Aged Obese Diabetic with Heart Failure,69.0,0.0,,,,1157.0,1.0,1.0,1.0,0.0,0.0,0,1.0,0.0,0.0,44.6,0,0,1.0,0.0,0,0,0,0,0,0.0,1.0,0.0
P002,Middle-Aged Obese Diabetic with Heart Failure,80.0,0.0,,,,2085.0,1.0,0.0,0.0,0.0,0.0,0,0.0,0.0,0.0,,0,0,1.0,0.0,0,0,0,0,0,0.0,1.0,0.0
P002,Middle-Aged Obese Diabetic with Heart Failure,81.0,0.0,,,,445.0,1.0,0.0,1.0,0.0,0.0,0,0.0,0.0,0.0,,0,0,0.0,0.0,0,0,0,0,0,0.0,0.0,0.0
P002,Middle-Aged Obese Diabetic with Heart Failure,74.0,0.0,,,,1006.0,1.0,0.0,1.0,0.0,0.0,0,0.0,0.0,0.0,,0,0,0.0,0.0,0,0,0,0,0,0.0,0.0,1.0
P002,Middle-Aged Obese Diabetic with Heart Failure,83.0,0.0,,,,0.0,1.0,1.0,1.0,0.0,0.0,0,0.0,0.0,0.0,,1,1,0.0,0.0,0,0,0,0,0,0.0,0.0,0.0
P002,Middle-Aged Obese Diabetic with Heart Failure,68.0,0.0,,,,1980.0,1.0,1.0,1.0,0.0,0.0,0,0.0,0.0,0.0,,0,0,0.0,0.0,0,0,0,0,0,1.0,0.0,0.0
P002,Middle-Aged Obese Diabetic with Heart Failure,71.0,0.0,,,,1925.0,1.0,0.0,1.0,0.0,0.0,0,0.0,0.0,0.0,,0,0,0.0,0.0,0,0,0,0,0,0.0,0.0,0.0
P002,Middle-Aged Obese Diabetic with Heart Failure,44.0,0.0,,,,1160.0,1.0,1.0,1.0,0.0,0.0,0,1.0,0.0,0.0,,0,0,0.0,0.0,0,0,0,0,0,0.0,0.0,0.0
P002,Middle-Aged Obese Diabetic with Heart Failure,81.0,0.0,,,,1325.0,1.0,1.0,1.0,0.0,0.0,0,1.0,0.0,0.0,,0,0,0.0,0.0,0,0,0,0,0,0.0,0.0,0.0
P002,Middle-Aged Obese Diabetic with Heart Failure,78.0,0.0,,,,2075.0,0.0,1.0,1.0,0.0,0.0,0,1.0,0.0,0.0,,0,0,0.0,0.0,1,0,0,0,0,0.0,1.0,0.0
P002,Middle-Aged Obese Diabetic with Heart Failure,96.0,0.0,,,,755.0,1.0,0.0,0.0,0.0,0.0,0,0.0,0.0,0.0,,0,0,0.0,0.0,0,0,0,0,0,0.0,1.0,0.0
P002,Middle-Aged Obese Diabetic with Heart Failure,45.0,0.0,0.033348576228794,,0.1661773567320779,2475.0,1.0,1.0,1.0,0.0,0.0,1,1.0,0.0,0.0,,0,0,0.0,0.0,0,0,0,0,0,0.0,1.0,1.0
P002,Middle-Aged Obese Diabetic with Heart Failure,71.0,0.0,,,,1765.0,1.0,1.0,0.0,0.0,0.0,0,1.0,0.0,0.0,,0,1,0.0,0.0,0,0,0,0,0,0.0,1.0,1.0
P002,Middle-Aged Obese Diabetic with Heart Failure,63.0,0.0,,,,1185.0,0.0,0.0,1.0,0.0,0.0,0,1.0,0.0,0.0,,0,0,0.0,0.0,0,0,0,0,0,0.0,1.0,0.0
P002,Middle-Aged Obese Diabetic with Heart Failure,72.0,0.0,,,,4150.0,1.0,0.0,0.0,0.0,0.0,0,1.0,0.0,0.0,,0,0,1.0,0.0,0,0,0,0,0,0.0,1.0,0.0
P002,Middle-Aged Obese Diabetic with Heart Failure,89.0,0.0,,,,817.0,1.0,1.0,1.0,0.0,0.0,0,0.0,0.0,0.0,,0,0,1.0,0.0,0,0,0,0,0,0.0,0.0,0.0
P002,Middle-Aged Obese Diabetic with Heart Failure,52.0,0.0,,,,3660.0,1.0,0.0,1.0,0.0,0.0,0,0.0,0.0,0.0,,0,0,0.0,0.0,0,0,0,0,0,1.0,0.0,0.0
P002,Middle-Aged Obese Diabetic with Heart Failure,72.0,0.0,,,,2200.0,1.0,0.0,0.0,0.0,0.0,0,1.0,0.0,0.0,,0,1,0.0,0.0,0,0,0,0,0,0.0,1.0,0.0
P002,Middle-Aged Obese Diabetic with Heart Failure,94.0,0.0,,,,1479.0,0.0,1.0,1.0,0.0,0.0,0,0.0,0.0,0.0,,0,0,0.0,0.0,1,0,0,0,0,0.0,1.0,0.0
P002,Middle-Aged Obese Diabetic with Heart Failure,57.0,0.0,,,,675.0,0.0,0.0,1.0,0.0,0.0,0,1.0,0.0,0.0,24.439999999999998,0,0,0.0,0.0,0,0,0,0,0,0.0,1.0,0.0
P002,Middle-Aged Obese Diabetic with Heart Failure,76.0,0.0,,,,1630.0,1.0,1.0,1.0,0.0,0.0,0,1.0,0.0,0.0,,0,0,0.0,0.0,0,0,0,0,0,0.0,1.0,0.0
P002,Middle-Aged Obese Diabetic with Heart Failure,68.0,0.0,0.015002640793682,,,2110.0,1.0,1.0,1.0,0.0,0.0,0,0.0,0.0,0.0,,0,0,0.0,0.0,0,0,0,0,0,0.0,1.0,0.0
P002,Middle-Aged Obese Diabetic with Heart Failure,91.0,0.0,,,,314.0,0.0,0.0,1.0,0.0,0.0,0,1.0,0.0,0.0,,1,0,0.0,0.0,0,0,0,0,0,0.0,0.0,1.0
P002,Middle-Aged Obese Diabetic with Heart Failure,60.0,0.0,,,,1085.0,1.0,0.0,1.0,0.0,0.0,0,1.0,0.0,0.0,34.76,0,0,0.0,0.0,0,0,0,0,0,0.0,1.0,0.0
P002,Middle-Aged Obese Diabetic with Heart Failure,58.0,0.0,,,,1060.0,1.0,0.0,1.0,0.0,0.0,0,0.0,0.0,0.0,,0,0,0.0,0.0,0,0,0,0,0,0.0,0.0,0.0
P002,Middle-Aged Obese Diabetic with Heart Failure,40.0,0.0,,,,1631.0,1.0,0.0,1.0,0.0,0.0,0,1.0,0.0,0.0,34.76,0,0,0.0,0.0,0,0,0,0,0,0.0,0.0,0.0
P002,Middle-Aged Obese Diabetic with Heart Failure,64.0,0.0,,,,2069.0,1.0,1.0,1.0,0.0,0.0,0,1.0,0.0,0.0,,0,0,0.0,0.0,0,0,0,0,0,0.0,1.0,1.0
P002,Middle-Aged Obese Diabetic with Heart Failure,92.0,0.0,,,,0.0,0.0,0.0,1.0,0.0,0.0,0,1.0,0.0,0.0,,0,0,0.0,0.0,0,0,0,0,0,0.0,0.0,1.0
P002,Middle-Aged Obese Diabetic with Heart Failure,62.0,0.0,,,,618.0,0.0,0.0,1.0,0.0,0.0,0,1.0,0.0,0.0,,0,0,0.0,0.0,0,0,0,0,0,0.0,0.0,0.0
P002,Middle-Aged Obese Diabetic with Heart Failure,70.0,0.0,,,,5200.0,0.0,0.0,1.0,0.0,0.0,0,1.0,0.0,0.0,,0,0,0.0,0.0,0,0,0,0,0,0.0,1.0,0.0
P002,Middle-Aged Obese Diabetic with Heart Failure,61.0,0.0,,,,3260.0,1.0,0.0,1.0,0.0,0.0,0,1.0,0.0,0.0,,0,0,0.0,0.0,0,0,0,0,0,0.0,1.0,0.0
P002,Middle-Aged Obese Diabetic with Heart Failure,75.0,0.0,,,,3285.0,0.0,1.0,1.0,0.0,0.0,0,0.0,0.0,0.0,,0,1,0.0,0.0,0,0,0,0,0,0.0,0.0,0.0
P002,Middle-Aged Obese Diabetic with Heart Failure,92.0,0.0,,,,1402.0,1.0,0.0,0.0,0.0,0.0,0,0.0,0.0,0.0,,0,0,0.0,0.0,0,0,0,0,0,0.0,0.0,0.0
P002,Middle-Aged Obese Diabetic with Heart Failure,96.0,0.0,,,,2580.0,1.0,0.0,1.0,0.0,0.0,0,0.0,0.0,0.0,,0,0,0.0,0.0,0,0,0,0,0,0.0,0.0,0.0
P002,Middle-Aged Obese Diabetic with Heart Failure,62.0,0.0,,,,0.0,1.0,0.0,1.0,0.0,0.0,0,0.0,0.0,0.0,,1,0,0.0,0.0,0,0,0,0,0,0.0,0.0,0.0
P002,Middle-Aged Obese Diabetic with Heart Failure,69.0,0.0,0.0081685056253869,,0.3076450084336102,2330.0,0.0,1.0,1.0,0.0,0.0,0,0.0,0.0,0.0,,0,0,0.0,0.0,0,0,0,0,0,0.0,0.0,0.0
P002,Middle-Aged Obese Diabetic with Heart Failure,53.0,0.0,,,,1128.0,0.0,0.0,1.0,0.0,0.0,0,1.0,0.0,0.0,,0,0,0.0,0.0,0,0,0,0,0,0.0,0.0,0.0
P002,Middle-Aged Obese Diabetic with Heart Failure,59.0,0.0,,,,3265.0,1.0,0.0,0.0,0.0,0.0,0,1.0,0.0,0.0,,0,0,0.0,0.0,1,0,0,0,0,0.0,0.0,0.0
P002,Middle-Aged Obese Diabetic with Heart Failure,46.0,0.0,,,,2480.0,0.0,0.0,1.0,0.0,0.0,0,1.0,0.0,0.0,,1,0,0.0,0.0,0,0,0,0,0,0.0,0.0,0.0
P002,Middle-Aged Obese Diabetic with Heart Failure,67.0,0.0,,,,1285.0,1.0,1.0,1.0,0.0,0.0,0,1.0,0.0,0.0,,0,0,0.0,0.0,0,0,0,0,0,0.0,0.0,0.0
P002,Middle-Aged Obese Diabetic with Heart Failure,82.0,0.0,,,,1338.0,1.0,1.0,1.0,0.0,0.0,1,1.0,0.0,0.0,,0,0,0.0,0.0,0,0,0,0,0,0.0,1.0,0.0
P002,Middle-Aged Obese Diabetic with Heart Failure,40.0,0.0,,,,247.0,1.0,1.0,1.0,0.0,0.0,0,1.0,0.0,0.0,,0,0,0.0,0.0,0,0,0,0,0,0.0,0.0,1.0
P002,Middle-Aged Obese Diabetic with Heart Failure,68.0,0.0,,,,0.0,1.0,0.0,1.0,0.0,0.0,0,0.0,0.0,0.0,,0,0,0.0,0.0,0,0,0,0,0,0.0,0.0,0.0
P002,Middle-Aged Obese Diabetic with Heart Failure,63.0,0.0,,,,1000.0,1.0,1.0,1.0,0.0,0.0,1,0.0,0.0,0.0,,0,0,0.0,0.0,1,0,0,0,0,0.0,1.0,0.0
P002,Middle-Aged Obese Diabetic with Heart Failure,49.0,0.0,,,,1196.0,1.0,1.0,1.0,0.0,0.0,0,1.0,0.0,0.0,,0,0,0.0,0.0,0,1,0,0,0,0.0,0.0,0.0
P002,Middle-Aged Obese Diabetic with Heart Failure,81.0,0.0,,,,42.0,1.0,0.0,1.0,0.0,0.0,0,1.0,0.0,0.0,,0,0,0.0,0.0,1,0,0,0,0,0.0,1.0,0.0
P002,Middle-Aged Obese Diabetic with Heart Failure,75.0,0.0,,,,2505.0,1.0,1.0,1.0,0.0,0.0,0,1.0,0.0,0.0,,0,0,0.0,0.0,0,0,0,0,0,0.0,0.0,0.0
P002,Middle-Aged Obese Diabetic with Heart Failure,67.0,0.0,,,,210.0,1.0,0.0,1.0,0.0,0.0,0,0.0,0.0,0.0,,0,0,0.0,0.0,0,0,0,0,0,0.0,0.0,0.0
P002,Middle-Aged Obese Diabetic with Heart Failure,84.0,0.0,,,,1193.0,1.0,1.0,1.0,0.0,0.0,0,0.0,0.0,0.0,,0,0,0.0,0.0,0,0,0,0,0,1.0,0.0,0.0
P002,Middle-Aged Obese Diabetic with Heart Failure,75.0,0.0,0.0326556065601834,,,2281.0,1.0,0.0,1.0,0.0,0.0,1,1.0,0.0,0.0,,0,0,0.0,0.0,0,0,0,0,0,0.0,1.0,0.0
P002,Middle-Aged Obese Diabetic with Heart Failure,74.0,0.0,,,,1180.0,1.0,1.0,1.0,0.0,0.0,0,0.0,0.0,0.0,,0,0,0.0,0.0,0,0,0,0,0,0.0,0.0,1.0
P002,Middle-Aged Obese Diabetic with Heart Failure,70.0,0.0,,,,0.0,1.0,0.0,1.0,0.0,0.0,0,1.0,0.0,0.0,,0,0,0.0,0.0,0,0,0,0,0,0.0,0.0,0.0
P002,Middle-Aged Obese Diabetic with Heart Failure,75.0,0.0,,,,987.0,1.0,0.0,1.0,0.0,0.0,0,1.0,0.0,0.0,,0,0,0.0,0.0,1,0,0,0,0,0.0,1.0,1.0
P002,Middle-Aged Obese Diabetic with Heart Failure,59.0,0.0,,,,1645.0,1.0,0.0,1.0,0.0,0.0,0,1.0,0.0,0.0,,0,0,0.0,0.0,0,0,0,0,0,0.0,1.0,0.0
P002,Middle-Aged Obese Diabetic with Heart Failure,78.0,0.0,,,,1286.0,1.0,1.0,1.0,0.0,0.0,0,1.0,0.0,0.0,33.56,0,0,0.0,0.0,0,0,0,0,0,0.0,0.0,0.0
P002,Middle-Aged Obese Diabetic with Heart Failure,69.0,0.0,,,,2185.0,0.0,1.0,1.0,0.0,0.0,0,0.0,0.0,0.0,,1,0,0.0,0.0,0,0,0,0,0,0.0,1.0,0.0
P002,Middle-Aged Obese Diabetic with Heart Failure,71.0,0.0,,,,2285.0,1.0,0.0,0.0,0.0,0.0,0,0.0,0.0,0.0,,0,0,0.0,0.0,0,0,0,0,0,0.0,1.0,0.0
P002,Middle-Aged Obese Diabetic with Heart Failure,74.0,0.0,,,,2665.0,1.0,0.0,1.0,0.0,0.0,0,1.0,0.0,0.0,,0,0,0.0,0.0,0,0,0,0,0,0.0,0.0,0.0
P002,Middle-Aged Obese Diabetic with Heart Failure,77.0,0.0,,,,2245.0,0.0,1.0,1.0,0.0,0.0,0,0.0,0.0,0.0,,0,0,0.0,0.0,0,0,0,0,0,0.0,1.0,0.0
P002,Middle-Aged Obese Diabetic with Heart Failure,69.0,0.0,,,,1135.0,1.0,1.0,1.0,0.0,0.0,0,0.0,0.0,0.0,,0,0,0.0,0.0,0,0,0,0,0,0.0,0.0,0.0
P002,Middle-Aged Obese Diabetic with Heart Failure,59.0,0.0,,,,770.0,1.0,0.0,1.0,0.0,0.0,0,0.0,0.0,0.0,,0,0,0.0,0.0,0,0,0,0,0,0.0,1.0,0.0
P002,Middle-Aged Obese Diabetic with Heart Failure,63.0,0.0,,,,2115.0,1.0,0.0,0.0,0.0,0.0,1,1.0,0.0,0.0,,0,0,0.0,0.0,0,0,0,0,0,0.0,0.0,0.0
P002,Middle-Aged Obese Diabetic with Heart Failure,43.0,0.0,,,,2720.0,1.0,0.0,1.0,0.0,0.0,0,1.0,0.0,0.0,,0,0,0.0,0.0,0,0,0,0,0,1.0,1.0,0.0
P002,Middle-Aged Obese Diabetic with Heart Failure,96.0,0.0,0.0150067239701456,,,1870.0,1.0,1.0,1.0,0.0,0.0,0,1.0,0.0,0.0,,0,0,0.0,0.0,1,0,0,0,0,0.0,0.0,0.0
P002,Middle-Aged Obese Diabetic with Heart Failure,45.0,0.0,,,,0.0,1.0,0.0,1.0,0.0,0.0,0,1.0,0.0,0.0,31.759999999999998,0,0,0.0,0.0,0,0,0,0,0,0.0,1.0,1.0
P002,Middle-Aged Obese Diabetic with Heart Failure,59.0,0.0,,,,3143.0,1.0,1.0,1.0,0.0,0.0,1,1.0,0.0,0.0,,0,0,0.0,0.0,0,0,0,0,0,0.0,0.0,0.0
P002,Middle-Aged Obese Diabetic with Heart Failure,67.0,0.0,,,,0.0,1.0,0.0,1.0,0.0,0.0,1,0.0,0.0,0.0,,0,0,0.0,0.0,0,0,0,0,0,0.0,1.0,0.0
P002,Middle-Aged Obese Diabetic with Heart Failure,74.0,0.0,,,,1560.0,0.0,0.0,1.0,0.0,0.0,0,1.0,0.0,0.0,,0,0,0.0,0.0,0,0,0,0,0,0.0,0.0,1.0
P002,Middle-Aged Obese Diabetic with Heart Failure,69.0,0.0,0.0433333345123779,,0.0963881955158285,1315.0,1.0,1.0,1.0,0.0,0.0,0,1.0,0.0,0.0,,0,0,0.0,0.0,0,0,0,0,0,0.0,0.0,0.0
P002,Middle-Aged Obese Diabetic with Heart Failure,78.0,0.0,,,,885.0,1.0,0.0,0.0,0.0,0.0,1,1.0,0.0,0.0,,0,0,0.0,0.0,0,0,0,0,0,0.0,0.0,0.0
P002,Middle-Aged Obese Diabetic with Heart Failure,60.0,0.0,,,,1238.0,1.0,1.0,1.0,0.0,0.0,0,1.0,0.0,0.0,,0,0,0.0,1.0,0,0,0,0,0,0.0,0.0,0.0
P002,Middle-Aged Obese Diabetic with Heart Failure,57.0,0.0,,,,1540.0,1.0,0.0,0.0,0.0,0.0,0,1.0,0.0,0.0,,0,0,0.0,0.0,0,0,0,0,0,0.0,1.0,0.0
P002,Middle-Aged Obese Diabetic with Heart Failure,44.0,0.0,,,,1820.0,1.0,0.0,0.0,0.0,0.0,0,1.0,0.0,0.0,42.92,0,0,0.0,0.0,0,0,0,0,0,0.0,0.0,0.0
P003,Young Trauma Patient with High Mortality Risk,52.400000000000006,0.0,,,,4412.0,1.0,0.0,0.0,0.0,0.0,0,0.0,0.0,0.0,,0,0,0.0,0.0,0,0,0,0,0,1.0,0.0,1.0
P003,Young Trauma Patient with High Mortality Risk,54.8,0.0,,,,465.20000000000005,0.0,0.0,1.0,0.0,0.0,0,0.0,0.0,0.0,,0,0,0.0,0.0,0,0,0,0,0,1.0,1.0,1.0
P003,Young Trauma Patient with High Mortality Risk,41.2,0.0,,,,2503.5,0.0,1.0,1.0,0.0,0.0,0,0.0,0.0,0.0,,1,0,0.0,0.0,0,0,0,0,0,1.0,0.0,0.0
P003,Young Trauma Patient with High Mortality Risk,39.6,0.0,,,,6320.500000000001,0.0,0.0,1.0,0.0,0.0,0,0.0,0.0,0.0,,0,0,1.0,0.0,0,0,0,0,0,1.0,1.0,0.0
P003,Young Trauma Patient with High Mortality Risk,57.2,0.0,,,,3119.5000000000005,0.0,1.0,1.0,0.0,0.0,0,0.0,0.0,0.0,,0,0,0.0,0.0,0,0,0,0,0,1.0,1.0,0.0
P003,Young Trauma Patient with High Mortality Risk,46.0,0.0,,,,900.8000000000001,0.0,0.0,1.0,0.0,0.0,0,0.0,0.0,0.0,,0,0,0.0,0.0,0,0,0,0,0,1.0,1.0,0.0
P003,Young Trauma Patient with High Mortality Risk,44.400000000000006,0.0,,,,1205.5,0.0,0.0,1.0,0.0,0.0,0,0.0,0.0,0.0,,0,0,0.0,0.0,0,1,0,0,0,1.0,1.0,0.0
P003,Young Trauma Patient with High Mortality Risk,42.800000000000004,0.0,,,,2283.5,1.0,1.0,0.0,0.0,0.0,0,0.0,0.0,0.0,,0,0,0.0,0.0,0,0,0,0,0,1.0,1.0,1.0
P003,Young Trauma Patient with High Mortality Risk,42.0,0.0,,,,853.5000000000001,0.0,1.0,1.0,0.0,0.0,0,0.0,0.0,0.0,,0,0,1.0,0.0,0,0,0,0,0,1.0,1.0,0.0
P003,Young Trauma Patient with High Mortality Risk,33.2,0.0,,,,100.0,0.0,1.0,1.0,0.0,0.0,0,0.0,0.0,0.0,,0,0,0.0,0.0,0,0,0,0,0,1.0,0.0,0.0
P003,Young Trauma Patient with High Mortality Risk,48.400000000000006,0.0,,,,419.0,0.0,1.0,1.0,0.0,0.0,0,0.0,0.0,0.0,,0,0,0.0,0.0,0,0,0,0,0,0.0,1.0,1.0
P003,Young Trauma Patient with High Mortality Risk,54.0,0.0,,,,277.1,1.0,0.0,1.0,0.0,0.0,0,0.0,0.0,0.0,,0,0,0.0,0.0,0,0,0,0,0,1.0,1.0,1.0
P003,Young Trauma Patient with High Mortality Risk,52.400000000000006,0.0,,,,2960.0000000000005,0.0,1.0,1.0,0.0,0.0,0,0.0,0.0,0.0,,0,1,0.0,0.0,0,0,0,0,0,1.0,1.0,0.0
P003,Young Trauma Patient with High Mortality Risk,30.800000000000004,0.0,,,,2118.5,0.0,1.0,1.0,0.0,0.0,0,0.0,0.0,0.0,,0,0,0.0,0.0,0,0,0,0,0,1.0,1.0,0.0
P003,Young Trauma Patient with High Mortality Risk,58.0,0.0,,,,1680.7,0.0,1.0,1.0,0.0,0.0,0,0.0,0.0,0.0,,0,0,0.0,0.0,1,0,0,0,0,1.0,1.0,0.0
P003,Young Trauma Patient with High Mortality Risk,38.800000000000004,0.0,,,,973.4000000000001,1.0,1.0,1.0,0.0,0.0,0,0.0,0.0,0.0,28.0,0,0,0.0,0.0,0,0,0,0,0,1.0,1.0,0.0
P003,Young Trauma Patient with High Mortality Risk,31.6,0.0,,,,2228.5,0.0,0.0,0.0,0.0,0.0,0,0.0,0.0,0.0,,0,0,0.0,0.0,1,0,0,0,0,1.0,1.0,0.0
P003,Young Trauma Patient with High Mortality Risk,44.400000000000006,0.0,,,,1337.5,0.0,0.0,1.0,0.0,0.0,0,0.0,0.0,0.0,,0,0,0.0,0.0,0,0,0,0,0,1.0,0.0,0.0
P003,Young Trauma Patient with High Mortality Risk,28.400000000000006,0.0,,,,199.0,0.0,0.0,0.0,0.0,0.0,0,0.0,0.0,0.0,,0,0,0.0,0.0,0,0,0,0,0,1.0,0.0,0.0
P003,Young Trauma Patient with High Mortality Risk,53.2,0.0,,,,856.8000000000001,0.0,1.0,1.0,0.0,0.0,0,0.0,0.0,0.0,,0,0,0.0,0.0,0,0,0,0,0,1.0,1.0,0.0
P003,Young Trauma Patient with High Mortality Risk,37.2,0.0,,,,1953.5000000000002,0.0,1.0,0.0,0.0,0.0,0,0.0,0.0,0.0,,0,0,0.0,0.0,1,0,0,0,0,1.0,1.0,0.0
P003,Young Trauma Patient with High Mortality Risk,34.0,0.0,,,,100.0,1.0,0.0,1.0,0.0,0.0,0,1.0,0.0,0.0,,0,0,0.0,0.0,0,0,0,0,0,1.0,0.0,0.0
P003,Young Trauma Patient with High Mortality Risk,34.0,0.0,,,,1590.5000000000002,0.0,0.0,1.0,0.0,0.0,0,0.0,0.0,0.0,,0,0,0.0,0.0,0,0,0,0,0,1.0,1.0,1.0
P003,Young Trauma Patient with High Mortality Risk,62.8,0.0,,,,1557.5000000000002,0.0,1.0,1.0,0.0,0.0,0,0.0,0.0,0.0,,0,0,0.0,0.0,1,0,0,0,0,1.0,1.0,0.0
P003,Young Trauma Patient with High Mortality Risk,34.800000000000004,0.0,,,,721.5,1.0,0.0,1.0,0.0,0.0,0,0.0,0.0,0.0,,0,0,0.0,0.0,0,0,0,0,0,0.0,1.0,0.0
P003,Young Trauma Patient with High Mortality Risk,47.6,0.0,,,,1821.5000000000002,0.0,1.0,1.0,0.0,0.0,0,0.0,0.0,0.0,,0,0,0.0,0.0,0,0,0,0,0,1.0,0.0,0.0
P003,Young Trauma Patient with High Mortality Risk,38.800000000000004,0.0,,,,1392.5,0.0,1.0,1.0,0.0,0.0,0,0.0,0.0,0.0,,0,0,0.0,0.0,0,1,0,0,0,1.0,0.0,0.0
P003,Young Trauma Patient with High Mortality Risk,52.400000000000006,0.0,,,,3045.8,0.0,0.0,1.0,0.0,0.0,0,0.0,0.0,0.0,,0,0,0.0,0.0,0,0,0,0,0,0.0,1.0,0.0
P003,Young Trauma Patient with High Mortality Risk,40.400000000000006,0.0,,,,2047.0000000000002,0.0,0.0,1.0,0.0,0.0,0,0.0,0.0,0.0,,0,0,0.0,0.0,1,0,0,0,0,1.0,1.0,0.0
P003,Young Trauma Patient with High Mortality Risk,50.800000000000004,0.0,,,,1082.3000000000002,0.0,1.0,1.0,0.0,0.0,0,0.0,0.0,0.0,,0,0,1.0,0.0,0,0,0,0,0,1.0,1.0,0.0
P003,Young Trauma Patient with High Mortality Risk,23.6,0.0,,,,100.0,1.0,0.0,1.0,0.0,0.0,0,1.0,0.0,0.0,20.3,0,0,0.0,0.0,0,0,0,0,0,1.0,0.0,0.0
P003,Young Trauma Patient with High Mortality Risk,41.2,0.0,,,,1733.5000000000002,0.0,0.0,1.0,0.0,0.0,0,0.0,0.0,0.0,,0,0,0.0,0.0,1,0,0,0,0,1.0,1.0,0.0
P003,Young Trauma Patient with High Mortality Risk,30.800000000000004,0.0,,,,1175.8000000000002,0.0,0.0,1.0,0.0,0.0,0,0.0,0.0,0.0,,0,0,0.0,0.0,0,0,0,0,0,1.0,1.0,0.0
P003,Young Trauma Patient with High Mortality Risk,45.2,0.0,,,,426.70000000000005,0.0,0.0,1.0,0.0,0.0,0,0.0,0.0,0.0,,0,0,0.0,0.0,0,0,0,0,0,0.0,0.0,0.0
P003,Young Trauma Patient with High Mortality Risk,22.800000000000004,0.0,,,,254.0,1.0,1.0,0.0,0.0,0.0,1,0.0,0.0,0.0,,0,0,0.0,0.0,0,0,0,0,0,1.0,1.0,0.0
P003,Young Trauma Patient with High Mortality Risk,21.200000000000003,0.0,,,,1384.8000000000002,0.0,0.0,1.0,0.0,0.0,0,0.0,0.0,0.0,,0,0,0.0,0.0,0,0,0,0,0,1.0,0.0,0.0
P003,Young Trauma Patient with High Mortality Risk,62.8,0.0,,,,549.9000000000001,0.0,0.0,1.0,0.0,0.0,0,0.0,0.0,0.0,,0,0,0.0,0.0,0,0,0,0,0,1.0,1.0,0.0
P003,Young Trauma Patient with High Mortality Risk,30.800000000000004,0.0,,,,1844.6000000000001,0.0,1.0,1.0,0.0,0.0,1,0.0,0.0,0.0,,0,0,0.0,0.0,0,0,0,0,0,1.0,1.0,0.0
P003,Young Trauma Patient with High Mortality Risk,57.2,0.0,,,,998.7,0.0,1.0,0.0,0.0,0.0,0,0.0,0.0,0.0,,0,0,1.0,0.0,0,0,0,0,0,1.0,1.0,0.0
P003,Young Trauma Patient with High Mortality Risk,33.2,0.0,,,,3136.0000000000005,0.0,0.0,1.0,0.0,0.0,0,0.0,0.0,0.0,,0,0,0.0,0.0,0,0,0,0,0,1.0,0.0,0.0
P003,Young Trauma Patient with High Mortality Risk,49.2,0.0,,,,5737.500000000001,1.0,1.0,1.0,0.0,0.0,0,0.0,0.0,0.0,,0,0,0.0,0.0,1,0,0,0,0,1.0,0.0,0.0
P003,Young Trauma Patient with High Mortality Risk,49.2,0.0,,,,1480.5,0.0,0.0,1.0,0.0,0.0,0,0.0,0.0,0.0,21.3,0,1,0.0,0.0,0,0,0,0,0,1.0,0.0,0.0
P003,Young Trauma Patient with High Mortality Risk,47.6,0.0,0.0239811473432218,,,1415.6000000000001,0.0,0.0,1.0,0.0,0.0,0,0.0,0.0,0.0,,0,0,0.0,0.0,1,0,0,0,0,1.0,1.0,0.0
P003,Young Trauma Patient with High Mortality Risk,31.6,0.0,,,,1252.8000000000002,0.0,0.0,1.0,0.0,0.0,0,0.0,0.0,0.0,,0,0,0.0,0.0,0,0,0,0,0,1.0,0.0,1.0
P003,Young Trauma Patient with High Mortality Risk,58.0,0.0,0.035038888654526,,,2234.0,0.0,1.0,0.0,0.0,0.0,0,0.0,0.0,0.0,,0,0,0.0,0.0,0,0,0,0,0,1.0,1.0,0.0
P003,Young Trauma Patient with High Mortality Risk,47.6,0.0,,,,2022.8000000000002,0.0,0.0,0.0,0.0,0.0,0,0.0,0.0,0.0,,0,0,0.0,1.0,0,0,0,0,0,1.0,1.0,0.0
P003,Young Trauma Patient with High Mortality Risk,62.8,0.0,,,,1497.0,0.0,0.0,1.0,0.0,0.0,0,0.0,0.0,0.0,,0,0,0.0,0.0,0,0,0,0,0,1.0,0.0,1.0
P003,Young Trauma Patient with High Mortality Risk,46.0,0.0,0.1004394265085768,,0.3108947203145362,452.0,0.0,0.0,1.0,0.0,0.0,0,0.0,0.0,0.0,,0,0,0.0,0.0,1,0,0,0,0,1.0,1.0,0.0
P003,Young Trauma Patient with High Mortality Risk,35.6,0.0,,,,2659.7000000000003,1.0,1.0,0.0,0.0,0.0,0,0.0,0.0,0.0,73.4,0,0,0.0,0.0,0,0,0,0,0,1.0,1.0,0.0
P003,Young Trauma Patient with High Mortality Risk,44.400000000000006,0.0,,,,1139.5,0.0,1.0,1.0,0.0,0.0,0,0.0,0.0,0.0,,0,0,0.0,0.0,0,0,0,0,0,1.0,1.0,1.0
P003,Young Trauma Patient with High Mortality Risk,45.2,0.0,,,,1002.0000000000001,0.0,0.0,1.0,0.0,0.0,0,0.0,0.0,0.0,,0,0,0.0,0.0,0,0,0,0,0,1.0,1.0,0.0
P003,Young Trauma Patient with High Mortality Risk,46.800000000000004,0.0,,,,2278.0,0.0,1.0,1.0,0.0,0.0,0,0.0,0.0,0.0,,0,0,0.0,0.0,0,0,0,0,0,1.0,1.0,1.0
P003,Young Trauma Patient with High Mortality Risk,48.400000000000006,0.0,,,,699.5,0.0,0.0,1.0,0.0,0.0,0,0.0,0.0,0.0,,0,1,0.0,0.0,0,0,0,0,0,1.0,1.0,0.0
P003,Young Trauma Patient with High Mortality Risk,34.0,0.0,,,,100.0,1.0,0.0,1.0,0.0,0.0,0,0.0,0.0,0.0,,0,0,0.0,0.0,0,0,0,0,0,1.0,1.0,0.0
P003,Young Trauma Patient with High Mortality Risk,55.60000000000001,0.0,,,,775.4000000000001,1.0,0.0,1.0,0.0,0.0,0,0.0,0.0,0.0,,0,0,0.0,0.0,0,0,0,0,0,0.0,0.0,0.0
P003,Young Trauma Patient with High Mortality Risk,11.600000000000001,0.0,,,,100.0,0.0,0.0,0.0,0.0,0.0,0,0.0,0.0,0.0,,0,0,0.0,0.0,0,0,0,0,0,1.0,0.0,0.0
P003,Young Trauma Patient with High Mortality Risk,49.2,0.0,,,,1475.0,1.0,0.0,0.0,0.0,0.0,0,0.0,0.0,0.0,,0,1,0.0,0.0,0,0,0,0,0,1.0,1.0,0.0
P003,Young Trauma Patient with High Mortality Risk,53.2,0.0,,,,573.0,0.0,0.0,1.0,0.0,0.0,0,0.0,0.0,0.0,,0,0,0.0,0.0,0,0,0,0,0,1.0,1.0,1.0
P003,Young Trauma Patient with High Mortality Risk,30.800000000000004,0.0,,,,904.1,0.0,1.0,1.0,0.0,0.0,1,0.0,0.0,0.0,,0,0,0.0,0.0,0,0,0,0,0,1.0,1.0,0.0
P003,Young Trauma Patient with High Mortality Risk,53.2,0.0,0.0351235869655081,,0.2874247462993177,980.0000000000001,0.0,1.0,0.0,0.0,0.0,0,0.0,0.0,0.0,,0,0,0.0,0.0,0,0,0,0,0,1.0,1.0,0.0
P003,Young Trauma Patient with High Mortality Risk,20.400000000000002,0.0,1.008108374662697,,6.399657984729856,2272.5,1.0,0.0,0.0,0.0,0.0,0,0.0,0.0,0.0,,0,0,0.0,0.0,0,0,0,0,0,1.0,1.0,0.0
P003,Young Trauma Patient with High Mortality Risk,39.6,0.0,,,,1629.0000000000002,1.0,0.0,1.0,0.0,0.0,0,1.0,0.0,0.0,,0,0,0.0,0.0,0,0,0,0,0,1.0,0.0,0.0
P003,Young Trauma Patient with High Mortality Risk,30.800000000000004,0.0,,,,3163.5000000000005,1.0,1.0,0.0,0.0,0.0,0,0.0,0.0,0.0,24.6,0,0,0.0,0.0,0,0,0,0,0,1.0,1.0,0.0
P003,Young Trauma Patient with High Mortality Risk,57.2,0.0,,,,1686.2,0.0,1.0,0.0,0.0,0.0,0,0.0,0.0,0.0,,0,0,1.0,0.0,0,0,0,0,0,1.0,1.0,0.0
P003,Young Trauma Patient with High Mortality Risk,36.400000000000006,0.0,,,,4813.5,1.0,1.0,1.0,0.0,0.0,0,0.0,0.0,0.0,,0,0,0.0,0.0,0,0,0,0,0,0.0,1.0,0.0
P003,Young Trauma Patient with High Mortality Risk,48.400000000000006,0.0,,,,7596.500000000001,0.0,1.0,1.0,0.0,0.0,0,0.0,0.0,0.0,,0,1,0.0,0.0,0,0,0,0,0,1.0,1.0,0.0
P003,Young Trauma Patient with High Mortality Risk,24.4,0.0,,,,886.5000000000001,0.0,0.0,1.0,0.0,0.0,0,0.0,0.0,0.0,,0,0,0.0,0.0,0,0,0,0,0,0.0,0.0,0.0
P003,Young Trauma Patient with High Mortality Risk,32.400000000000006,0.0,0.1004117002594284,,0.1252026268048211,2448.5,0.0,0.0,1.0,0.0,0.0,0,0.0,0.0,0.0,,0,0,0.0,0.0,1,0,0,0,0,1.0,0.0,0.0
P003,Young Trauma Patient with High Mortality Risk,37.2,0.0,,,,883.2,0.0,1.0,1.0,0.0,0.0,0,0.0,0.0,0.0,,0,1,0.0,0.0,0,0,0,0,0,1.0,1.0,0.0
P003,Young Trauma Patient with High Mortality Risk,19.6,0.0,,,,1563.0000000000002,0.0,0.0,0.0,0.0,0.0,0,0.0,0.0,0.0,,0,0,0.0,0.0,0,0,0,0,0,0.0,0.0,0.0
P003,Young Trauma Patient with High Mortality Risk,17.200000000000003,0.0,,,,1702.7,0.0,0.0,1.0,0.0,0.0,0,0.0,0.0,0.0,,0,0,0.0,0.0,0,0,0,0,0,1.0,1.0,0.0
P003,Young Trauma Patient with High Mortality Risk,54.8,0.0,,,,983.3000000000001,0.0,1.0,1.0,0.0,0.0,0,0.0,0.0,0.0,,0,0,0.0,0.0,0,0,0,0,0,1.0,0.0,0.0
P003,Young Trauma Patient with High Mortality Risk,9.200000000000003,0.0,,,,1871.0000000000002,0.0,0.0,1.0,0.0,0.0,0,0.0,0.0,0.0,25.0,0,0,1.0,0.0,0,0,0,0,0,1.0,0.0,0.0
P003,Young Trauma Patient with High Mortality Risk,62.8,0.0,,,,100.0,0.0,0.0,1.0,0.0,0.0,0,0.0,0.0,0.0,,0,0,0.0,0.0,0,0,0,0,0,1.0,1.0,0.0
P003,Young Trauma Patient with High Mortality Risk,34.0,0.0,0.0683052399836014,,0.241915111473645,1499.2,0.0,0.0,0.0,0.0,0.0,0,0.0,0.0,0.0,,0,0,0.0,0.0,1,0,0,0,0,1.0,1.0,0.0
P003,Young Trauma Patient with High Mortality Risk,46.0,0.0,,,,1942.5000000000002,0.0,1.0,1.0,0.0,0.0,0,0.0,0.0,0.0,,0,0,0.0,0.0,0,0,0,0,0,1.0,1.0,0.0
P003,Young Trauma Patient with High Mortality Risk,48.400000000000006,0.0,,,,1277.0,1.0,1.0,1.0,0.0,0.0,0,0.0,0.0,0.0,,0,0,0.0,0.0,1,0,0,0,0,1.0,1.0,0.0
P003,Young Trauma Patient with High Mortality Risk,56.400000000000006,0.0,,,,1706.0000000000002,0.0,0.0,1.0,0.0,0.0,0,0.0,0.0,0.0,,0,0,0.0,0.0,0,0,0,0,0,1.0,0.0,0.0
P003,Young Trauma Patient with High Mortality Risk,47.6,0.0,,,,1477.2,1.0,1.0,1.0,0.0,0.0,0,0.0,0.0,0.0,,0,0,0.0,0.0,0,0,0,0,0,1.0,1.0,0.0
P003,Young Trauma Patient with High Mortality Risk,14.0,0.0,,,,5506.5,0.0,0.0,1.0,0.0,0.0,0,0.0,0.0,0.0,15.0,0,0,1.0,0.0,0,0,0,0,0,1.0,1.0,0.0
P003,Young Trauma Patient with High Mortality Risk,49.2,0.0,,,,2058.0,0.0,0.0,1.0,0.0,0.0,0,0.0,0.0,0.0,,0,0,1.0,0.0,1,0,0,0,0,1.0,0.0,0.0
P003,Young Trauma Patient with High Mortality Risk,36.400000000000006,0.0,,,,2553.0,0.0,1.0,1.0,0.0,0.0,0,0.0,0.0,0.0,,0,0,0.0,0.0,0,0,0,0,0,1.0,0.0,0.0
P003,Young Trauma Patient with High Mortality Risk,34.0,0.0,,,,2305.5,0.0,1.0,1.0,0.0,0.0,0,0.0,0.0,0.0,29.2,0,0,0.0,0.0,0,0,0,0,0,1.0,1.0,0.0
P003,Young Trauma Patient with High Mortality Risk,34.0,0.0,,,,2481.5,0.0,1.0,1.0,0.0,0.0,0,0.0,0.0,0.0,,0,0,0.0,0.0,0,0,0,0,0,1.0,1.0,0.0
P003,Young Trauma Patient with High Mortality Risk,50.0,0.0,,,,2586.0,1.0,0.0,1.0,0.0,0.0,0,0.0,0.0,0.0,,0,0,0.0,0.0,0,0,0,0,0,1.0,1.0,0.0
P003,Young Trauma Patient with High Mortality Risk,47.6,0.0,,,,1260.5,1.0,1.0,0.0,0.0,0.0,0,0.0,0.0,0.0,,0,0,0.0,0.0,0,0,0,0,0,1.0,1.0,0.0
P003,Young Trauma Patient with High Mortality Risk,47.6,0.0,,,,1843.5000000000002,1.0,0.0,1.0,0.0,0.0,0,1.0,0.0,0.0,,0,0,0.0,0.0,1,0,0,0,0,1.0,0.0,1.0
P003,Young Trauma Patient with High Mortality Risk,60.400000000000006,0.0,,,,317.8,1.0,0.0,1.0,0.0,0.0,0,0.0,0.0,0.0,,0,0,0.0,0.0,0,0,0,0,0,1.0,1.0,0.0
P003,Young Trauma Patient with High Mortality Risk,7.600000000000001,0.0,,,,3153.6000000000004,0.0,1.0,1.0,0.0,0.0,0,0.0,0.0,0.0,,0,0,0.0,0.0,0,0,0,0,0,1.0,1.0,1.0
P003,Young Trauma Patient with High Mortality Risk,45.2,0.0,,,,1538.8000000000002,0.0,1.0,1.0,0.0,0.0,0,1.0,0.0,0.0,,0,0,0.0,0.0,0,0,0,0,0,1.0,1.0,0.0
P003,Young Trauma Patient with High Mortality Risk,50.800000000000004,0.0,,,,1909.5000000000002,1.0,1.0,1.0,0.0,0.0,0,0.0,0.0,0.0,,0,0,0.0,0.0,0,0,0,0,0,1.0,1.0,0.0
P003,Young Trauma Patient with High Mortality Risk,18.8,0.0,,,,2943.5000000000005,1.0,1.0,1.0,0.0,0.0,1,0.0,0.0,0.0,,0,0,0.0,0.0,0,0,0,0,0,1.0,0.0,0.0
P003,Young Trauma Patient with High Mortality Risk,30.800000000000004,0.0,,,,2652.0,0.0,1.0,0.0,0.0,0.0,0,0.0,0.0,0.0,,0,0,0.0,0.0,0,0,0,0,0,1.0,0.0,0.0
P003,Young Trauma Patient with High Mortality Risk,15.600000000000001,0.0,,,,2542.0,0.0,0.0,1.0,0.0,0.0,0,0.0,0.0,0.0,,0,0,0.0,0.0,0,0,0,0,0,1.0,1.0,0.0
P003,Young Trauma Patient with High Mortality Risk,45.2,0.0,,,,942.6,0.0,0.0,1.0,0.0,0.0,0,0.0,0.0,0.0,,0,0,0.0,0.0,0,0,0,0,0,1.0,1.0,1.0
P003,Young Trauma Patient with High Mortality Risk,54.8,0.0,,,,1458.5,1.0,0.0,1.0,0.0,0.0,0,0.0,0.0,0.0,,0,0,0.0,0.0,0,0,0,0,0,1.0,1.0,0.0
P003,Young Trauma Patient with High Mortality Risk,50.0,0.0,,,,3559.5000000000005,0.0,1.0,0.0,0.0,0.0,0,0.0,0.0,0.0,,0,0,0.0,0.0,0,0,0,0,0,1.0,0.0,0.0
P003,Young Trauma Patient with High Mortality Risk,42.0,0.0,,,,504.8,1.0,1.0,1.0,0.0,0.0,0,1.0,0.0,0.0,,0,0,0.0,0.0,0,0,0,0,0,0.0,0.0,0.0
P003,Young Trauma Patient with High Mortality Risk,42.800000000000004,0.0,,,,1409.0,0.0,0.0,1.0,0.0,0.0,0,0.0,0.0,0.0,,0,0,0.0,0.0,0,0,0,0,0,1.0,1.0,0.0
P003,Young Trauma Patient with High Mortality Risk,33.2,0.0,,,,980.0000000000001,1.0,1.0,1.0,0.0,0.0,1,0.0,0.0,0.0,,0,0,0.0,0.0,0,0,0,0,0,1.0,0.0,0.0
P004,Elderly with Advanced Cancer and ICU Admission,65.0,0.0,,,,1113.0,0.0,1.0,1.0,0.0,0.0,0,0.0,0.0,0.0,,0,0,0.0,0.0,0,0,0,0,0,0.0,1.0,0.0
P004,Elderly with Advanced Cancer and ICU Admission,68.0,0.0,,,,1925.0,0.0,0.0,1.0,0.0,0.0,1,0.0,0.0,0.0,,0,0,1.0,0.0,0,0,0,0,0,0.0,1.0,0.0
P004,Elderly with Advanced Cancer and ICU Admission,88.0,0.0,0.0463108381154597,,0.16937652404109627,1540.0,0.0,1.0,1.0,0.0,0.0,0,0.0,0.0,0.0,,0,0,0.0,0.0,0,0,0,0,0,0.0,1.0,0.0
P004,Elderly with Advanced Cancer and ICU Admission,71.0,0.0,,,,0.0,1.0,0.0,1.0,0.0,0.0,0,0.0,0.0,0.0,,0,0,0.0,0.0,0,0,0,0,0,0.0,1.0,0.0
P004,Elderly with Advanced Cancer and ICU Admission,92.0,0.0,,,,3820.0,0.0,0.0,1.0,0.0,0.0,0,0.0,0.0,0.0,23.3,0,0,0.0,0.0,0,0,0,0,0,0.0,1.0,1.0
P004,Elderly with Advanced Cancer and ICU Admission,89.0,0.0,,,,3745.0,0.0,1.0,1.0,0.0,0.0,0,0.0,0.0,0.0,22.5,0,0,0.0,0.0,0,0,0,0,0,0.0,1.0,1.0
P004,Elderly with Advanced Cancer and ICU Admission,84.0,0.0,,,,7650.0,1.0,0.0,0.0,0.0,0.0,0,0.0,0.0,0.0,,0,0,0.0,0.0,0,0,0,0,0,0.0,1.0,0.0
P004,Elderly with Advanced Cancer and ICU Admission,82.0,0.0,,,,105.0,1.0,1.0,1.0,0.0,0.0,0,0.0,0.0,1.0,,0,0,0.0,0.0,0,0,0,0,0,0.0,1.0,1.0
P004,Elderly with Advanced Cancer and ICU Admission,63.0,0.0,,,,1070.0,0.0,1.0,1.0,0.0,0.0,0,0.0,0.0,1.0,,0,0,0.0,0.0,0,0,0,0,0,0.0,0.0,1.0
P004,Elderly with Advanced Cancer and ICU Admission,55.0,0.0,,,,880.0,0.0,0.0,1.0,0.0,0.0,0,0.0,0.0,1.0,,0,0,1.0,0.0,0,0,0,0,0,0.0,1.0,0.0
P004,Elderly with Advanced Cancer and ICU Admission,95.0,0.0,,,,869.0,1.0,1.0,1.0,0.0,0.0,0,0.0,0.0,0.0,,0,0,0.0,0.0,0,0,0,0,0,0.0,1.0,1.0
P004,Elderly with Advanced Cancer and ICU Admission,89.0,0.0,,,,5300.0,0.0,0.0,1.0,0.0,0.0,0,0.0,0.0,0.0,,0,0,0.0,0.0,0,0,0,0,0,0.0,1.0,1.0
P004,Elderly with Advanced Cancer and ICU Admission,60.0,0.0,,,,865.0,0.0,1.0,1.0,0.0,0.0,0,0.0,0.0,1.0,27.6,0,0,0.0,0.0,0,0,0,0,0,0.0,1.0,1.0
P004,Elderly with Advanced Cancer and ICU Admission,50.0,0.0,,,,1330.0,0.0,0.0,0.0,0.0,0.0,1,0.0,0.0,0.0,,0,0,0.0,0.0,0,0,0,0,0,1.0,1.0,1.0
P004,Elderly with Advanced Cancer and ICU Admission,86.0,0.0,,,,464.0,0.0,1.0,1.0,0.0,0.0,0,0.0,0.0,0.0,,0,0,0.0,0.0,0,0,0,0,0,0.0,1.0,1.0
P004,Elderly with Advanced Cancer and ICU Admission,30.0,0.0,,,,841.0,0.0,1.0,1.0,0.0,0.0,0,0.0,0.0,1.0,,0,0,0.0,0.0,0,0,0,0,0,0.0,1.0,1.0
P004,Elderly with Advanced Cancer and ICU Admission,70.0,0.0,,,,0.0,1.0,1.0,1.0,0.0,0.0,0,1.0,0.0,0.0,33.0,0,0,0.0,0.0,0,0,0,0,0,0.0,1.0,0.0
P004,Elderly with Advanced Cancer and ICU Admission,96.0,0.0,,,,495.0,0.0,1.0,1.0,0.0,0.0,0,0.0,0.0,0.0,,0,0,0.0,0.0,0,0,0,0,0,0.0,1.0,1.0
P004,Elderly with Advanced Cancer and ICU Admission,69.0,0.0,,,,1245.0,0.0,0.0,1.0,0.0,0.0,0,0.0,0.0,1.0,,0,0,0.0,0.0,0,0,0,0,0,0.0,1.0,1.0
P004,Elderly with Advanced Cancer and ICU Admission,71.0,0.0,,,,1255.0,1.0,0.0,1.0,0.0,0.0,0,0.0,0.0,0.0,,0,0,0.0,0.0,0,0,0,0,0,0.0,0.0,0.0
P004,Elderly with Advanced Cancer and ICU Admission,86.0,0.0,,,,1485.0,0.0,1.0,1.0,0.0,0.0,0,0.0,0.0,1.0,,0,1,0.0,0.0,0,0,0,0,0,0.0,1.0,0.0
P004,Elderly with Advanced Cancer and ICU Admission,89.0,0.0,,,,1950.0,1.0,1.0,0.0,0.0,0.0,0,0.0,0.0,0.0,29.5,0,0,0.0,0.0,0,0,0,0,0,0.0,1.0,0.0
P004,Elderly with Advanced Cancer and ICU Admission,46.0,0.0,,,,1371.0,0.0,0.0,1.0,0.0,0.0,1,0.0,0.0,0.0,,0,0,0.0,0.0,0,0,0,0,0,0.0,0.0,0.0
P004,Elderly with Advanced Cancer and ICU Admission,41.0,0.0,,,,5170.0,1.0,0.0,0.0,0.0,0.0,0,0.0,0.0,0.0,,0,0,0.0,0.0,0,0,0,0,0,1.0,1.0,1.0
P004,Elderly with Advanced Cancer and ICU Admission,101.0,0.0,,,,25.0,0.0,1.0,1.0,0.0,0.0,0,0.0,0.0,1.0,,0,0,0.0,0.0,0,1,0,0,0,0.0,1.0,1.0
P004,Elderly with Advanced Cancer and ICU Admission,80.0,0.0,,,,0.0,1.0,0.0,1.0,0.0,0.0,0,0.0,0.0,0.0,,0,0,0.0,0.0,0,0,0,0,0,0.0,1.0,1.0
P004,Elderly with Advanced Cancer and ICU Admission,82.0,0.0,,,,1172.0,0.0,0.0,1.0,0.0,0.0,0,0.0,0.0,0.0,,0,0,0.0,0.0,0,1,0,0,0,0.0,1.0,1.0
P004,Elderly with Advanced Cancer and ICU Admission,32.0,0.0,,,,3925.0,0.0,1.0,1.0,0.0,0.0,0,0.0,0.0,1.0,,0,1,0.0,0.0,0,0,0,0,0,0.0,0.0,1.0
P004,Elderly with Advanced Cancer and ICU Admission,66.0,0.0,,,,825.0,1.0,0.0,1.0,0.0,0.0,0,0.0,0.0,0.0,,0,1,0.0,0.0,0,0,0,0,0,0.0,1.0,1.0
P004,Elderly with Advanced Cancer and ICU Admission,70.0,0.0,,,,3010.0,0.0,0.0,1.0,0.0,0.0,0,0.0,0.0,1.0,,0,0,0.0,0.0,0,0,0,0,0,0.0,0.0,0.0
P004,Elderly with Advanced Cancer and ICU Admission,66.0,0.0,,,,1530.0,0.0,1.0,0.0,0.0,0.0,0,0.0,0.0,0.0,,0,0,0.0,0.0,0,0,0,0,0,0.0,1.0,1.0
P004,Elderly with Advanced Cancer and ICU Admission,97.0,0.0,,,,2305.0,0.0,0.0,1.0,0.0,0.0,0,0.0,0.0,1.0,,0,0,0.0,0.0,1,0,0,0,0,0.0,1.0,1.0
P004,Elderly with Advanced Cancer and ICU Admission,64.0,0.0,,,,379.0,0.0,1.0,1.0,0.0,0.0,0,0.0,0.0,1.0,,0,0,0.0,0.0,0,0,0,0,0,0.0,1.0,1.0
P004,Elderly with Advanced Cancer and ICU Admission,94.0,0.0,0.0150108153320615,,,1587.0,1.0,1.0,1.0,0.0,0.0,0,0.0,0.0,1.0,,0,0,0.0,0.0,0,0,0,0,0,0.0,1.0,1.0
P004,Elderly with Advanced Cancer and ICU Admission,78.0,0.0,,,,2190.0,1.0,1.0,1.0,0.0,0.0,0,0.0,0.0,0.0,,0,0,0.0,0.0,0,0,0,0,0,0.0,1.0,1.0
P004,Elderly with Advanced Cancer and ICU Admission,68.0,0.0,,,,1745.0,0.0,1.0,1.0,0.0,0.0,0,0.0,0.0,1.0,28.1,0,0,0.0,0.0,0,0,0,0,0,0.0,0.0,0.0
P004,Elderly with Advanced Cancer and ICU Admission,71.0,0.0,,,,2145.0,0.0,0.0,1.0,0.0,0.0,0,0.0,0.0,0.0,,0,0,1.0,0.0,0,0,0,0,0,0.0,1.0,1.0
P004,Elderly with Advanced Cancer and ICU Admission,30.0,0.0,,,,2050.0,0.0,0.0,1.0,0.0,0.0,0,0.0,0.0,1.0,,0,0,0.0,0.0,0,0,0,0,0,0.0,0.0,1.0
P004,Elderly with Advanced Cancer and ICU Admission,92.0,0.0,,,,460.0,0.0,0.0,1.0,0.0,0.0,0,1.0,0.0,1.0,,0,0,0.0,0.0,0,0,0,0,0,0.0,1.0,1.0
P004,Elderly with Advanced Cancer and ICU Admission,59.0,0.0,,,,760.0,1.0,1.0,1.0,0.0,0.0,0,0.0,0.0,0.0,,0,0,0.0,0.0,0,0,0,0,0,0.0,0.0,0.0
P004,Elderly with Advanced Cancer and ICU Admission,74.0,0.0,,,,2670.0,1.0,1.0,1.0,0.0,0.0,0,0.0,0.0,0.0,,0,0,0.0,0.0,1,0,0,0,0,0.0,1.0,1.0
P004,Elderly with Advanced Cancer and ICU Admission,78.0,0.0,,,,2289.0,1.0,1.0,1.0,0.0,0.0,0,0.0,0.0,1.0,,0,0,0.0,0.0,0,0,0,0,0,0.0,1.0,1.0
P004,Elderly with Advanced Cancer and ICU Admission,70.0,0.0,,,,880.0,1.0,1.0,1.0,0.0,0.0,0,0.0,0.0,0.0,,0,1,0.0,0.0,0,0,0,0,0,0.0,0.0,1.0
P004,Elderly with Advanced Cancer and ICU Admission,56.0,0.0,,,,1220.0,1.0,0.0,1.0,0.0,0.0,0,0.0,0.0,0.0,,0,0,0.0,0.0,0,0,0,0,0,0.0,1.0,1.0
P004,Elderly with Advanced Cancer and ICU Admission,89.0,0.0,,,,433.0,1.0,1.0,1.0,0.0,0.0,0,0.0,0.0,0.0,,0,0,0.0,0.0,0,0,0,0,0,0.0,1.0,0.0
P004,Elderly with Advanced Cancer and ICU Admission,87.0,0.0,0.0137565916702441,,0.2305186708224936,33.0,0.0,0.0,1.0,0.0,0.0,0,0.0,0.0,1.0,,0,0,0.0,0.0,1,0,0,0,0,0.0,1.0,0.0
P004,Elderly with Advanced Cancer and ICU Admission,75.0,0.0,0.0595800499922915,,0.11645825286189687,2780.0,1.0,1.0,1.0,0.0,0.0,0,0.0,0.0,1.0,29.0,0,0,0.0,0.0,1,1,0,0,0,0.0,1.0,1.0
P004,Elderly with Advanced Cancer and ICU Admission,44.0,0.0,,,,1246.0,0.0,0.0,1.0,0.0,0.0,0,0.0,0.0,0.0,,0,0,0.0,0.0,1,0,0,0,0,0.0,0.0,0.0
P004,Elderly with Advanced Cancer and ICU Admission,54.0,0.0,,,,3047.0,0.0,1.0,0.0,0.0,0.0,0,0.0,0.0,1.0,,0,0,0.0,0.0,1,0,0,0,0,0.0,1.0,0.0
P004,Elderly with Advanced Cancer and ICU Admission,56.0,0.0,0.0200101051935537,,,2415.0,0.0,1.0,1.0,0.0,0.0,0,0.0,0.0,0.0,,0,0,0.0,0.0,1,0,0,0,0,0.0,1.0,0.0
P004,Elderly with Advanced Cancer and ICU Admission,74.0,0.0,,,,1290.0,0.0,1.0,1.0,0.0,0.0,0,0.0,0.0,0.0,,0,0,1.0,0.0,0,0,0,0,0,0.0,1.0,0.0
P004,Elderly with Advanced Cancer and ICU Admission,84.0,0.0,,,,1655.0,1.0,1.0,1.0,0.0,0.0,0,0.0,0.0,0.0,,0,0,1.0,0.0,0,0,0,0,0,0.0,1.0,1.0
P004,Elderly with Advanced Cancer and ICU Admission,101.0,0.0,,,,1710.0,0.0,0.0,1.0,0.0,0.0,0,0.0,0.0,0.0,,0,0,1.0,0.0,0,0,0,0,0,0.0,1.0,1.0
P004,Elderly with Advanced Cancer and ICU Admission,61.0,0.0,,,,970.0,0.0,0.0,1.0,0.0,0.0,1,0.0,0.0,0.0,,0,0,0.0,0.0,0,0,0,0,0,0.0,1.0,1.0
P004,Elderly with Advanced Cancer and ICU Admission,72.0,0.0,,,,1455.0,1.0,0.0,1.0,0.0,0.0,0,0.0,0.0,1.0,,0,0,1.0,0.0,0,0,0,0,0,0.0,1.0,0.0
P004,Elderly with Advanced Cancer and ICU Admission,82.0,0.0,,,,1945.0,1.0,1.0,1.0,0.0,0.0,1,0.0,0.0,0.0,,0,0,0.0,0.0,0,0,0,0,0,0.0,1.0,1.0
P004,Elderly with Advanced Cancer and ICU Admission,78.0,0.0,0.0275473817055171,,0.18018552053836173,2465.0,0.0,1.0,1.0,0.0,0.0,1,0.0,0.0,1.0,32.0,0,0,0.0,0.0,0,0,0,0,0,0.0,1.0,0.0
P004,Elderly with Advanced Cancer and ICU Admission,87.0,0.0,,,,3145.0,0.0,1.0,1.0,0.0,0.0,1,0.0,0.0,1.0,,0,0,0.0,1.0,0,0,0,0,0,0.0,1.0,0.0
P004,Elderly with Advanced Cancer and ICU Admission,87.0,0.0,,,,1050.0,0.0,0.0,1.0,0.0,0.0,0,0.0,0.0,0.0,,0,0,0.0,0.0,0,0,0,0,0,0.0,1.0,1.0
P004,Elderly with Advanced Cancer and ICU Admission,49.0,0.0,,,,828.0,0.0,0.0,1.0,0.0,0.0,0,0.0,0.0,0.0,,0,0,0.0,0.0,0,0,0,0,0,0.0,1.0,0.0
P004,Elderly with Advanced Cancer and ICU Admission,77.0,0.0,0.0150121004480751,,0.23845806225726845,1840.0,1.0,0.0,1.0,0.0,0.0,1,0.0,0.0,0.0,,0,0,0.0,0.0,0,0,0,0,0,0.0,1.0,1.0
P004,Elderly with Advanced Cancer and ICU Admission,87.0,0.0,,,,1595.0,0.0,0.0,1.0,0.0,0.0,1,0.0,0.0,0.0,,0,0,0.0,0.0,0,0,0,0,0,0.0,1.0,1.0
P004,Elderly with Advanced Cancer and ICU Admission,82.0,0.0,,,,2110.0,0.0,1.0,1.0,0.0,0.0,0,0.0,0.0,1.0,,0,0,0.0,0.0,0,1,0,0,0,0.0,1.0,0.0
P004,Elderly with Advanced Cancer and ICU Admission,56.0,0.0,,,,2540.0,1.0,1.0,1.0,0.0,0.0,1,0.0,0.0,1.0,,0,0,0.0,0.0,0,0,0,0,0,0.0,1.0,1.0
P004,Elderly with Advanced Cancer and ICU Admission,66.0,0.0,,,,1820.0,0.0,1.0,1.0,0.0,0.0,0,0.0,0.0,0.0,,0,0,0.0,1.0,0,0,0,0,0,0.0,1.0,0.0
P004,Elderly with Advanced Cancer and ICU Admission,73.0,0.0,0.0353158754680609,,,1665.0,1.0,0.0,1.0,0.0,0.0,1,0.0,0.0,1.0,,0,0,0.0,0.0,0,0,0,0,0,0.0,1.0,0.0
P004,Elderly with Advanced Cancer and ICU Admission,53.0,0.0,,,,65.0,0.0,1.0,1.0,0.0,0.0,1,1.0,0.0,1.0,,0,0,0.0,0.0,0,0,0,0,0,1.0,1.0,1.0
P004,Elderly with Advanced Cancer and ICU Admission,51.0,0.0,,,,739.0,0.0,0.0,1.0,0.0,0.0,0,0.0,0.0,1.0,,0,0,0.0,0.0,0,0,0,0,0,0.0,1.0,1.0
P004,Elderly with Advanced Cancer and ICU Admission,60.0,0.0,,,,1247.0,1.0,0.0,1.0,0.0,0.0,0,0.0,0.0,1.0,27.4,0,1,0.0,0.0,0,0,0,0,0,0.0,1.0,1.0
P004,Elderly with Advanced Cancer and ICU Admission,62.0,0.0,,,,135.0,1.0,0.0,1.0,0.0,0.0,0,0.0,0.0,1.0,,0,0,0.0,0.0,0,0,0,0,0,0.0,1.0,1.0
P004,Elderly with Advanced Cancer and ICU Admission,89.0,0.0,,,,1175.0,0.0,0.0,1.0,0.0,0.0,0,0.0,0.0,1.0,,0,0,0.0,0.0,0,0,0,0,0,0.0,0.0,0.0
P004,Elderly with Advanced Cancer and ICU Admission,79.0,0.0,,,,1393.0,1.0,1.0,1.0,0.0,0.0,0,0.0,0.0,1.0,,0,0,0.0,0.0,0,0,0,0,0,0.0,1.0,1.0
P004,Elderly with Advanced Cancer and ICU Admission,46.0,0.0,,,,900.0,0.0,1.0,1.0,0.0,0.0,0,0.0,0.0,1.0,,0,0,0.0,0.0,0,0,0,0,0,0.0,1.0,1.0
P004,Elderly with Advanced Cancer and ICU Admission,57.0,0.0,,,,770.0,0.0,0.0,1.0,0.0,0.0,0,0.0,0.0,0.0,35.6,0,0,0.0,0.0,0,0,0,0,0,0.0,1.0,1.0
P004,Elderly with Advanced Cancer and ICU Admission,85.0,0.0,,,,697.0,1.0,1.0,1.0,0.0,0.0,0,0.0,0.0,1.0,,0,0,1.0,0.0,0,0,0,0,0,0.0,1.0,1.0
P004,Elderly with Advanced Cancer and ICU Admission,72.0,0.0,,,,1184.0,0.0,1.0,1.0,0.0,0.0,1,0.0,0.0,1.0,,0,0,0.0,0.0,0,0,0,0,0,0.0,1.0,0.0
P004,Elderly with Advanced Cancer and ICU Admission,97.0,0.0,,,,2003.0,0.0,1.0,0.0,0.0,0.0,0,0.0,0.0,0.0,,0,0,1.0,0.0,0,0,0,0,0,0.0,0.0,1.0
P004,Elderly with Advanced Cancer and ICU Admission,76.0,0.0,,,,2757.0,0.0,0.0,0.0,0.0,0.0,0,0.0,0.0,1.0,,0,1,0.0,0.0,0,0,0,0,0,0.0,1.0,0.0
P004,Elderly with Advanced Cancer and ICU Admission,68.0,0.0,,,,535.0,1.0,1.0,1.0,0.0,0.0,0,0.0,0.0,0.0,,0,0,0.0,0.0,0,0,0,0,0,0.0,1.0,1.0
P004,Elderly with Advanced Cancer and ICU Admission,70.0,0.0,,,,1675.0,0.0,0.0,1.0,0.0,0.0,0,0.0,0.0,0.0,,0,0,0.0,0.0,0,0,0,0,0,1.0,1.0,0.0
P004,Elderly with Advanced Cancer and ICU Admission,62.0,0.0,,,,1535.0,0.0,0.0,1.0,0.0,0.0,0,0.0,0.0,1.0,,0,0,0.0,0.0,1,0,0,0,0,0.0,1.0,1.0
P004,Elderly with Advanced Cancer and ICU Admission,80.0,0.0,,,,2050.0,1.0,1.0,1.0,0.0,0.0,0,0.0,0.0,1.0,,0,1,0.0,0.0,0,0,0,0,0,0.0,1.0,1.0
P004,Elderly with Advanced Cancer and ICU Admission,68.0,0.0,,,,745.0,1.0,1.0,1.0,0.0,0.0,0,1.0,0.0,0.0,,0,0,0.0,0.0,0,0,0,0,0,0.0,1.0,0.0
P004,Elderly with Advanced Cancer and ICU Admission,32.0,0.0,,,,369.0,0.0,0.0,0.0,0.0,0.0,0,0.0,0.0,0.0,21.8,0,0,0.0,0.0,0,0,0,0,0,0.0,1.0,1.0
P004,Elderly with Advanced Cancer and ICU Admission,96.0,0.0,0.0442299812372462,,0.1406979917999706,975.0,0.0,1.0,1.0,0.0,0.0,0,0.0,0.0,1.0,,0,0,0.0,0.0,1,0,0,0,0,0.0,1.0,0.0
P004,Elderly with Advanced Cancer and ICU Admission,88.0,0.0,,,,370.0,0.0,0.0,1.0,0.0,0.0,0,0.0,0.0,0.0,,0,0,0.0,0.0,0,0,0,0,0,0.0,1.0,1.0
P004,Elderly with Advanced Cancer and ICU Admission,65.0,0.0,,,,1285.0,1.0,0.0,0.0,0.0,0.0,0,1.0,0.0,1.0,,0,0,0.0,0.0,0,0,0,0,0,0.0,1.0,1.0
P004,Elderly with Advanced Cancer and ICU Admission,71.0,0.0,,,,1720.0,0.0,1.0,1.0,0.0,0.0,0,0.0,0.0,0.0,,0,0,0.0,0.0,0,0,0,0,0,1.0,1.0,1.0
P004,Elderly with Advanced Cancer and ICU Admission,81.0,0.0,,,,2755.0,0.0,0.0,1.0,0.0,0.0,0,0.0,0.0,1.0,,0,0,0.0,0.0,1,0,0,0,0,0.0,1.0,0.0
P004,Elderly with Advanced Cancer and ICU Admission,48.0,0.0,,,,3680.0,1.0,0.0,1.0,0.0,0.0,1,0.0,0.0,0.0,,0,0,0.0,0.0,0,0,0,0,0,0.0,1.0,1.0
P004,Elderly with Advanced Cancer and ICU Admission,33.0,0.0,,,,1671.0,0.0,0.0,1.0,0.0,0.0,0,0.0,0.0,0.0,,0,0,0.0,0.0,0,0,0,0,0,0.0,1.0,1.0
P004,Elderly with Advanced Cancer and ICU Admission,70.0,0.0,,,,1153.0,0.0,1.0,0.0,0.0,0.0,1,0.0,0.0,0.0,,0,0,0.0,0.0,0,0,0,0,0,0.0,1.0,1.0
P004,Elderly with Advanced Cancer and ICU Admission,40.0,0.0,,,,1780.0,0.0,0.0,1.0,0.0,0.0,0,0.0,0.0,0.0,,0,0,1.0,0.0,0,0,0,0,0,0.0,1.0,1.0
P004,Elderly with Advanced Cancer and ICU Admission,53.0,0.0,,,,65.0,0.0,1.0,1.0,0.0,0.0,1,1.0,0.0,1.0,,0,0,0.0,0.0,0,0,0,0,0,1.0,0.0,1.0
P004,Elderly with Advanced Cancer and ICU Admission,69.0,0.0,,,,670.0,0.0,0.0,1.0,0.0,0.0,0,0.0,0.0,1.0,,0,0,1.0,0.0,0,0,0,0,0,0.0,1.0,0.0
P004,Elderly with Advanced Cancer and ICU Admission,95.0,0.0,,,,551.0,0.0,1.0,0.0,0.0,0.0,0,0.0,0.0,1.0,,0,0,0.0,0.0,1,0,0,0,0,0.0,1.0,0.0
P004,Elderly with Advanced Cancer and ICU Admission,48.0,0.0,,,,2718.0,0.0,0.0,1.0,0.0,0.0,0,0.0,0.0,1.0,,0,0,0.0,0.0,0,0,0,0,0,0.0,1.0,0.0
P004,Elderly with Advanced Cancer and ICU Admission,75.0,0.0,,,,2390.0,0.0,0.0,1.0,0.0,0.0,0,0.0,0.0,0.0,18.6,0,0,0.0,0.0,0,0,0,0,0,0.0,1.0,0.0
P004,Elderly with Advanced Cancer and ICU Admission,73.0,0.0,,,,2380.0,1.0,1.0,1.0,0.0,0.0,0,0.0,0.0,1.0,,0,0,0.0,0.0,0,0,0,0,0,0.0,1.0,1.0
P004,Elderly with Advanced Cancer and ICU Admission,77.0,0.0,,,,1920.0,0.0,1.0,1.0,0.0,0.0,0,0.0,0.0,1.0,,0,1,0.0,0.0,0,0,0,0,0,0.0,1.0,0.0
P005,Post-Surgical Patient with Complications,79.0,0.0,,,,1368.0,1.0,0.0,1.0,0.0,0.0,0,0.0,0.0,0.0,,0,0,1.0,0.0,0,0,0,0,0,0.0,0.0,1.0
P005,Post-Surgical Patient with Complications,54.0,0.0,,,,1220.0,0.0,0.0,1.0,0.0,0.0,0,0.0,0.0,0.0,,0,0,1.0,0.0,1,0,0,0,0,0.0,0.0,1.0
P005,Post-Surgical Patient with Complications,48.0,0.0,,,,2620.0,0.0,1.0,1.0,0.0,0.0,0,0.0,0.0,0.0,,0,0,0.0,0.0,0,0,0,0,0,0.0,0.0,1.0
P005,Post-Surgical Patient with Complications,80.0,0.0,,,,115.0,1.0,0.0,1.0,0.0,0.0,0,1.0,0.0,0.0,,0,0,1.0,1.0,0,0,0,0,0,0.0,1.0,1.0
P005,Post-Surgical Patient with Complications,71.0,0.0,,,,1150.0,0.0,0.0,1.0,0.0,0.0,0,0.0,0.0,0.0,,0,0,0.0,0.0,0,0,0,0,0,1.0,1.0,0.0
P005,Post-Surgical Patient with Complications,67.0,0.0,,,,464.0,1.0,0.0,1.0,0.0,0.0,0,0.0,0.0,0.0,,0,0,0.0,0.0,0,0,0,0,0,0.0,0.0,1.0
P005,Post-Surgical Patient with Complications,66.0,0.0,,,,152.0,1.0,1.0,1.0,0.0,0.0,0,0.0,0.0,0.0,,0,0,1.0,0.0,0,0,0,0,0,0.0,1.0,1.0
P005,Post-Surgical Patient with Complications,79.0,0.0,,,,1051.0,0.0,1.0,1.0,0.0,0.0,1,0.0,0.0,0.0,,0,0,1.0,1.0,0,0,0,0,0,0.0,0.0,1.0
P005,Post-Surgical Patient with Complications,46.0,0.0,,,,4670.0,1.0,0.0,1.0,0.0,0.0,0,1.0,0.0,0.0,30.1,0,0,1.0,0.0,0,0,0,0,0,0.0,0.0,1.0
P005,Post-Surgical Patient with Complications,67.0,0.0,,,,1430.0,1.0,1.0,0.0,0.0,0.0,1,0.0,0.0,0.0,,0,0,0.0,0.0,0,0,0,0,0,0.0,1.0,0.0
P005,Post-Surgical Patient with Complications,62.0,0.0,,,,1125.0,1.0,0.0,1.0,0.0,0.0,0,0.0,0.0,0.0,20.3,0,0,1.0,0.0,0,0,0,0,0,0.0,1.0,1.0
P005,Post-Surgical Patient with Complications,65.0,0.0,0.7927871230118073,,0.66509930761531,685.0,0.0,0.0,1.0,0.0,0.0,0,1.0,0.0,0.0,,0,0,1.0,1.0,0,0,0,0,0,0.0,0.0,0.0
P005,Post-Surgical Patient with Complications,58.0,0.0,0.0480479709949576,,,2245.0,0.0,0.0,1.0,0.0,0.0,0,0.0,0.0,0.0,,0,0,1.0,0.0,0,0,0,0,0,0.0,1.0,1.0
P005,Post-Surgical Patient with Complications,76.0,0.0,,,,1075.0,0.0,1.0,1.0,0.0,0.0,0,0.0,0.0,0.0,,0,0,0.0,0.0,0,0,0,0,0,0.0,0.0,0.0
P005,Post-Surgical Patient with Complications,71.0,0.0,,,,6900.0,0.0,1.0,1.0,0.0,0.0,0,0.0,0.0,0.0,,0,0,1.0,1.0,0,0,0,0,0,0.0,1.0,0.0
P005,Post-Surgical Patient with Complications,60.0,0.0,,,,3985.0,1.0,0.0,1.0,0.0,0.0,1,0.0,0.0,0.0,,0,0,0.0,0.0,1,0,0,0,0,0.0,0.0,1.0
P005,Post-Surgical Patient with Complications,42.0,0.0,,,,5885.0,0.0,0.0,0.0,0.0,0.0,0,0.0,0.0,0.0,,0,0,0.0,0.0,0,0,0,0,0,0.0,1.0,0.0
P005,Post-Surgical Patient with Complications,76.0,0.0,,,,700.0,0.0,1.0,1.0,0.0,0.0,0,1.0,0.0,0.0,30.5,0,0,1.0,0.0,0,0,0,0,0,0.0,0.0,1.0
P005,Post-Surgical Patient with Complications,83.0,0.0,,,,433.0,1.0,0.0,1.0,0.0,0.0,0,0.0,0.0,0.0,,0,1,1.0,0.0,0,0,0,0,0,0.0,1.0,0.0
P005,Post-Surgical Patient with Complications,26.0,0.0,,,,1585.0,0.0,0.0,1.0,0.0,0.0,0,0.0,0.0,0.0,,0,0,0.0,0.0,0,0,0,0,0,0.0,1.0,1.0
P005,Post-Surgical Patient with Complications,44.0,0.0,,,,3120.0,0.0,1.0,0.0,0.0,0.0,0,0.0,0.0,0.0,,0,0,1.0,0.0,1,0,0,0,0,0.0,1.0,0.0
P005,Post-Surgical Patient with Complications,68.0,0.0,,,,3570.0,0.0,1.0,1.0,0.0,0.0,0,0.0,0.0,0.0,,0,0,0.0,0.0,0,0,0,0,0,0.0,0.0,0.0
P005,Post-Surgical Patient with Complications,89.0,0.0,0.0233195911884346,,,1103.0,0.0,1.0,1.0,0.0,0.0,0,0.0,0.0,0.0,,0,0,1.0,0.0,1,0,0,0,0,0.0,0.0,0.0
P005,Post-Surgical Patient with Complications,80.0,0.0,0.02222912802002,,0.15399066813988604,860.0,1.0,1.0,1.0,0.0,0.0,0,0.0,0.0,0.0,,0,0,1.0,0.0,1,0,0,0,0,0.0,1.0,0.0
P005,Post-Surgical Patient with Complications,68.0,0.0,,,,1200.0,0.0,1.0,1.0,0.0,0.0,0,0.0,0.0,0.0,,0,0,0.0,0.0,0,0,0,0,0,0.0,1.0,1.0
P005,Post-Surgical Patient with Complications,83.0,0.0,,,,1250.0,0.0,0.0,1.0,0.0,0.0,0,0.0,0.0,0.0,,0,0,1.0,0.0,0,0,0,0,0,0.0,1.0,1.0
P005,Post-Surgical Patient with Complications,64.0,0.0,,,,570.0,1.0,0.0,1.0,0.0,0.0,1,0.0,0.0,0.0,,0,0,1.0,0.0,0,0,0,0,0,0.0,0.0,1.0
P005,Post-Surgical Patient with Complications,53.0,0.0,,,,2807.0,0.0,0.0,0.0,0.0,0.0,0,0.0,0.0,0.0,,0,1,1.0,0.0,0,0,0,0,0,0.0,0.0,1.0
P005,Post-Surgical Patient with Complications,74.0,0.0,,,,2290.0,0.0,1.0,1.0,0.0,0.0,0,0.0,0.0,0.0,,0,0,1.0,0.0,0,0,0,0,0,0.0,1.0,0.0
P005,Post-Surgical Patient with Complications,57.0,0.0,,,,1260.0,0.0,0.0,1.0,0.0,0.0,0,0.0,0.0,0.0,,0,0,1.0,0.0,0,0,0,0,0,0.0,1.0,1.0
P005,Post-Surgical Patient with Complications,42.0,0.0,0.0424343915938151,,0.2482124428156695,1025.0,0.0,0.0,1.0,0.0,0.0,0,0.0,0.0,0.0,,0,0,1.0,1.0,0,0,0,0,0,0.0,1.0,0.0
P005,Post-Surgical Patient with Complications,78.0,0.0,,,,28.0,1.0,0.0,1.0,0.0,0.0,0,1.0,0.0,0.0,,0,0,0.0,0.0,0,0,0,0,0,0.0,1.0,0.0
P005,Post-Surgical Patient with Complications,79.0,0.0,,,,532.0,1.0,1.0,1.0,0.0,0.0,0,0.0,0.0,0.0,39.9,0,0,1.0,1.0,0,0,0,0,0,0.0,1.0,0.0
P005,Post-Surgical Patient with Complications,56.0,0.0,,,,1655.0,0.0,1.0,1.0,0.0,0.0,0,0.0,0.0,0.0,,0,0,1.0,0.0,0,0,0,0,0,0.0,0.0,1.0
P005,Post-Surgical Patient with Complications,71.0,0.0,,,,1200.0,1.0,1.0,1.0,0.0,0.0,0,1.0,0.0,0.0,,0,0,1.0,0.0,0,0,0,0,0,0.0,1.0,0.0
P005,Post-Surgical Patient with Complications,60.0,0.0,,,,3245.0,1.0,1.0,1.0,0.0,0.0,0,0.0,0.0,0.0,,0,0,0.0,0.0,0,0,0,0,0,0.0,0.0,0.0
P005,Post-Surgical Patient with Complications,59.0,0.0,,,,1825.0,0.0,0.0,1.0,0.0,0.0,0,0.0,0.0,0.0,,0,0,1.0,0.0,0,0,0,0,0,0.0,1.0,1.0
P005,Post-Surgical Patient with Complications,71.0,0.0,,,,1345.0,0.0,1.0,1.0,0.0,0.0,0,0.0,0.0,0.0,,0,0,0.0,0.0,0,0,0,0,0,0.0,1.0,0.0
P005,Post-Surgical Patient with Complications,83.0,0.0,,,,885.0,0.0,0.0,1.0,0.0,0.0,0,0.0,0.0,0.0,,0,0,1.0,0.0,0,0,0,0,0,0.0,0.0,0.0
P005,Post-Surgical Patient with Complications,80.0,0.0,0.0414791368257283,,0.21322773299179965,981.0,0.0,0.0,1.0,0.0,0.0,0,0.0,0.0,0.0,,0,0,1.0,1.0,1,0,0,0,0,0.0,0.0,1.0
P005,Post-Surgical Patient with Complications,53.0,0.0,,,,2390.0,0.0,1.0,1.0,0.0,0.0,0,0.0,0.0,0.0,,0,0,1.0,0.0,0,0,0,0,0,0.0,0.0,1.0
P005,Post-Surgical Patient with Complications,78.0,0.0,0.0100000006568734,,,1025.0,1.0,1.0,1.0,0.0,0.0,1,0.0,0.0,0.0,,0,0,1.0,1.0,0,0,0,0,0,0.0,1.0,1.0
P005,Post-Surgical Patient with Complications,64.0,0.0,,,,587.0,0.0,1.0,1.0,0.0,0.0,0,0.0,0.0,0.0,,0,0,1.0,1.0,0,0,0,0,0,0.0,1.0,1.0
P005,Post-Surgical Patient with Complications,54.0,0.0,,,,545.0,0.0,0.0,1.0,0.0,0.0,0,0.0,0.0,0.0,,0,0,1.0,0.0,0,0,0,0,0,0.0,0.0,1.0
P005,Post-Surgical Patient with Complications,41.0,0.0,,,,2223.0,1.0,1.0,1.0,0.0,0.0,0,0.0,0.0,0.0,,0,1,0.0,0.0,0,0,0,0,0,0.0,1.0,1.0
P005,Post-Surgical Patient with Complications,56.0,0.0,,,,985.0,0.0,1.0,1.0,0.0,0.0,0,0.0,0.0,0.0,,0,0,1.0,0.0,0,1,1,0,0,0.0,1.0,1.0
P005,Post-Surgical Patient with Complications,65.0,0.0,,,,3190.0,0.0,1.0,0.0,0.0,0.0,0,0.0,0.0,0.0,,0,0,1.0,0.0,0,0,0,0,0,0.0,1.0,1.0
P005,Post-Surgical Patient with Complications,74.0,0.0,,,,1000.0,0.0,0.0,1.0,0.0,0.0,0,0.0,0.0,0.0,,0,0,1.0,0.0,0,0,0,0,0,0.0,1.0,0.0
P005,Post-Surgical Patient with Complications,59.0,0.0,,,,1347.0,1.0,1.0,1.0,0.0,0.0,1,0.0,0.0,0.0,,0,0,0.0,0.0,0,0,0,0,0,0.0,0.0,1.0
P005,Post-Surgical Patient with Complications,35.0,0.0,,,,1631.0,0.0,0.0,1.0,0.0,0.0,0,0.0,0.0,0.0,27.3,0,0,1.0,0.0,0,0,0,0,0,0.0,1.0,0.0
P005,Post-Surgical Patient with Complications,23.0,0.0,,,,3685.0,0.0,0.0,1.0,0.0,0.0,0,0.0,0.0,0.0,,0,0,1.0,0.0,0,0,0,0,0,1.0,1.0,1.0
P005,Post-Surgical Patient with Complications,79.0,0.0,,,,1068.0,0.0,0.0,1.0,0.0,0.0,0,0.0,0.0,0.0,,0,0,1.0,1.0,0,0,0,0,0,0.0,1.0,1.0
P005,Post-Surgical Patient with Complications,56.0,0.0,,,,1995.0,0.0,1.0,1.0,0.0,0.0,0,0.0,0.0,0.0,,1,0,0.0,0.0,0,0,0,0,0,0.0,1.0,1.0
P005,Post-Surgical Patient with Complications,61.0,0.0,,,,3115.0,1.0,1.0,0.0,0.0,0.0,0,0.0,0.0,0.0,,0,0,1.0,0.0,0,0,0,0,0,0.0,1.0,1.0
P005,Post-Surgical Patient with Complications,39.0,0.0,,,,614.0,0.0,0.0,1.0,0.0,0.0,0,0.0,0.0,0.0,,0,0,1.0,0.0,0,0,0,0,0,0.0,1.0,1.0
P005,Post-Surgical Patient with Complications,72.0,0.0,,,,230.0,0.0,0.0,1.0,0.0,0.0,0,0.0,0.0,0.0,,0,0,0.0,0.0,1,0,0,0,0,0.0,1.0,0.0
P005,Post-Surgical Patient with Complications,85.0,0.0,,,,957.0,1.0,1.0,1.0,0.0,0.0,0,0.0,0.0,0.0,,0,0,0.0,0.0,0,0,0,0,0,0.0,0.0,1.0
P005,Post-Surgical Patient with Complications,75.0,0.0,,,,1065.0,0.0,1.0,0.0,0.0,0.0,1,0.0,0.0,0.0,,0,0,1.0,0.0,0,0,0,0,0,0.0,1.0,0.0
P005,Post-Surgical Patient with Complications,58.0,0.0,,,,316.0,0.0,1.0,1.0,0.0,0.0,0,0.0,0.0,0.0,,0,0,0.0,0.0,0,0,0,0,0,0.0,1.0,0.0
P005,Post-Surgical Patient with Complications,69.0,0.0,0.0300228572693109,,0.259250277839601,1445.0,0.0,1.0,1.0,0.0,0.0,0,0.0,0.0,0.0,,0,0,1.0,0.0,0,0,0,0,0,0.0,0.0,1.0
P005,Post-Surgical Patient with Complications,83.0,0.0,,,,1320.0,0.0,0.0,1.0,0.0,0.0,0,0.0,0.0,0.0,,0,0,1.0,0.0,0,0,0,0,0,1.0,0.0,1.0
P005,Post-Surgical Patient with Complications,70.0,0.0,,,,2515.0,0.0,1.0,1.0,0.0,0.0,1,0.0,0.0,0.0,,0,0,1.0,0.0,0,0,0,0,0,0.0,1.0,0.0
P005,Post-Surgical Patient with Complications,36.0,0.0,,,,45.0,0.0,1.0,1.0,0.0,0.0,0,0.0,0.0,0.0,,0,0,1.0,1.0,0,0,0,0,0,0.0,1.0,1.0
P005,Post-Surgical Patient with Complications,67.0,0.0,,,,2475.0,1.0,1.0,1.0,0.0,0.0,1,0.0,0.0,0.0,,0,0,1.0,1.0,0,0,0,0,0,0.0,1.0,1.0
P005,Post-Surgical Patient with Complications,69.0,0.0,0.0380178113118744,,,1030.0,1.0,0.0,1.0,0.0,0.0,0,0.0,0.0,0.0,,0,0,0.0,1.0,1,0,0,0,0,0.0,0.0,0.0
P005,Post-Surgical Patient with Complications,37.0,0.0,,,,3660.0,0.0,0.0,0.0,0.0,0.0,0,0.0,0.0,0.0,,0,0,1.0,0.0,0,0,0,0,0,1.0,0.0,1.0
P005,Post-Surgical Patient with Complications,91.0,0.0,,,,1582.0,0.0,1.0,1.0,0.0,0.0,0,0.0,0.0,0.0,,0,0,1.0,0.0,0,0,0,0,0,0.0,0.0,0.0
P005,Post-Surgical Patient with Complications,62.0,0.0,,,,2475.0,0.0,1.0,1.0,0.0,0.0,0,0.0,0.0,0.0,,0,0,1.0,1.0,0,0,0,0,0,0.0,1.0,0.0
P005,Post-Surgical Patient with Complications,31.0,0.0,,,,2815.0,0.0,0.0,1.0,0.0,0.0,0,0.0,0.0,0.0,,0,0,0.0,0.0,0,0,0,0,0,1.0,0.0,1.0
P005,Post-Surgical Patient with Complications,58.0,0.0,0.0953397203476116,,0.1039795790973584,918.0,0.0,1.0,1.0,0.0,0.0,0,0.0,0.0,0.0,,0,0,1.0,1.0,0,0,0,0,0,0.0,1.0,1.0
P005,Post-Surgical Patient with Complications,53.0,0.0,,,,287.0,0.0,1.0,1.0,0.0,0.0,0,0.0,0.0,0.0,,0,0,1.0,0.0,0,0,0,0,0,0.0,1.0,1.0
P005,Post-Surgical Patient with Complications,38.0,0.0,,,,925.0,0.0,0.0,1.0,0.0,0.0,0,0.0,0.0,0.0,,0,0,1.0,0.0,0,0,0,0,0,0.0,1.0,1.0
P005,Post-Surgical Patient with Complications,50.0,0.0,,,,843.0,1.0,0.0,1.0,0.0,0.0,0,1.0,0.0,0.0,,0,0,1.0,1.0,0,0,0,0,0,0.0,0.0,1.0
P005,Post-Surgical Patient with Complications,85.0,0.0,,,,3380.0,1.0,0.0,1.0,0.0,0.0,0,0.0,0.0,0.0,,0,0,0.0,0.0,0,0,0,0,0,0.0,1.0,0.0
P005,Post-Surgical Patient with Complications,56.0,0.0,,,,1150.0,0.0,1.0,1.0,0.0,0.0,0,0.0,0.0,0.0,,0,0,0.0,1.0,0,0,0,0,0,0.0,0.0,1.0
P005,Post-Surgical Patient with Complications,85.0,0.0,,,,355.0,1.0,0.0,1.0,0.0,0.0,0,0.0,0.0,0.0,,0,0,1.0,1.0,0,0,0,0,0,0.0,1.0,1.0
P005,Post-Surgical Patient with Complications,82.0,0.0,,,,1435.0,0.0,0.0,1.0,0.0,0.0,0,0.0,0.0,0.0,,0,0,0.0,0.0,0,0,0,0,0,0.0,1.0,0.0
P005,Post-Surgical Patient with Complications,82.0,0.0,,,,652.0,0.0,1.0,1.0,0.0,0.0,0,0.0,0.0,0.0,,0,0,1.0,0.0,0,0,0,0,0,0.0,1.0,0.0
P005,Post-Surgical Patient with Complications,74.0,0.0,,,,1635.0,0.0,0.0,1.0,0.0,0.0,0,0.0,0.0,0.0,,0,0,0.0,0.0,1,0,0,0,0,0.0,1.0,0.0
P005,Post-Surgical Patient with Complications,48.0,0.0,,,,0.0,0.0,1.0,1.0,0.0,0.0,0,0.0,0.0,0.0,20.0,0,0,1.0,0.0,1,0,0,0,0,0.0,0.0,1.0
P005,Post-Surgical Patient with Complications,46.0,0.0,,,,1942.0,0.0,1.0,1.0,0.0,0.0,1,0.0,0.0,0.0,,0,0,1.0,0.0,0,0,0,0,0,0.0,1.0,0.0
P005,Post-Surgical Patient with Complications,84.0,0.0,,,,1275.0,1.0,0.0,1.0,0.0,0.0,0,0.0,0.0,0.0,,0,0,1.0,0.0,0,0,0,0,0,0.0,0.0,1.0
P005,Post-Surgical Patient with Complications,87.0,0.0,0.009999998837884,,,1244.0,0.0,1.0,1.0,0.0,0.0,0,1.0,0.0,0.0,,0,0,1.0,1.0,0,0,0,0,0,0.0,0.0,1.0
P005,Post-Surgical Patient with Complications,70.0,0.0,,,,1628.0,1.0,0.0,1.0,0.0,0.0,0,1.0,0.0,0.0,,0,0,1.0,0.0,1,0,0,0,0,0.0,0.0,1.0
P005,Post-Surgical Patient with Complications,77.0,0.0,,,,1420.0,0.0,0.0,1.0,0.0,0.0,0,0.0,0.0,0.0,,0,0,1.0,1.0,0,0,0,0,0,0.0,1.0,0.0
P005,Post-Surgical Patient with Complications,70.0,0.0,,,,476.0,1.0,0.0,1.0,0.0,0.0,0,1.0,0.0,0.0,,0,0,1.0,1.0,0,0,0,0,0,0.0,1.0,1.0
P005,Post-Surgical Patient with Complications,61.0,0.0,,,,0.0,1.0,1.0,1.0,0.0,0.0,1,0.0,0.0,0.0,,0,0,0.0,0.0,0,0,0,0,0,0.0,1.0,1.0
P005,Post-Surgical Patient with Complications,59.0,0.0,,,,1610.0,1.0,0.0,1.0,0.0,0.0,0,0.0,0.0,0.0,,0,0,1.0,1.0,0,0,0,0,0,0.0,0.0,1.0
P005,Post-Surgical Patient with Complications,74.0,0.0,,,,1273.0,0.0,0.0,1.0,0.0,0.0,0,0.0,0.0,0.0,,0,0,1.0,0.0,0,0,0,0,0,0.0,0.0,1.0
P005,Post-Surgical Patient with Complications,53.0,0.0,0.0939929920651849,,0.6520361499395222,99.0,1.0,0.0,1.0,0.0,0.0,0,0.0,0.0,0.0,,0,0,0.0,0.0,0,0,0,0,0,0.0,1.0,0.0
P005,Post-Surgical Patient with Complications,28.0,0.0,,,,2080.0,0.0,0.0,1.0,0.0,0.0,1,0.0,0.0,0.0,,0,0,1.0,1.0,0,0,0,0,0,0.0,0.0,0.0
P005,Post-Surgical Patient with Complications,50.0,0.0,0.0801981107845979,,0.6681615171954036,2350.0,0.0,1.0,1.0,0.0,0.0,0,0.0,0.0,0.0,,0,0,1.0,0.0,1,0,0,0,0,0.0,1.0,0.0
P005,Post-Surgical Patient with Complications,84.0,0.0,,,,1350.0,1.0,0.0,1.0,0.0,0.0,0,1.0,0.0,0.0,,0,0,1.0,1.0,0,0,0,0,0,0.0,0.0,1.0
P005,Post-Surgical Patient with Complications,57.0,0.0,0.0080030413300846,,,1485.0,0.0,1.0,1.0,0.0,0.0,1,0.0,0.0,0.0,,0,0,0.0,0.0,0,1,0,0,0,0.0,1.0,1.0
P005,Post-Surgical Patient with Complications,84.0,0.0,,,,720.0,0.0,0.0,1.0,0.0,0.0,0,0.0,0.0,0.0,,0,0,1.0,0.0,0,0,0,0,0,0.0,0.0,1.0
P005,Post-Surgical Patient with Complications,89.0,0.0,,,,1605.0,0.0,1.0,1.0,0.0,0.0,0,1.0,0.0,0.0,,0,0,1.0,0.0,0,0,0,0,0,0.0,1.0,1.0
P005,Post-Surgical Patient with Complications,77.0,0.0,,,,0.0,1.0,1.0,1.0,0.0,0.0,0,0.0,0.0,0.0,,0,0,0.0,0.0,0,0,0,1,0,0.0,0.0,1.0
P005,Post-Surgical Patient with Complications,51.0,0.0,,,,930.0,1.0,0.0,1.0,0.0,0.0,0,0.0,0.0,0.0,,0,0,0.0,1.0,0,0,0,0,0,0.0,0.0,0.0
P005,Post-Surgical Patient with Complications,48.0,0.0,,,,0.0,1.0,0.0,1.0,0.0,0.0,1,0.0,0.0,0.0,,0,0,1.0,0.0,0,0,0,0,0,0.0,0.0,1.0
P005,Post-Surgical Patient with Complications,54.0,0.0,,,,3045.0,1.0,1.0,1.0,0.0,0.0,0,0.0,0.0,0.0,,1,0,1.0,0.0,0,0,0,0,0,0.0,1.0,1.0
P006,Young Obese Patient with Severe Anemia,43.099999999999994,0.0,,,,0.0,1.0,0.0,1.0,0.0,0.0,0,1.0,0.0,0.0,,0,0,0.0,0.0,0,0,0,0,0,0.0,1.0,0.0
P006,Young Obese Patient with Severe Anemia,32.599999999999994,0.0,,,,742.0,1.0,0.0,1.0,0.0,0.0,0,0.0,0.0,0.0,,0,1,0.0,0.0,0,0,0,0,0,0.0,0.0,0.0
P006,Young Obese Patient with Severe Anemia,15.799999999999997,0.0,,,,3765.0,0.0,0.0,1.0,0.0,0.0,0,1.0,0.0,0.0,,0,0,0.0,0.0,0,0,0,0,0,0.0,1.0,0.0
P006,Young Obese Patient with Severe Anemia,29.099999999999994,0.0,0.0753129269552035,,0.2811203885357827,3205.0,0.0,0.0,1.0,0.0,0.0,0,0.0,0.0,0.0,,0,0,0.0,0.0,0,0,0,0,0,0.0,1.0,1.0
P006,Young Obese Patient with Severe Anemia,31.9,0.0,,,,861.0,0.0,1.0,1.0,0.0,0.0,1,1.0,0.0,0.0,,0,0,0.0,0.0,0,0,0,0,0,0.0,0.0,0.0
P006,Young Obese Patient with Severe Anemia,29.799999999999997,0.0,0.1101142762612046,,0.1050641772053495,1552.0,0.0,0.0,1.0,0.0,0.0,0,0.0,0.0,0.0,,0,0,0.0,0.0,1,0,0,0,0,0.0,0.0,0.0
P006,Young Obese Patient with Severe Anemia,19.299999999999997,0.0,,,,4420.0,1.0,1.0,1.0,0.0,0.0,1,1.0,0.0,0.0,,0,0,0.0,0.0,0,1,0,0,0,0.0,0.0,0.0
P006,Young Obese Patient with Severe Anemia,46.599999999999994,0.0,,,,2006.0,0.0,0.0,1.0,0.0,0.0,0,1.0,0.0,0.0,,0,0,0.0,0.0,0,0,0,0,0,0.0,1.0,0.0
P006,Young Obese Patient with Severe Anemia,31.199999999999996,0.0,,,,5097.0,0.0,1.0,1.0,0.0,0.0,1,1.0,0.0,0.0,,0,0,0.0,0.0,0,0,0,0,0,0.0,0.0,0.0
P006,Young Obese Patient with Severe Anemia,24.199999999999996,0.0,0.027470591248857,,0.1698924606898799,0.0,0.0,1.0,1.0,0.0,0.0,0,1.0,0.0,0.0,,0,0,0.0,0.0,1,0,0,0,0,0.0,1.0,0.0
P006,Young Obese Patient with Severe Anemia,41.0,0.0,,,,590.0,0.0,1.0,1.0,0.0,0.0,0,0.0,0.0,0.0,,0,0,0.0,0.0,0,0,0,0,0,0.0,1.0,0.0
P006,Young Obese Patient with Severe Anemia,37.5,0.0,,,,495.0,0.0,0.0,1.0,0.0,0.0,0,0.0,0.0,0.0,,1,0,0.0,0.0,0,0,0,0,0,0.0,0.0,0.0
P006,Young Obese Patient with Severe Anemia,34.0,0.0,,,,2272.0,0.0,0.0,1.0,0.0,0.0,0,1.0,0.0,0.0,,0,0,1.0,0.0,0,0,0,0,0,0.0,1.0,1.0
P006,Young Obese Patient with Severe Anemia,24.9,0.0,,,,1188.0,1.0,1.0,1.0,0.0,0.0,0,1.0,0.0,0.0,,0,0,0.0,0.0,1,0,0,0,0,0.0,0.0,0.0
P006,Young Obese Patient with Severe Anemia,48.699999999999996,0.0,,,,1436.0,1.0,0.0,0.0,0.0,0.0,0,0.0,0.0,0.0,,0,0,1.0,0.0,0,0,0,0,0,0.0,0.0,0.0
P006,Young Obese Patient with Severe Anemia,37.5,0.0,,,,725.0,1.0,0.0,1.0,0.0,0.0,0,0.0,0.0,0.0,,0,0,0.0,0.0,1,1,0,0,0,0.0,1.0,0.0
P006,Young Obese Patient with Severe Anemia,29.099999999999994,0.0,,,,1055.0,0.0,0.0,1.0,0.0,0.0,0,0.0,0.0,0.0,36.800000000000004,0,0,1.0,0.0,0,0,0,0,0,0.0,0.0,0.0
P006,Young Obese Patient with Severe Anemia,13.0,0.0,,,,2965.0,1.0,1.0,1.0,0.0,0.0,0,1.0,0.0,0.0,,0,0,0.0,0.0,0,0,0,0,0,0.0,1.0,0.0
P006,Young Obese Patient with Severe Anemia,20.699999999999996,0.0,,,,210.0,0.0,1.0,1.0,0.0,0.0,0,1.0,0.0,0.0,,0,0,0.0,0.0,0,0,0,0,0,0.0,0.0,1.0
P006,Young Obese Patient with Severe Anemia,24.199999999999996,0.0,,,,1145.0,0.0,0.0,1.0,0.0,0.0,0,0.0,0.0,0.0,,0,0,0.0,0.0,0,0,0,0,0,1.0,0.0,0.0
P006,Young Obese Patient with Severe Anemia,1.0999999999999979,0.0,,,,1167.0,0.0,0.0,1.0,0.0,0.0,1,1.0,0.0,0.0,,0,0,0.0,0.0,0,0,0,0,0,0.0,0.0,0.0
P006,Young Obese Patient with Severe Anemia,8.799999999999997,0.0,,,,2780.0,0.0,0.0,1.0,0.0,0.0,0,0.0,0.0,0.0,,0,1,0.0,0.0,0,0,0,0,0,0.0,0.0,0.0
P006,Young Obese Patient with Severe Anemia,21.4,0.0,,,,595.0,0.0,1.0,1.0,0.0,0.0,0,1.0,0.0,0.0,,0,0,0.0,0.0,0,0,0,0,0,0.0,1.0,1.0
P006,Young Obese Patient with Severe Anemia,10.899999999999999,0.0,,,,5080.0,0.0,0.0,1.0,0.0,0.0,0,0.0,0.0,0.0,,0,0,0.0,0.0,0,0,0,0,0,0.0,0.0,0.0
P006,Young Obese Patient with Severe Anemia,37.5,0.0,,,,940.0,1.0,0.0,1.0,0.0,0.0,0,1.0,0.0,0.0,,0,0,0.0,0.0,0,0,0,0,0,0.0,1.0,0.0
P006,Young Obese Patient with Severe Anemia,29.099999999999994,0.0,,,,970.0,0.0,0.0,1.0,0.0,0.0,0,0.0,0.0,0.0,,0,0,0.0,0.0,0,0,0,0,0,0.0,0.0,0.0
P006,Young Obese Patient with Severe Anemia,11.599999999999998,0.0,,,,1035.0,0.0,1.0,0.0,0.0,0.0,0,1.0,0.0,0.0,,0,0,0.0,0.0,0,0,0,0,0,0.0,0.0,0.0
P006,Young Obese Patient with Severe Anemia,31.9,0.0,,,,9975.0,0.0,0.0,1.0,0.0,0.0,0,0.0,0.0,0.0,,1,0,1.0,0.0,0,0,0,0,0,0.0,1.0,0.0
P006,Young Obese Patient with Severe Anemia,48.699999999999996,0.0,,,,853.0,0.0,1.0,1.0,0.0,0.0,0,1.0,0.0,0.0,,0,1,0.0,0.0,0,0,0,0,0,0.0,0.0,1.0
P006,Young Obese Patient with Severe Anemia,20.699999999999996,0.0,,,,1240.0,0.0,0.0,0.0,0.0,0.0,0,0.0,0.0,0.0,25.619999999999997,0,0,0.0,0.0,0,0,0,0,0,0.0,1.0,1.0
P006,Young Obese Patient with Severe Anemia,14.399999999999999,0.0,,,,1280.0,1.0,1.0,1.0,0.0,0.0,0,0.0,0.0,0.0,51.230000000000004,0,0,0.0,0.0,0,0,0,0,0,0.0,0.0,0.0
P006,Young Obese Patient with Severe Anemia,29.099999999999994,0.0,,,,575.0,0.0,1.0,1.0,0.0,0.0,0,0.0,0.0,0.0,,0,0,0.0,0.0,0,0,0,0,0,0.0,0.0,0.0
P006,Young Obese Patient with Severe Anemia,33.3,0.0,,,,1265.0,0.0,1.0,1.0,0.0,0.0,0,0.0,0.0,0.0,,0,0,0.0,0.0,0,0,0,0,0,0.0,0.0,0.0
P006,Young Obese Patient with Severe Anemia,8.799999999999997,0.0,0.0200011818378698,,0.0300039373541949,0.0,0.0,0.0,1.0,0.0,0.0,0,0.0,0.0,0.0,,0,0,0.0,0.0,1,0,0,0,0,0.0,0.0,0.0
P006,Young Obese Patient with Severe Anemia,45.9,0.0,0.0394033258999115,,,1478.0,0.0,1.0,1.0,0.0,0.0,0,0.0,0.0,0.0,,0,0,0.0,0.0,1,0,0,0,0,0.0,1.0,0.0
P006,Young Obese Patient with Severe Anemia,40.3,0.0,,,,1068.0,0.0,0.0,1.0,0.0,0.0,0,1.0,0.0,0.0,,0,0,0.0,0.0,0,0,0,0,0,0.0,1.0,0.0
P006,Young Obese Patient with Severe Anemia,27.0,0.0,0.0500005007779691,,0.3810399405968686,1891.0,0.0,1.0,1.0,0.0,0.0,0,0.0,0.0,0.0,,0,0,0.0,0.0,0,0,0,0,0,0.0,1.0,0.0
P006,Young Obese Patient with Severe Anemia,27.699999999999996,0.0,,,,1600.0,1.0,0.0,0.0,0.0,0.0,0,1.0,0.0,0.0,,0,0,0.0,1.0,0,0,0,0,0,0.0,1.0,0.0
P006,Young Obese Patient with Severe Anemia,9.5,0.0,,,,2042.0,0.0,0.0,1.0,0.0,0.0,1,1.0,0.0,0.0,,0,0,1.0,0.0,0,0,0,0,0,0.0,1.0,0.0
P006,Young Obese Patient with Severe Anemia,25.599999999999994,0.0,,,,2280.0,0.0,1.0,1.0,0.0,0.0,0,1.0,0.0,0.0,,0,0,0.0,0.0,0,0,0,0,0,0.0,0.0,1.0
P006,Young Obese Patient with Severe Anemia,24.199999999999996,0.0,,,,4145.0,0.0,1.0,1.0,0.0,0.0,0,1.0,0.0,0.0,47.330000000000005,0,0,0.0,0.0,0,0,0,0,0,0.0,0.0,0.0
P006,Young Obese Patient with Severe Anemia,33.3,0.0,,,,385.0,1.0,1.0,1.0,0.0,0.0,0,0.0,0.0,0.0,,0,0,0.0,0.0,0,0,0,0,0,0.0,0.0,0.0
P006,Young Obese Patient with Severe Anemia,35.4,0.0,,,,5535.0,0.0,1.0,1.0,0.0,0.0,1,0.0,0.0,0.0,,0,0,0.0,0.0,1,0,0,0,0,0.0,1.0,0.0
P006,Young Obese Patient with Severe Anemia,17.9,0.0,,,,200.0,0.0,0.0,0.0,0.0,0.0,1,0.0,0.0,0.0,,0,0,0.0,0.0,0,0,0,0,0,0.0,0.0,0.0
P006,Young Obese Patient with Severe Anemia,35.4,0.0,,,,2270.0,0.0,0.0,1.0,0.0,0.0,0,0.0,0.0,0.0,,0,0,1.0,0.0,0,0,0,0,0,0.0,0.0,1.0
P006,Young Obese Patient with Severe Anemia,25.599999999999994,0.0,,,,3117.0,0.0,0.0,1.0,0.0,0.0,0,1.0,0.0,0.0,,1,0,0.0,0.0,0,0,0,0,0,0.0,1.0,1.0
P006,Young Obese Patient with Severe Anemia,20.699999999999996,0.0,,,,1605.0,0.0,1.0,1.0,0.0,0.0,0,1.0,0.0,0.0,,0,0,0.0,0.0,0,0,0,0,0,0.0,0.0,0.0
P006,Young Obese Patient with Severe Anemia,29.099999999999994,0.0,,,,705.0,1.0,1.0,1.0,0.0,0.0,0,1.0,0.0,0.0,,0,0,0.0,0.0,0,0,0,0,0,0.0,0.0,0.0
P006,Young Obese Patient with Severe Anemia,15.799999999999997,0.0,,,,870.0,1.0,1.0,1.0,0.0,0.0,0,1.0,0.0,0.0,30.56,0,0,0.0,0.0,0,0,0,0,0,0.0,1.0,0.0
P006,Young Obese Patient with Severe Anemia,48.699999999999996,0.0,,,,2240.0,0.0,1.0,1.0,0.0,0.0,0,1.0,0.0,0.0,,0,0,1.0,0.0,0,0,0,0,0,0.0,0.0,0.0
P006,Young Obese Patient with Severe Anemia,28.4,0.0,,,,397.0,0.0,1.0,1.0,0.0,0.0,0,1.0,0.0,0.0,,0,0,0.0,0.0,0,0,0,0,0,0.0,0.0,0.0
P006,Young Obese Patient with Severe Anemia,34.0,0.0,,,,3365.0,0.0,0.0,1.0,0.0,0.0,1,0.0,0.0,0.0,52.660000000000004,0,0,0.0,0.0,0,0,0,0,0,0.0,1.0,0.0
P006,Young Obese Patient with Severe Anemia,22.099999999999994,0.0,0.0250160931803595,,0.04002425885119,792.0,0.0,0.0,1.0,0.0,0.0,0,0.0,0.0,0.0,,0,0,0.0,0.0,1,0,0,0,0,0.0,0.0,0.0
P006,Young Obese Patient with Severe Anemia,34.699999999999996,0.0,,,,2272.0,0.0,1.0,0.0,0.0,0.0,0,0.0,0.0,0.0,,0,0,0.0,0.0,0,0,0,0,0,0.0,0.0,0.0
P006,Young Obese Patient with Severe Anemia,39.599999999999994,0.0,,,,580.0,1.0,0.0,1.0,0.0,0.0,1,0.0,0.0,0.0,,0,0,0.0,0.0,0,1,0,0,0,0.0,0.0,0.0
P006,Young Obese Patient with Severe Anemia,8.099999999999998,0.0,,,,2965.0,0.0,0.0,1.0,0.0,0.0,0,0.0,0.0,0.0,,0,0,0.0,0.0,0,0,0,0,0,0.0,0.0,0.0
P006,Young Obese Patient with Severe Anemia,48.699999999999996,0.0,,,,2290.0,1.0,0.0,1.0,0.0,0.0,0,1.0,0.0,0.0,,0,1,0.0,0.0,0,0,0,0,0,0.0,0.0,0.0
P006,Young Obese Patient with Severe Anemia,31.9,0.0,,,,861.0,0.0,1.0,1.0,0.0,0.0,1,0.0,0.0,0.0,,0,0,0.0,0.0,0,0,0,0,0,0.0,0.0,0.0
P006,Young Obese Patient with Severe Anemia,38.9,0.0,,,,628.0,0.0,0.0,1.0,0.0,0.0,1,0.0,0.0,0.0,,0,0,0.0,0.0,0,0,0,0,0,0.0,0.0,0.0
P006,Young Obese Patient with Severe Anemia,31.9,0.0,,,,0.0,1.0,0.0,1.0,0.0,0.0,0,1.0,0.0,0.0,,0,0,0.0,0.0,0,0,0,0,0,0.0,1.0,1.0
P006,Young Obese Patient with Severe Anemia,6.0,0.0,,,,2227.0,0.0,0.0,1.0,0.0,0.0,0,1.0,0.0,0.0,,0,0,0.0,0.0,0,0,0,0,0,0.0,0.0,0.0
P006,Young Obese Patient with Severe Anemia,34.699999999999996,0.0,,,,221.0,0.0,1.0,1.0,0.0,0.0,0,0.0,0.0,0.0,39.269999999999996,1,0,0.0,0.0,0,0,0,0,0,0.0,0.0,0.0
P006,Young Obese Patient with Severe Anemia,10.899999999999999,0.0,,,,370.0,1.0,1.0,1.0,0.0,0.0,0,1.0,0.0,0.0,,0,0,0.0,0.0,0,0,0,0,0,0.0,0.0,0.0
P006,Young Obese Patient with Severe Anemia,24.199999999999996,0.0,,,,4130.0,0.0,1.0,0.0,0.0,0.0,1,0.0,0.0,0.0,47.85,0,0,1.0,0.0,0,0,0,0,0,0.0,1.0,0.0
P006,Young Obese Patient with Severe Anemia,26.299999999999997,0.0,0.0275149673143459,,,1330.0,0.0,0.0,0.0,0.0,0.0,1,0.0,0.0,0.0,,0,0,0.0,1.0,0,0,0,0,0,0.0,0.0,0.0
P006,Young Obese Patient with Severe Anemia,46.599999999999994,0.0,,,,1580.0,0.0,1.0,1.0,0.0,0.0,0,1.0,0.0,0.0,,1,0,0.0,0.0,0,0,0,0,0,0.0,1.0,0.0
P006,Young Obese Patient with Severe Anemia,32.599999999999994,0.0,,,,1223.0,0.0,0.0,1.0,0.0,0.0,0,1.0,0.0,0.0,33.81,0,0,0.0,0.0,0,0,0,0,0,0.0,1.0,0.0
P006,Young Obese Patient with Severe Anemia,6.699999999999999,0.0,,,,3170.0,0.0,0.0,1.0,0.0,0.0,0,1.0,0.0,0.0,,0,0,0.0,0.0,0,0,0,0,0,1.0,1.0,1.0
P006,Young Obese Patient with Severe Anemia,22.799999999999997,0.0,,,,3050.0,0.0,1.0,1.0,0.0,0.0,0,1.0,0.0,0.0,,0,0,0.0,0.0,0,0,0,0,0,1.0,1.0,0.0
P006,Young Obese Patient with Severe Anemia,35.4,0.0,,,,1195.0,0.0,0.0,1.0,0.0,0.0,0,1.0,0.0,0.0,,0,0,0.0,0.0,0,0,0,0,0,0.0,0.0,0.0
P006,Young Obese Patient with Severe Anemia,42.4,0.0,,,,1720.0,0.0,0.0,1.0,0.0,0.0,0,0.0,0.0,0.0,41.480000000000004,0,0,0.0,0.0,0,0,0,0,0,0.0,0.0,0.0
P006,Young Obese Patient with Severe Anemia,25.599999999999994,0.0,,,,7195.0,0.0,1.0,1.0,0.0,0.0,1,1.0,0.0,0.0,71.51,0,0,0.0,0.0,0,0,0,0,0,0.0,1.0,0.0
P006,Young Obese Patient with Severe Anemia,35.4,0.0,,,,86.0,1.0,1.0,1.0,0.0,0.0,0,0.0,0.0,0.0,,0,0,0.0,0.0,0,0,0,0,0,0.0,0.0,0.0
P006,Young Obese Patient with Severe Anemia,34.699999999999996,0.0,,,,1270.0,0.0,1.0,1.0,0.0,0.0,1,1.0,0.0,0.0,,0,0,0.0,0.0,0,0,0,0,0,0.0,0.0,0.0
P006,Young Obese Patient with Severe Anemia,29.799999999999997,0.0,,,,2935.0,0.0,0.0,1.0,0.0,0.0,0,0.0,0.0,0.0,33.68000000000001,0,1,1.0,0.0,0,0,0,0,0,0.0,0.0,0.0
P006,Young Obese Patient with Severe Anemia,37.5,0.0,,,,665.0,0.0,1.0,1.0,0.0,0.0,0,1.0,0.0,0.0,,0,0,0.0,1.0,0,0,0,0,0,0.0,1.0,0.0
P006,Young Obese Patient with Severe Anemia,16.499999999999996,0.0,,,,2480.0,0.0,1.0,1.0,0.0,0.0,0,1.0,0.0,0.0,,0,0,1.0,0.0,0,0,0,0,0,0.0,0.0,0.0
P006,Young Obese Patient with Severe Anemia,17.9,0.0,,,,302.0,0.0,1.0,1.0,0.0,0.0,0,0.0,0.0,0.0,,0,0,0.0,0.0,0,0,0,0,0,0.0,0.0,1.0
P006,Young Obese Patient with Severe Anemia,18.599999999999994,0.0,,,,3030.0,0.0,0.0,1.0,0.0,0.0,0,0.0,0.0,0.0,,0,0,0.0,0.0,0,0,0,0,0,0.0,0.0,0.0
P006,Young Obese Patient with Severe Anemia,45.199999999999996,0.0,,,,717.0,1.0,1.0,1.0,0.0,0.0,0,1.0,0.0,0.0,,0,0,0.0,0.0,0,0,0,0,0,0.0,1.0,1.0
P006,Young Obese Patient with Severe Anemia,39.599999999999994,0.0,,,,0.0,0.0,1.0,1.0,0.0,0.0,0,0.0,0.0,0.0,,0,0,0.0,0.0,0,0,0,0,0,0.0,1.0,0.0
P006,Young Obese Patient with Severe Anemia,29.799999999999997,0.0,,,,0.0,1.0,1.0,1.0,0.0,0.0,0,1.0,0.0,0.0,,0,0,0.0,0.0,0,0,0,0,0,0.0,0.0,0.0
P006,Young Obese Patient with Severe Anemia,30.5,0.0,,,,0.0,1.0,1.0,1.0,0.0,0.0,0,1.0,0.0,0.0,,0,0,0.0,0.0,0,0,0,0,0,0.0,0.0,0.0
P006,Young Obese Patient with Severe Anemia,36.099999999999994,0.0,,,,1440.0,0.0,0.0,1.0,0.0,0.0,0,1.0,0.0,0.0,,0,0,1.0,0.0,0,0,0,0,0,1.0,0.0,0.0
P006,Young Obese Patient with Severe Anemia,32.599999999999994,0.0,,,,990.0,0.0,1.0,1.0,0.0,0.0,0,1.0,0.0,0.0,,0,0,0.0,0.0,0,0,0,0,0,0.0,0.0,0.0
P006,Young Obese Patient with Severe Anemia,46.599999999999994,0.0,,,,2140.0,0.0,1.0,1.0,0.0,0.0,0,0.0,0.0,0.0,,0,0,0.0,0.0,0,0,0,0,0,0.0,1.0,0.0
P006,Young Obese Patient with Severe Anemia,15.799999999999997,0.0,,,,2410.0,0.0,0.0,1.0,0.0,0.0,0,1.0,0.0,0.0,,0,0,0.0,0.0,0,0,0,0,0,0.0,0.0,0.0
P006,Young Obese Patient with Severe Anemia,39.599999999999994,0.0,,,,1378.0,1.0,0.0,1.0,0.0,0.0,0,1.0,0.0,0.0,,0,0,0.0,0.0,0,0,0,0,0,0.0,0.0,0.0
P006,Young Obese Patient with Severe Anemia,32.599999999999994,0.0,,,,3366.0,0.0,0.0,0.0,0.0,0.0,0,0.0,0.0,0.0,,1,0,0.0,0.0,0,0,0,0,0,0.0,1.0,0.0
P006,Young Obese Patient with Severe Anemia,38.9,0.0,,,,2120.0,1.0,0.0,1.0,0.0,0.0,0,0.0,0.0,0.0,36.800000000000004,0,0,0.0,0.0,0,0,0,0,0,1.0,0.0,0.0
P006,Young Obese Patient with Severe Anemia,43.8,0.0,,,,490.0,0.0,1.0,1.0,0.0,0.0,0,1.0,0.0,0.0,,0,0,0.0,0.0,0,0,0,0,0,1.0,0.0,0.0
P006,Young Obese Patient with Severe Anemia,26.299999999999997,0.0,,,,1895.0,0.0,0.0,1.0,0.0,0.0,0,0.0,0.0,0.0,,1,0,0.0,0.0,0,0,0,0,0,0.0,1.0,0.0
P006,Young Obese Patient with Severe Anemia,26.299999999999997,0.0,,,,255.0,0.0,0.0,1.0,0.0,0.0,0,1.0,0.0,0.0,,0,0,0.0,0.0,0,0,0,0,0,0.0,0.0,0.0
P006,Young Obese Patient with Severe Anemia,48.699999999999996,0.0,,,,618.0,0.0,0.0,1.0,0.0,0.0,0,0.0,0.0,0.0,,0,0,0.0,0.0,0,0,0,0,0,0.0,1.0,0.0
P006,Young Obese Patient with Severe Anemia,41.699999999999996,0.0,,,,1680.0,0.0,1.0,1.0,0.0,0.0,0,0.0,0.0,0.0,,0,1,0.0,0.0,0,0,0,0,0,0.0,0.0,0.0
P006,Young Obese Patient with Severe Anemia,24.199999999999996,0.0,,,,635.0,0.0,1.0,1.0,0.0,0.0,0,0.0,0.0,0.0,,0,0,0.0,0.0,0,0,0,0,0,0.0,0.0,0.0
P006,Young Obese Patient with Severe Anemia,19.299999999999997,0.0,,,,760.0,1.0,1.0,1.0,0.0,0.0,0,1.0,0.0,0.0,,0,0,0.0,0.0,0,0,0,0,0,0.0,0.0,1.0
P006,Young Obese Patient with Severe Anemia,39.599999999999994,0.0,,,,2022.0,0.0,1.0,1.0,0.0,0.0,0,1.0,0.0,0.0,,0,0,0.0,0.0,1,0,0,0,0,0.0,0.0,0.0
P006,Young Obese Patient with Severe Anemia,36.099999999999994,0.0,,,,1095.0,0.0,0.0,1.0,0.0,0.0,0,1.0,0.0,0.0,,0,0,0.0,0.0,0,0,0,0,0,1.0,1.0,1.0
P006,Young Obese Patient with Severe Anemia,27.699999999999996,0.0,,,,3985.0,0.0,1.0,1.0,0.0,0.0,0,1.0,0.0,0.0,,0,0,0.0,0.0,0,0,0,0,0,0.0,0.0,0.0
P007,Elderly with Chronic Liver Disease and Sepsis,94.0,0.0,0.0274900201020499,,0.20504425922590586,655.0,0.0,1.0,1.0,0.0,0.0,0,0.0,1.0,0.0,,0,0,0.0,0.0,0,1,0,0,0,0.0,0.0,0.0
P007,Elderly with Chronic Liver Disease and Sepsis,65.0,0.0,,,,7065.0,1.0,1.0,1.0,0.0,0.0,0,0.0,0.0,0.0,,0,0,0.0,0.0,0,0,0,0,0,0.0,1.0,1.0
P007,Elderly with Chronic Liver Disease and Sepsis,81.0,0.0,,,,385.0,1.0,1.0,0.0,0.0,0.0,0,0.0,0.0,0.0,,0,0,0.0,0.0,0,0,0,0,0,0.0,0.0,0.0
P007,Elderly with Chronic Liver Disease and Sepsis,83.0,0.0,,,,1630.0,0.0,1.0,1.0,0.0,0.0,0,0.0,1.0,0.0,,0,0,0.0,0.0,0,0,0,0,0,0.0,0.0,0.0
P007,Elderly with Chronic Liver Disease and Sepsis,71.0,0.0,,,,1412.0,0.0,0.0,1.0,0.0,0.0,0,0.0,1.0,0.0,,0,0,0.0,1.0,0,0,0,0,0,0.0,1.0,1.0
P007,Elderly with Chronic Liver Disease and Sepsis,84.0,0.0,,,,1550.0,0.0,1.0,1.0,0.0,0.0,0,0.0,1.0,0.0,,0,0,0.0,0.0,0,0,0,0,0,1.0,0.0,1.0
P007,Elderly with Chronic Liver Disease and Sepsis,82.0,0.0,,,,0.0,1.0,1.0,1.0,0.0,0.0,1,0.0,1.0,0.0,,0,0,0.0,0.0,0,0,0,0,0,0.0,1.0,1.0
P007,Elderly with Chronic Liver Disease and Sepsis,35.0,0.0,,,,0.0,0.0,1.0,1.0,0.0,0.0,1,0.0,1.0,0.0,59.7,0,0,0.0,0.0,0,0,0,0,0,0.0,1.0,1.0
P007,Elderly with Chronic Liver Disease and Sepsis,59.0,0.0,,,,180.0,0.0,1.0,1.0,0.0,0.0,0,0.0,0.0,0.0,,0,0,0.0,0.0,0,0,0,0,0,0.0,1.0,1.0
P007,Elderly with Chronic Liver Disease and Sepsis,81.0,0.0,0.0428067290840772,,0.21573577574684638,1607.0,0.0,0.0,1.0,0.0,0.0,1,0.0,0.0,0.0,,0,0,0.0,0.0,0,0,0,0,0,0.0,1.0,1.0
P007,Elderly with Chronic Liver Disease and Sepsis,61.0,0.0,,,,4030.0,0.0,0.0,1.0,0.0,0.0,0,0.0,0.0,0.0,,0,0,0.0,0.0,0,0,0,0,0,0.0,1.0,1.0
P007,Elderly with Chronic Liver Disease and Sepsis,90.0,0.0,0.0406006729463115,2.996793249621988,,2205.0,0.0,0.0,1.0,0.0,0.0,0,0.0,1.0,0.0,,0,0,0.0,0.0,0,0,0,0,0,0.0,1.0,0.0
P007,Elderly with Chronic Liver Disease and Sepsis,71.0,0.0,0.0301219924949691,,,1551.0,0.0,1.0,1.0,0.0,0.0,0,0.0,0.0,0.0,,0,0,0.0,0.0,0,0,0,0,0,0.0,1.0,1.0
P007,Elderly with Chronic Liver Disease and Sepsis,86.0,0.0,,,,920.0,0.0,1.0,1.0,0.0,0.0,0,0.0,1.0,0.0,,0,0,0.0,0.0,0,1,0,0,0,0.0,1.0,1.0
P007,Elderly with Chronic Liver Disease and Sepsis,83.0,0.0,0.2094043326602938,,0.43089967291743947,2580.0,1.0,1.0,1.0,0.0,0.0,0,0.0,0.0,0.0,,0,0,0.0,0.0,0,0,0,0,0,0.0,1.0,1.0
P007,Elderly with Chronic Liver Disease and Sepsis,84.0,0.0,,,,932.0,1.0,0.0,1.0,0.0,0.0,1,0.0,0.0,0.0,,0,0,0.0,0.0,0,0,0,0,0,0.0,1.0,1.0
P007,Elderly with Chronic Liver Disease and Sepsis,100.0,0.0,,,,580.0,0.0,0.0,1.0,0.0,0.0,0,1.0,1.0,0.0,,0,0,0.0,0.0,0,0,0,0,0,0.0,1.0,1.0
P007,Elderly with Chronic Liver Disease and Sepsis,45.0,0.0,,,,1290.0,0.0,0.0,0.0,0.0,0.0,0,0.0,0.0,0.0,,0,0,0.0,0.0,0,0,0,0,0,0.0,1.0,1.0
P007,Elderly with Chronic Liver Disease and Sepsis,84.0,0.0,,,,1161.0,1.0,1.0,1.0,0.0,0.0,0,0.0,1.0,0.0,,0,0,0.0,0.0,0,0,0,0,0,0.0,0.0,1.0
P007,Elderly with Chronic Liver Disease and Sepsis,42.0,0.0,,,,2650.0,0.0,0.0,1.0,0.0,0.0,0,0.0,0.0,0.0,,0,0,0.0,0.0,0,0,0,0,0,1.0,1.0,1.0
P007,Elderly with Chronic Liver Disease and Sepsis,67.0,0.0,,,,1280.0,1.0,1.0,1.0,0.0,0.0,0,0.0,1.0,0.0,,0,0,0.0,0.0,0,0,0,0,0,0.0,0.0,1.0
P007,Elderly with Chronic Liver Disease and Sepsis,73.0,0.0,,,,1275.0,1.0,1.0,1.0,0.0,0.0,0,0.0,1.0,0.0,,0,0,0.0,0.0,0,0,0,0,0,0.0,1.0,1.0
P007,Elderly with Chronic Liver Disease and Sepsis,69.0,0.0,,,,1085.0,0.0,0.0,1.0,0.0,0.0,0,0.0,0.0,0.0,,0,0,0.0,0.0,0,0,0,0,0,0.0,1.0,1.0
P007,Elderly with Chronic Liver Disease and Sepsis,52.0,0.0,,,,2430.0,0.0,0.0,1.0,0.0,0.0,1,0.0,1.0,0.0,,0,0,0.0,0.0,0,0,0,0,0,0.0,1.0,0.0
P007,Elderly with Chronic Liver Disease and Sepsis,51.0,0.0,,,,4060.0,0.0,0.0,0.0,0.0,0.0,0,0.0,0.0,0.0,,0,0,1.0,0.0,0,0,0,0,0,0.0,1.0,1.0
P007,Elderly with Chronic Liver Disease and Sepsis,54.0,0.0,,,,5210.0,0.0,0.0,0.0,0.0,0.0,0,0.0,1.0,0.0,,0,0,0.0,0.0,0,0,0,0,0,0.0,1.0,1.0
P007,Elderly with Chronic Liver Disease and Sepsis,93.0,0.0,,,,1110.0,0.0,1.0,1.0,0.0,0.0,0,0.0,0.0,0.0,24.9,0,0,0.0,0.0,0,0,0,0,0,0.0,0.0,1.0
P007,Elderly with Chronic Liver Disease and Sepsis,42.0,0.0,,,,40.0,1.0,0.0,1.0,0.0,0.0,0,0.0,0.0,0.0,25.1,0,0,0.0,0.0,0,0,0,0,0,0.0,1.0,1.0
P007,Elderly with Chronic Liver Disease and Sepsis,76.0,0.0,,,,1980.0,1.0,1.0,1.0,0.0,0.0,1,0.0,1.0,0.0,,0,0,0.0,0.0,0,0,0,0,0,0.0,0.0,1.0
P007,Elderly with Chronic Liver Disease and Sepsis,51.0,0.0,,,,4060.0,0.0,0.0,0.0,0.0,0.0,0,0.0,1.0,0.0,,0,0,1.0,0.0,0,0,0,0,0,0.0,0.0,1.0
P007,Elderly with Chronic Liver Disease and Sepsis,75.0,0.0,,,,1135.0,0.0,1.0,1.0,0.0,0.0,0,0.0,1.0,0.0,,0,0,0.0,0.0,0,0,0,0,0,0.0,0.0,1.0
P007,Elderly with Chronic Liver Disease and Sepsis,90.0,0.0,0.0170186415289208,,,1945.0,0.0,1.0,1.0,0.0,0.0,1,0.0,1.0,0.0,,0,0,0.0,0.0,0,0,0,0,0,0.0,0.0,1.0
P007,Elderly with Chronic Liver Disease and Sepsis,66.0,0.0,,,,1815.0,0.0,0.0,0.0,0.0,0.0,0,0.0,1.0,0.0,,0,0,1.0,0.0,0,0,0,0,0,0.0,1.0,1.0
P007,Elderly with Chronic Liver Disease and Sepsis,73.0,0.0,,,,3540.0,0.0,1.0,1.0,0.0,0.0,0,0.0,0.0,0.0,,0,0,1.0,0.0,0,0,0,0,0,0.0,1.0,1.0
P007,Elderly with Chronic Liver Disease and Sepsis,73.0,0.0,,,,3010.0,0.0,1.0,0.0,0.0,0.0,0,0.0,0.0,0.0,,0,0,0.0,0.0,0,0,0,0,0,0.0,1.0,1.0
P007,Elderly with Chronic Liver Disease and Sepsis,83.0,0.0,,,,105.0,0.0,0.0,1.0,0.0,0.0,0,1.0,0.0,0.0,,0,0,0.0,0.0,0,0,0,0,0,0.0,1.0,0.0
P007,Elderly with Chronic Liver Disease and Sepsis,86.0,0.0,,,,4835.0,1.0,1.0,1.0,0.0,0.0,0,0.0,0.0,0.0,,0,0,0.0,0.0,0,0,0,0,0,0.0,1.0,1.0
P007,Elderly with Chronic Liver Disease and Sepsis,89.0,0.0,,,,4300.0,0.0,0.0,1.0,0.0,0.0,0,0.0,0.0,0.0,25.1,0,0,0.0,0.0,0,0,0,0,0,0.0,0.0,1.0
P007,Elderly with Chronic Liver Disease and Sepsis,88.0,0.0,,,,100.0,0.0,0.0,1.0,0.0,0.0,0,0.0,0.0,0.0,,0,0,0.0,0.0,0,0,0,0,0,0.0,1.0,1.0
P007,Elderly with Chronic Liver Disease and Sepsis,86.0,0.0,,,,262.0,0.0,0.0,1.0,0.0,0.0,0,0.0,1.0,0.0,,0,0,0.0,0.0,0,0,0,0,0,0.0,1.0,1.0
P007,Elderly with Chronic Liver Disease and Sepsis,61.0,0.0,,,,195.0,1.0,0.0,1.0,0.0,0.0,0,0.0,0.0,0.0,,0,0,0.0,0.0,0,0,0,0,0,0.0,1.0,1.0
P007,Elderly with Chronic Liver Disease and Sepsis,41.0,0.0,,,,187.0,0.0,0.0,1.0,0.0,0.0,1,0.0,0.0,0.0,,0,0,0.0,0.0,0,0,0,0,0,0.0,1.0,1.0
P007,Elderly with Chronic Liver Disease and Sepsis,92.0,0.0,,,,700.0,0.0,0.0,0.0,0.0,0.0,0,0.0,1.0,0.0,,0,0,0.0,0.0,0,0,0,0,0,0.0,1.0,1.0
P007,Elderly with Chronic Liver Disease and Sepsis,84.0,0.0,,,,1540.0,1.0,0.0,1.0,0.0,0.0,1,0.0,1.0,0.0,,0,0,0.0,0.0,0,0,0,0,0,0.0,0.0,1.0
P007,Elderly with Chronic Liver Disease and Sepsis,82.0,0.0,,,,2505.0,1.0,1.0,1.0,0.0,0.0,0,0.0,1.0,0.0,,0,0,0.0,0.0,0,0,0,0,0,0.0,1.0,1.0
P007,Elderly with Chronic Liver Disease and Sepsis,80.0,0.0,,,,2900.0,0.0,0.0,1.0,0.0,0.0,0,0.0,1.0,0.0,,0,1,0.0,0.0,0,0,0,0,0,0.0,1.0,1.0
P007,Elderly with Chronic Liver Disease and Sepsis,85.0,0.0,,,,1172.0,0.0,0.0,1.0,0.0,0.0,0,0.0,0.0,0.0,,0,0,0.0,0.0,0,0,0,0,0,0.0,1.0,1.0
P007,Elderly with Chronic Liver Disease and Sepsis,79.0,0.0,,,,678.0,0.0,1.0,1.0,0.0,0.0,0,0.0,1.0,0.0,,1,0,0.0,0.0,0,0,0,0,0,0.0,1.0,1.0
P007,Elderly with Chronic Liver Disease and Sepsis,59.0,0.0,,,,356.0,0.0,0.0,1.0,0.0,0.0,0,0.0,1.0,0.0,,0,0,0.0,0.0,0,0,0,0,0,0.0,1.0,1.0
P007,Elderly with Chronic Liver Disease and Sepsis,62.0,0.0,0.0350261216226499,,0.15602157070825337,4840.0,0.0,0.0,1.0,0.0,0.0,0,0.0,0.0,0.0,,0,0,0.0,0.0,0,0,0,0,0,0.0,1.0,0.0
P007,Elderly with Chronic Liver Disease and Sepsis,69.0,0.0,,,,949.0,0.0,0.0,1.0,0.0,0.0,0,1.0,1.0,0.0,,0,0,0.0,0.0,0,0,0,0,0,0.0,1.0,1.0
P007,Elderly with Chronic Liver Disease and Sepsis,85.0,0.0,,,,1284.0,0.0,1.0,1.0,0.0,0.0,1,1.0,1.0,0.0,,0,0,0.0,0.0,0,0,0,0,0,0.0,1.0,1.0
P007,Elderly with Chronic Liver Disease and Sepsis,91.0,0.0,,,,1050.0,0.0,1.0,0.0,0.0,0.0,1,0.0,1.0,0.0,,0,0,0.0,0.0,0,0,0,0,0,0.0,1.0,1.0
P007,Elderly with Chronic Liver Disease and Sepsis,80.0,0.0,,,,1205.0,0.0,0.0,1.0,0.0,0.0,0,0.0,0.0,0.0,,0,0,1.0,0.0,0,0,0,0,0,0.0,1.0,0.0
P007,Elderly with Chronic Liver Disease and Sepsis,52.0,0.0,,,,1594.0,1.0,0.0,1.0,0.0,0.0,0,0.0,0.0,0.0,,0,0,0.0,0.0,1,0,0,0,0,0.0,1.0,1.0
P007,Elderly with Chronic Liver Disease and Sepsis,67.0,0.0,,,,1467.0,1.0,0.0,1.0,0.0,0.0,0,0.0,1.0,0.0,,0,1,0.0,0.0,0,0,0,0,0,0.0,1.0,1.0
P007,Elderly with Chronic Liver Disease and Sepsis,87.0,0.0,,,,0.0,1.0,0.0,1.0,0.0,0.0,0,1.0,0.0,0.0,,0,0,0.0,0.0,0,0,0,0,0,0.0,1.0,1.0
P007,Elderly with Chronic Liver Disease and Sepsis,69.0,0.0,,,,3845.0,0.0,1.0,1.0,0.0,0.0,0,0.0,1.0,0.0,24.0,0,0,0.0,0.0,1,0,0,0,0,0.0,0.0,1.0
P007,Elderly with Chronic Liver Disease and Sepsis,80.0,0.0,,,,975.0,1.0,1.0,1.0,0.0,0.0,0,1.0,0.0,0.0,,0,0,0.0,0.0,0,0,0,0,0,0.0,1.0,1.0
P007,Elderly with Chronic Liver Disease and Sepsis,71.0,0.0,,,,2375.0,1.0,1.0,0.0,0.0,0.0,0,0.0,0.0,0.0,,0,1,0.0,0.0,0,0,0,0,0,0.0,1.0,1.0
P007,Elderly with Chronic Liver Disease and Sepsis,80.0,0.0,,,,2555.0,0.0,0.0,1.0,0.0,0.0,1,0.0,0.0,0.0,,0,0,0.0,0.0,0,0,0,0,0,0.0,1.0,0.0
P007,Elderly with Chronic Liver Disease and Sepsis,30.0,0.0,,,,2405.0,0.0,0.0,1.0,0.0,0.0,0,0.0,1.0,0.0,,0,0,0.0,0.0,0,0,0,0,0,0.0,1.0,1.0
P007,Elderly with Chronic Liver Disease and Sepsis,90.0,0.0,0.0100000006568734,,,1025.0,1.0,1.0,1.0,0.0,0.0,1,0.0,0.0,0.0,,0,0,0.0,0.0,0,0,0,0,0,0.0,1.0,1.0
P007,Elderly with Chronic Liver Disease and Sepsis,68.0,0.0,,,,1756.0,1.0,1.0,1.0,0.0,0.0,0,0.0,0.0,0.0,,0,0,0.0,0.0,0,0,0,0,0,0.0,1.0,0.0
P007,Elderly with Chronic Liver Disease and Sepsis,62.0,0.0,,,,875.0,0.0,0.0,1.0,0.0,0.0,0,0.0,1.0,0.0,,0,0,0.0,0.0,0,0,0,0,0,0.0,0.0,1.0
P007,Elderly with Chronic Liver Disease and Sepsis,69.0,0.0,,,,350.0,1.0,1.0,1.0,0.0,0.0,0,0.0,0.0,0.0,,0,0,0.0,0.0,0,0,0,0,0,0.0,1.0,1.0
P007,Elderly with Chronic Liver Disease and Sepsis,62.0,0.0,,,,1195.0,0.0,1.0,0.0,0.0,0.0,0,0.0,1.0,0.0,,0,0,1.0,0.0,0,0,0,0,0,0.0,1.0,1.0
P007,Elderly with Chronic Liver Disease and Sepsis,84.0,0.0,,,,1235.0,0.0,1.0,1.0,0.0,0.0,0,0.0,0.0,0.0,,0,0,0.0,0.0,0,0,0,0,0,0.0,1.0,1.0
P007,Elderly with Chronic Liver Disease and Sepsis,68.0,0.0,,,,559.0,1.0,1.0,1.0,0.0,0.0,0,0.0,1.0,0.0,27.6,0,0,0.0,0.0,0,0,0,0,0,0.0,1.0,1.0
P007,Elderly with Chronic Liver Disease and Sepsis,82.0,0.0,0.0200151259832636,,,2525.0,0.0,1.0,1.0,0.0,0.0,0,0.0,0.0,0.0,,0,0,0.0,0.0,0,0,0,0,0,0.0,1.0,0.0
P007,Elderly with Chronic Liver Disease and Sepsis,92.0,0.0,,,,1769.0,1.0,1.0,1.0,0.0,0.0,0,0.0,1.0,0.0,,0,0,0.0,0.0,0,0,0,0,0,0.0,1.0,1.0
P007,Elderly with Chronic Liver Disease and Sepsis,84.0,0.0,,,,880.0,0.0,0.0,1.0,0.0,0.0,0,0.0,1.0,0.0,,0,0,0.0,0.0,0,0,0,0,0,0.0,0.0,1.0
P007,Elderly with Chronic Liver Disease and Sepsis,77.0,0.0,,,,685.0,0.0,1.0,1.0,0.0,0.0,0,0.0,1.0,0.0,,0,0,1.0,0.0,0,0,0,0,0,0.0,1.0,1.0
P007,Elderly with Chronic Liver Disease and Sepsis,82.0,0.0,,,,1435.0,1.0,0.0,0.0,0.0,0.0,1,0.0,1.0,0.0,,0,0,0.0,0.0,0,0,0,0,0,0.0,1.0,0.0
P007,Elderly with Chronic Liver Disease and Sepsis,62.0,0.0,0.0200075846805702,,,775.0,0.0,0.0,1.0,0.0,0.0,0,0.0,1.0,0.0,,0,1,0.0,0.0,0,0,0,0,0,0.0,0.0,0.0
P007,Elderly with Chronic Liver Disease and Sepsis,57.0,0.0,,,,985.0,1.0,1.0,1.0,0.0,0.0,0,0.0,1.0,0.0,22.9,0,0,0.0,0.0,0,0,0,0,0,0.0,1.0,0.0
P007,Elderly with Chronic Liver Disease and Sepsis,80.0,0.0,,,,1640.0,0.0,1.0,1.0,0.0,0.0,1,0.0,1.0,0.0,57.6,0,0,0.0,0.0,0,0,0,0,0,0.0,0.0,1.0
P007,Elderly with Chronic Liver Disease and Sepsis,103.0,0.0,,,,348.0,1.0,0.0,1.0,0.0,0.0,0,1.0,1.0,0.0,,0,0,0.0,0.0,1,0,0,0,0,0.0,1.0,1.0
P007,Elderly with Chronic Liver Disease and Sepsis,67.0,0.0,,,,870.0,0.0,0.0,1.0,0.0,0.0,0,0.0,1.0,0.0,22.7,0,0,0.0,0.0,0,0,0,0,0,0.0,0.0,1.0
P007,Elderly with Chronic Liver Disease and Sepsis,76.0,0.0,,,,1345.0,0.0,0.0,1.0,0.0,0.0,1,0.0,0.0,0.0,,0,0,1.0,0.0,0,0,0,0,0,0.0,1.0,1.0
P007,Elderly with Chronic Liver Disease and Sepsis,65.0,0.0,,,,0.0,0.0,0.0,1.0,0.0,0.0,0,0.0,1.0,0.0,,0,1,0.0,0.0,0,0,0,0,0,0.0,0.0,1.0
P007,Elderly with Chronic Liver Disease and Sepsis,67.0,0.0,,,,0.0,1.0,0.0,1.0,0.0,0.0,1,0.0,0.0,0.0,,0,0,0.0,0.0,0,0,0,1,0,0.0,0.0,1.0
P007,Elderly with Chronic Liver Disease and Sepsis,70.0,0.0,,,,280.0,0.0,0.0,1.0,0.0,0.0,0,0.0,0.0,0.0,,0,0,0.0,0.0,0,0,0,0,0,0.0,1.0,1.0
P007,Elderly with Chronic Liver Disease and Sepsis,41.0,0.0,,,,2580.0,1.0,0.0,1.0,0.0,0.0,0,0.0,0.0,0.0,,0,1,0.0,0.0,0,0,0,0,0,0.0,0.0,1.0
P007,Elderly with Chronic Liver Disease and Sepsis,78.0,0.0,,,,0.0,0.0,0.0,1.0,0.0,0.0,0,0.0,1.0,0.0,,1,0,0.0,0.0,0,0,0,0,0,0.0,1.0,1.0
P007,Elderly with Chronic Liver Disease and Sepsis,80.0,0.0,,,,1125.0,1.0,1.0,1.0,0.0,0.0,0,0.0,0.0,0.0,,0,0,0.0,0.0,0,0,0,0,0,0.0,1.0,1.0
P007,Elderly with Chronic Liver Disease and Sepsis,76.0,0.0,0.1101090197658373,,,20.0,1.0,0.0,1.0,0.0,0.0,1,0.0,1.0,0.0,,0,0,0.0,0.0,1,0,0,0,0,0.0,1.0,1.0
P007,Elderly with Chronic Liver Disease and Sepsis,89.0,0.0,,,,15.0,1.0,0.0,1.0,0.0,0.0,0,1.0,1.0,0.0,,0,0,0.0,0.0,0,0,0,0,0,0.0,1.0,1.0
P007,Elderly with Chronic Liver Disease and Sepsis,63.0,0.0,,,,1595.0,0.0,0.0,1.0,0.0,0.0,0,0.0,1.0,0.0,,0,0,0.0,0.0,0,0,1,0,0,0.0,1.0,1.0
P007,Elderly with Chronic Liver Disease and Sepsis,76.0,0.0,,,,35.0,1.0,0.0,1.0,0.0,0.0,1,1.0,0.0,0.0,,0,0,0.0,0.0,0,0,0,0,0,0.0,1.0,1.0
P007,Elderly with Chronic Liver Disease and Sepsis,88.0,0.0,,,,724.0,0.0,0.0,0.0,0.0,0.0,0,0.0,1.0,0.0,38.8,0,0,0.0,0.0,0,0,0,0,0,0.0,1.0,1.0
P007,Elderly with Chronic Liver Disease and Sepsis,84.0,0.0,0.2697950524937671,,1.2080759771478673,55.0,0.0,1.0,1.0,0.0,0.0,1,0.0,1.0,0.0,,0,0,0.0,0.0,1,0,0,0,0,0.0,0.0,1.0
P007,Elderly with Chronic Liver Disease and Sepsis,82.0,0.0,,,,2210.0,1.0,0.0,1.0,0.0,0.0,0,0.0,0.0,0.0,,0,0,0.0,0.0,0,0,0,0,0,0.0,0.0,1.0
P007,Elderly with Chronic Liver Disease and Sepsis,90.0,0.0,,,,0.0,1.0,1.0,1.0,0.0,0.0,0,0.0,0.0,0.0,,0,0,0.0,0.0,0,0,0,0,0,0.0,1.0,0.0
P007,Elderly with Chronic Liver Disease and Sepsis,87.0,0.0,,,,952.0,0.0,1.0,1.0,0.0,0.0,0,0.0,1.0,0.0,,0,0,0.0,0.0,1,0,0,0,0,0.0,1.0,1.0
P007,Elderly with Chronic Liver Disease and Sepsis,85.0,0.0,,,,410.0,1.0,1.0,1.0,0.0,0.0,0,0.0,1.0,0.0,,0,0,0.0,0.0,0,0,0,0,0,0.0,1.0,1.0
P007,Elderly with Chronic Liver Disease and Sepsis,77.0,0.0,,,,2390.0,1.0,0.0,1.0,0.0,0.0,0,0.0,0.0,0.0,25.8,0,1,0.0,0.0,0,0,0,0,0,0.0,1.0,1.0
P007,Elderly with Chronic Liver Disease and Sepsis,88.0,0.0,,,,10.0,1.0,1.0,1.0,0.0,0.0,0,0.0,1.0,0.0,,0,0,0.0,0.0,0,0,0,0,0,0.0,1.0,1.0
P007,Elderly with Chronic Liver Disease and Sepsis,92.0,0.0,,,,1318.0,0.0,1.0,0.0,0.0,0.0,0,0.0,1.0,0.0,,0,1,0.0,0.0,0,0,0,0,0,0.0,1.0,1.0
P007,Elderly with Chronic Liver Disease and Sepsis,69.0,0.0,,,,0.0,0.0,1.0,1.0,0.0,0.0,0,0.0,1.0,0.0,,0,0,0.0,0.0,0,0,0,0,0,0.0,1.0,1.0
P008,Middle-Aged Patient with Immunosuppression and Pneumonia,56.0,0.0,0.0581644077707702,,0.5733494797721506,3195.0,1.0,1.0,1.0,0.0,0.0,1,1.0,0.0,0.0,,0,0,0.0,0.0,0,0,0,0,0,0.0,0.0,1.0
P008,Middle-Aged Patient with Immunosuppression and Pneumonia,60.0,0.0,,,,2115.0,1.0,1.0,1.0,0.0,0.0,0,0.0,0.0,0.0,62.1,0,0,0.0,0.0,1,0,0,0,0,0.0,1.0,0.0
P008,Middle-Aged Patient with Immunosuppression and Pneumonia,87.0,0.0,,,,907.0,0.0,0.0,1.0,0.0,0.0,0,0.0,0.0,0.0,,0,0,0.0,0.0,1,0,0,0,0,0.0,1.0,1.0
P008,Middle-Aged Patient with Immunosuppression and Pneumonia,50.0,0.0,0.0737839486646407,,,1535.0,0.0,0.0,1.0,1.0,0.0,0,0.0,0.0,0.0,,0,0,0.0,0.0,0,0,0,0,0,0.0,0.0,1.0
P008,Middle-Aged Patient with Immunosuppression and Pneumonia,34.0,0.0,,,,4050.0,0.0,0.0,1.0,1.0,0.0,0,0.0,0.0,0.0,,0,0,0.0,0.0,0,0,0,0,0,1.0,0.0,1.0
P008,Middle-Aged Patient with Immunosuppression and Pneumonia,61.0,0.0,,,,1895.0,0.0,0.0,1.0,0.0,0.0,0,0.0,0.0,0.0,,1,0,0.0,0.0,0,0,0,0,0,0.0,1.0,1.0
P008,Middle-Aged Patient with Immunosuppression and Pneumonia,51.0,0.0,,,,1860.0,0.0,0.0,1.0,1.0,0.0,0,0.0,0.0,0.0,32.2,1,0,0.0,0.0,0,0,0,0,0,0.0,1.0,1.0
P008,Middle-Aged Patient with Immunosuppression and Pneumonia,84.0,0.0,,,,1435.0,0.0,0.0,1.0,0.0,0.0,0,0.0,0.0,0.0,,0,0,0.0,0.0,0,0,0,0,0,0.0,1.0,0.0
P008,Middle-Aged Patient with Immunosuppression and Pneumonia,82.0,0.0,,,,2030.0,0.0,0.0,1.0,0.0,0.0,0,0.0,0.0,0.0,,0,0,0.0,0.0,0,0,0,0,0,0.0,1.0,1.0
P008,Middle-Aged Patient with Immunosuppression and Pneumonia,65.0,0.0,,,,92.0,1.0,1.0,1.0,1.0,0.0,0,0.0,0.0,0.0,,0,0,0.0,0.0,0,0,0,0,0,0.0,0.0,0.0
P008,Middle-Aged Patient with Immunosuppression and Pneumonia,25.0,0.0,,,,1083.0,0.0,0.0,0.0,0.0,0.0,0,0.0,0.0,0.0,,0,0,0.0,0.0,0,0,0,0,0,1.0,1.0,1.0
P008,Middle-Aged Patient with Immunosuppression and Pneumonia,84.0,0.0,,,,270.0,0.0,0.0,1.0,1.0,0.0,0,0.0,0.0,0.0,,0,0,0.0,0.0,1,0,0,0,0,0.0,1.0,1.0
P008,Middle-Aged Patient with Immunosuppression and Pneumonia,59.0,0.0,,,,983.0,0.0,0.0,1.0,0.0,0.0,0,0.0,0.0,0.0,,0,0,0.0,0.0,1,0,0,0,0,0.0,1.0,0.0
P008,Middle-Aged Patient with Immunosuppression and Pneumonia,88.0,0.0,0.0442299812372462,,0.1406979917999706,975.0,0.0,1.0,1.0,0.0,0.0,0,0.0,0.0,0.0,,0,0,0.0,0.0,1,0,0,0,0,0.0,1.0,1.0
P008,Middle-Aged Patient with Immunosuppression and Pneumonia,37.0,0.0,,,,0.0,0.0,0.0,1.0,0.0,0.0,1,0.0,0.0,0.0,,0,0,0.0,0.0,0,0,0,0,0,0.0,1.0,1.0
P008,Middle-Aged Patient with Immunosuppression and Pneumonia,64.0,0.0,,,,2464.0,1.0,0.0,0.0,1.0,0.0,0,1.0,0.0,0.0,24.9,0,0,0.0,0.0,0,0,0,0,0,0.0,0.0,1.0
P008,Middle-Aged Patient with Immunosuppression and Pneumonia,41.0,0.0,,,,2522.0,0.0,1.0,1.0,1.0,0.0,0,0.0,0.0,0.0,,0,0,0.0,0.0,0,0,0,0,0,0.0,0.0,1.0
P008,Middle-Aged Patient with Immunosuppression and Pneumonia,77.0,0.0,,,,855.0,1.0,0.0,1.0,0.0,0.0,0,0.0,0.0,0.0,,0,0,0.0,0.0,0,0,0,0,0,0.0,0.0,0.0
P008,Middle-Aged Patient with Immunosuppression and Pneumonia,54.0,0.0,,,,4055.0,0.0,1.0,1.0,0.0,0.0,0,0.0,0.0,0.0,,0,0,0.0,0.0,0,0,0,0,0,0.0,1.0,1.0
P008,Middle-Aged Patient with Immunosuppression and Pneumonia,71.0,0.0,,,,2000.0,0.0,0.0,1.0,0.0,0.0,0,0.0,0.0,0.0,,0,0,0.0,0.0,0,0,0,1,0,0.0,0.0,0.0
P008,Middle-Aged Patient with Immunosuppression and Pneumonia,44.0,0.0,,,,1280.0,1.0,1.0,1.0,1.0,0.0,0,0.0,0.0,0.0,37.1,0,0,0.0,0.0,0,0,0,0,0,0.0,0.0,0.0
P008,Middle-Aged Patient with Immunosuppression and Pneumonia,54.0,0.0,,,,1555.0,0.0,1.0,1.0,1.0,0.0,0,0.0,0.0,0.0,,0,0,0.0,0.0,0,0,0,0,0,1.0,0.0,1.0
P008,Middle-Aged Patient with Immunosuppression and Pneumonia,66.0,0.0,,,,357.0,1.0,1.0,1.0,1.0,0.0,0,0.0,0.0,0.0,,0,0,0.0,0.0,0,0,0,0,0,0.0,1.0,0.0
P008,Middle-Aged Patient with Immunosuppression and Pneumonia,80.0,0.0,,,,830.0,1.0,1.0,1.0,0.0,0.0,0,0.0,0.0,0.0,11.9,0,1,0.0,0.0,0,0,0,0,0,0.0,1.0,1.0
P008,Middle-Aged Patient with Immunosuppression and Pneumonia,69.0,0.0,,,,300.0,1.0,1.0,1.0,1.0,0.0,0,0.0,0.0,0.0,,0,0,0.0,0.0,0,0,0,0,0,0.0,1.0,0.0
P008,Middle-Aged Patient with Immunosuppression and Pneumonia,51.0,0.0,,,,1267.0,1.0,1.0,1.0,1.0,0.0,0,0.0,0.0,0.0,,0,0,0.0,0.0,1,0,0,0,0,0.0,1.0,1.0
P008,Middle-Aged Patient with Immunosuppression and Pneumonia,74.0,0.0,,,,885.0,0.0,1.0,1.0,0.0,0.0,0,0.0,0.0,0.0,,0,0,0.0,0.0,0,0,0,0,0,0.0,1.0,1.0
P008,Middle-Aged Patient with Immunosuppression and Pneumonia,72.0,0.0,,,,898.0,1.0,0.0,1.0,1.0,0.0,0,0.0,0.0,0.0,,0,0,0.0,0.0,0,0,0,0,0,0.0,1.0,1.0
P008,Middle-Aged Patient with Immunosuppression and Pneumonia,61.0,0.0,,,,592.0,1.0,1.0,1.0,0.0,0.0,0,0.0,0.0,0.0,32.2,0,0,0.0,0.0,0,0,0,0,0,0.0,1.0,1.0
P008,Middle-Aged Patient with Immunosuppression and Pneumonia,49.0,0.0,,,,2242.0,0.0,0.0,0.0,0.0,0.0,0,0.0,0.0,0.0,,0,1,0.0,0.0,0,0,0,0,0,0.0,0.0,1.0
P008,Middle-Aged Patient with Immunosuppression and Pneumonia,27.0,0.0,,,,1958.0,0.0,0.0,0.0,0.0,0.0,1,0.0,0.0,0.0,,0,0,0.0,0.0,0,0,0,0,0,0.0,1.0,0.0
P008,Middle-Aged Patient with Immunosuppression and Pneumonia,62.0,0.0,0.0843136668360481,,0.40405960622180515,180.0,1.0,0.0,1.0,1.0,0.0,0,0.0,0.0,0.0,,0,0,0.0,0.0,1,0,0,0,0,0.0,1.0,1.0
P008,Middle-Aged Patient with Immunosuppression and Pneumonia,82.0,0.0,,,,0.0,0.0,1.0,1.0,1.0,0.0,0,0.0,0.0,0.0,23.2,0,0,0.0,0.0,0,0,0,0,0,0.0,0.0,1.0
P008,Middle-Aged Patient with Immunosuppression and Pneumonia,51.0,0.0,0.0346618162438971,,,1853.0,0.0,0.0,1.0,0.0,0.0,0,0.0,0.0,0.0,,0,0,0.0,0.0,0,0,0,0,0,0.0,0.0,0.0
P008,Middle-Aged Patient with Immunosuppression and Pneumonia,21.0,0.0,,,,5245.0,0.0,0.0,0.0,0.0,0.0,0,0.0,0.0,0.0,,0,0,0.0,0.0,0,0,0,0,0,1.0,0.0,1.0
P008,Middle-Aged Patient with Immunosuppression and Pneumonia,60.0,0.0,,,,2115.0,0.0,0.0,0.0,0.0,0.0,1,0.0,0.0,0.0,,0,0,0.0,0.0,0,0,0,0,0,0.0,0.0,0.0
P008,Middle-Aged Patient with Immunosuppression and Pneumonia,57.0,0.0,,,,52.0,0.0,0.0,1.0,1.0,0.0,0,0.0,0.0,0.0,,0,0,0.0,0.0,0,0,0,0,0,0.0,1.0,0.0
P008,Middle-Aged Patient with Immunosuppression and Pneumonia,25.0,0.0,,,,5830.0,0.0,0.0,0.0,0.0,0.0,0,0.0,0.0,0.0,,0,0,0.0,0.0,0,0,0,0,1,0.0,0.0,0.0
P008,Middle-Aged Patient with Immunosuppression and Pneumonia,73.0,0.0,,,,558.0,0.0,0.0,1.0,0.0,0.0,0,0.0,0.0,0.0,,0,0,0.0,0.0,0,0,0,0,0,0.0,1.0,0.0
P008,Middle-Aged Patient with Immunosuppression and Pneumonia,34.0,0.0,,,,1680.0,0.0,0.0,1.0,0.0,0.0,0,0.0,0.0,0.0,35.0,0,0,0.0,0.0,1,0,0,0,0,0.0,1.0,1.0
P008,Middle-Aged Patient with Immunosuppression and Pneumonia,93.0,0.0,0.016672211131663,,,1782.0,0.0,0.0,1.0,0.0,0.0,0,0.0,0.0,0.0,,0,0,0.0,0.0,0,0,0,0,0,0.0,1.0,1.0
P008,Middle-Aged Patient with Immunosuppression and Pneumonia,57.0,0.0,,,,665.0,1.0,0.0,1.0,0.0,0.0,0,1.0,0.0,0.0,,0,1,0.0,0.0,0,0,0,0,0,0.0,1.0,0.0
P008,Middle-Aged Patient with Immunosuppression and Pneumonia,87.0,0.0,,,,538.0,0.0,1.0,1.0,0.0,0.0,0,0.0,0.0,0.0,,0,0,0.0,0.0,0,0,0,0,0,0.0,1.0,1.0
P008,Middle-Aged Patient with Immunosuppression and Pneumonia,67.0,0.0,,,,1180.0,0.0,0.0,0.0,1.0,0.0,0,0.0,0.0,0.0,23.7,0,0,0.0,0.0,0,0,0,0,0,0.0,0.0,1.0
P008,Middle-Aged Patient with Immunosuppression and Pneumonia,29.0,0.0,,,,2985.0,0.0,0.0,0.0,1.0,0.0,0,0.0,0.0,0.0,,0,0,1.0,0.0,0,0,0,0,0,0.0,0.0,1.0
P008,Middle-Aged Patient with Immunosuppression and Pneumonia,26.0,0.0,0.0210046498068549,,0.4097355934390281,8850.0,0.0,0.0,1.0,1.0,0.0,0,0.0,0.0,0.0,,0,0,0.0,0.0,0,0,0,0,0,1.0,1.0,0.0
P008,Middle-Aged Patient with Immunosuppression and Pneumonia,84.0,0.0,,,,3820.0,0.0,0.0,1.0,1.0,0.0,0,0.0,0.0,0.0,23.3,0,0,0.0,0.0,0,0,0,0,0,0.0,1.0,1.0
P008,Middle-Aged Patient with Immunosuppression and Pneumonia,93.0,0.0,,,,1100.0,0.0,0.0,1.0,1.0,0.0,0,0.0,0.0,0.0,,0,0,0.0,0.0,0,0,0,0,0,0.0,0.0,1.0
P008,Middle-Aged Patient with Immunosuppression and Pneumonia,59.0,0.0,,,,200.0,1.0,1.0,1.0,1.0,0.0,1,0.0,0.0,0.0,,0,0,0.0,0.0,0,0,0,0,0,0.0,0.0,1.0
P008,Middle-Aged Patient with Immunosuppression and Pneumonia,83.0,0.0,,,,0.0,1.0,1.0,1.0,1.0,0.0,0,0.0,0.0,0.0,,0,0,0.0,0.0,0,0,0,0,0,0.0,1.0,1.0
P008,Middle-Aged Patient with Immunosuppression and Pneumonia,90.0,0.0,,,,8.0,1.0,0.0,1.0,1.0,0.0,0,1.0,0.0,0.0,,0,0,0.0,0.0,0,0,0,0,0,0.0,0.0,1.0
P008,Middle-Aged Patient with Immunosuppression and Pneumonia,54.0,0.0,,,,1228.0,0.0,0.0,1.0,0.0,0.0,0,0.0,0.0,0.0,,0,0,0.0,0.0,0,0,0,0,0,0.0,1.0,1.0
P008,Middle-Aged Patient with Immunosuppression and Pneumonia,85.0,0.0,,,,1080.0,0.0,1.0,1.0,0.0,0.0,0,0.0,0.0,0.0,,0,1,0.0,0.0,0,0,0,0,0,0.0,1.0,1.0
P008,Middle-Aged Patient with Immunosuppression and Pneumonia,86.0,0.0,,,,460.0,1.0,1.0,1.0,1.0,0.0,0,0.0,0.0,0.0,,0,0,0.0,0.0,0,0,0,0,0,0.0,0.0,0.0
P008,Middle-Aged Patient with Immunosuppression and Pneumonia,73.0,0.0,,,,175.0,0.0,1.0,1.0,0.0,0.0,0,0.0,0.0,0.0,,0,0,0.0,0.0,0,0,0,0,0,1.0,1.0,1.0
P008,Middle-Aged Patient with Immunosuppression and Pneumonia,83.0,0.0,,,,720.0,0.0,0.0,1.0,0.0,0.0,0,0.0,0.0,0.0,,0,0,0.0,0.0,0,1,0,0,0,0.0,1.0,0.0
P008,Middle-Aged Patient with Immunosuppression and Pneumonia,54.0,0.0,,,,1385.0,0.0,0.0,1.0,1.0,0.0,0,0.0,0.0,0.0,,0,0,0.0,0.0,0,0,0,0,0,0.0,0.0,0.0
P008,Middle-Aged Patient with Immunosuppression and Pneumonia,73.0,0.0,,,,1525.0,0.0,1.0,1.0,1.0,0.0,0,0.0,0.0,0.0,,1,1,0.0,0.0,0,0,0,0,0,0.0,0.0,1.0
P008,Middle-Aged Patient with Immunosuppression and Pneumonia,61.0,0.0,,,,41.0,0.0,0.0,1.0,0.0,0.0,0,0.0,0.0,0.0,19.6,0,0,0.0,0.0,0,0,0,0,0,0.0,1.0,1.0
P008,Middle-Aged Patient with Immunosuppression and Pneumonia,49.0,0.0,,,,1515.0,0.0,0.0,1.0,0.0,0.0,1,0.0,0.0,0.0,,0,0,0.0,1.0,0,0,0,0,0,0.0,1.0,1.0
P008,Middle-Aged Patient with Immunosuppression and Pneumonia,81.0,0.0,,,,951.0,1.0,1.0,1.0,0.0,0.0,0,0.0,0.0,0.0,,0,0,0.0,0.0,0,0,0,0,0,0.0,1.0,0.0
P008,Middle-Aged Patient with Immunosuppression and Pneumonia,52.0,0.0,,,,4640.0,0.0,0.0,1.0,1.0,0.0,0,0.0,0.0,0.0,,0,0,0.0,0.0,0,0,0,0,0,1.0,0.0,1.0
P008,Middle-Aged Patient with Immunosuppression and Pneumonia,49.0,0.0,,,,1750.0,0.0,0.0,0.0,1.0,0.0,0,0.0,0.0,0.0,,0,0,0.0,0.0,0,0,0,0,0,1.0,1.0,1.0
P008,Middle-Aged Patient with Immunosuppression and Pneumonia,81.0,0.0,,,,1795.0,0.0,0.0,1.0,1.0,0.0,0,0.0,0.0,0.0,,0,0,0.0,0.0,0,0,0,0,0,0.0,1.0,1.0
P008,Middle-Aged Patient with Immunosuppression and Pneumonia,34.0,0.0,,,,212.0,0.0,0.0,1.0,1.0,0.0,0,0.0,0.0,0.0,35.0,0,0,0.0,0.0,0,0,0,0,0,0.0,0.0,1.0
P008,Middle-Aged Patient with Immunosuppression and Pneumonia,93.0,0.0,,,,1490.0,1.0,0.0,1.0,1.0,0.0,0,0.0,0.0,0.0,,0,0,0.0,0.0,0,0,0,0,0,0.0,1.0,1.0
P008,Middle-Aged Patient with Immunosuppression and Pneumonia,93.0,0.0,,,,1745.0,1.0,0.0,1.0,1.0,0.0,0,1.0,0.0,0.0,,0,0,0.0,0.0,0,1,0,0,0,0.0,1.0,1.0
P008,Middle-Aged Patient with Immunosuppression and Pneumonia,59.0,0.0,,,,25.0,0.0,1.0,1.0,0.0,0.0,0,0.0,0.0,0.0,,0,0,0.0,0.0,0,0,0,0,0,0.0,1.0,0.0
P008,Middle-Aged Patient with Immunosuppression and Pneumonia,56.0,0.0,,,,1500.0,0.0,0.0,1.0,0.0,0.0,1,0.0,0.0,0.0,,0,0,0.0,0.0,0,0,0,0,0,0.0,0.0,1.0
P008,Middle-Aged Patient with Immunosuppression and Pneumonia,56.0,0.0,0.5863806115030457,,0.6377186224097386,45.0,0.0,0.0,1.0,1.0,0.0,0,1.0,0.0,0.0,29.2,0,0,0.0,0.0,0,0,0,0,0,0.0,1.0,1.0
P008,Middle-Aged Patient with Immunosuppression and Pneumonia,87.0,0.0,,,,474.0,0.0,0.0,1.0,0.0,0.0,0,0.0,0.0,0.0,,0,0,0.0,0.0,0,0,0,0,0,0.0,1.0,1.0
P008,Middle-Aged Patient with Immunosuppression and Pneumonia,80.0,0.0,,,,915.0,0.0,1.0,1.0,1.0,0.0,0,1.0,0.0,0.0,,0,0,0.0,0.0,0,0,0,0,0,0.0,0.0,0.0
P008,Middle-Aged Patient with Immunosuppression and Pneumonia,37.0,0.0,,,,465.0,1.0,0.0,1.0,1.0,0.0,0,0.0,0.0,0.0,,0,0,0.0,0.0,0,0,0,0,0,0.0,1.0,1.0
P008,Middle-Aged Patient with Immunosuppression and Pneumonia,73.0,0.0,,,,1163.0,0.0,0.0,0.0,1.0,0.0,0,0.0,0.0,0.0,,0,0,0.0,0.0,0,0,0,0,0,0.0,1.0,0.0
P008,Middle-Aged Patient with Immunosuppression and Pneumonia,46.0,0.0,,,,339.0,0.0,0.0,1.0,0.0,0.0,0,0.0,0.0,0.0,,0,0,0.0,0.0,0,0,0,0,0,0.0,1.0,1.0
P008,Middle-Aged Patient with Immunosuppression and Pneumonia,41.0,0.0,,,,614.0,0.0,0.0,1.0,0.0,0.0,0,0.0,0.0,0.0,,0,0,0.0,0.0,0,0,0,0,0,0.0,1.0,1.0
P008,Middle-Aged Patient with Immunosuppression and Pneumonia,69.0,0.0,,,,3320.0,1.0,1.0,0.0,0.0,0.0,0,0.0,0.0,0.0,,0,1,0.0,0.0,0,0,0,0,0,0.0,1.0,1.0
P008,Middle-Aged Patient with Immunosuppression and Pneumonia,62.0,0.0,,,,2360.0,0.0,0.0,1.0,1.0,0.0,0,0.0,0.0,0.0,,0,0,0.0,0.0,0,0,0,0,0,0.0,1.0,1.0
P008,Middle-Aged Patient with Immunosuppression and Pneumonia,87.0,0.0,,,,975.0,1.0,1.0,1.0,0.0,0.0,0,0.0,0.0,0.0,,0,1,0.0,0.0,0,0,0,0,0,0.0,1.0,1.0
P008,Middle-Aged Patient with Immunosuppression and Pneumonia,58.0,0.0,,,,970.0,0.0,1.0,0.0,1.0,0.0,0,1.0,0.0,0.0,,0,0,0.0,0.0,0,0,0,0,0,0.0,1.0,1.0
P008,Middle-Aged Patient with Immunosuppression and Pneumonia,74.0,0.0,,,,1065.0,0.0,0.0,1.0,0.0,0.0,0,0.0,0.0,0.0,,0,0,0.0,0.0,1,0,0,0,0,0.0,0.0,0.0
P008,Middle-Aged Patient with Immunosuppression and Pneumonia,53.0,0.0,0.0802528669131182,,0.6864887907693629,180.0,1.0,1.0,1.0,0.0,0.0,0,0.0,0.0,0.0,,0,0,0.0,0.0,0,0,0,0,0,0.0,0.0,1.0
P008,Middle-Aged Patient with Immunosuppression and Pneumonia,78.0,0.0,,,,755.0,0.0,0.0,1.0,1.0,0.0,0,0.0,0.0,0.0,,0,0,0.0,0.0,0,0,0,0,0,0.0,0.0,1.0
P008,Middle-Aged Patient with Immunosuppression and Pneumonia,62.0,0.0,0.0325387073492795,,0.24501951319398352,227.0,0.0,1.0,1.0,0.0,0.0,0,0.0,0.0,0.0,,0,0,0.0,0.0,0,0,0,0,0,0.0,0.0,1.0
P008,Middle-Aged Patient with Immunosuppression and Pneumonia,75.0,0.0,0.0150017249325173,,,260.0,1.0,0.0,1.0,0.0,0.0,0,0.0,0.0,0.0,,0,0,0.0,0.0,1,0,0,0,0,0.0,1.0,1.0
P008,Middle-Aged Patient with Immunosuppression and Pneumonia,75.0,0.0,0.0400161006837151,6.259900983422995,0.21246058366959913,582.0,0.0,1.0,1.0,1.0,0.0,1,0.0,0.0,0.0,,0,0,0.0,0.0,0,1,0,0,0,0.0,0.0,1.0
P008,Middle-Aged Patient with Immunosuppression and Pneumonia,68.0,0.0,,,,845.0,1.0,1.0,1.0,0.0,0.0,0,0.0,0.0,0.0,,0,0,0.0,0.0,0,0,0,0,0,0.0,1.0,1.0
P008,Middle-Aged Patient with Immunosuppression and Pneumonia,59.0,0.0,,,,1307.0,1.0,0.0,1.0,1.0,0.0,1,0.0,0.0,0.0,,0,0,0.0,0.0,1,0,0,0,0,0.0,0.0,1.0
P008,Middle-Aged Patient with Immunosuppression and Pneumonia,74.0,0.0,0.0150038413266883,,,2620.0,0.0,1.0,1.0,0.0,0.0,0,0.0,0.0,0.0,,0,0,0.0,0.0,0,0,0,0,0,0.0,0.0,1.0
P008,Middle-Aged Patient with Immunosuppression and Pneumonia,68.0,0.0,,,,1480.0,1.0,1.0,1.0,0.0,0.0,0,0.0,0.0,0.0,,0,0,0.0,1.0,0,0,0,0,0,0.0,0.0,1.0
P008,Middle-Aged Patient with Immunosuppression and Pneumonia,54.0,0.0,,,,32.0,0.0,0.0,1.0,0.0,0.0,1,0.0,0.0,0.0,,0,0,0.0,0.0,0,0,0,0,0,0.0,0.0,1.0
P008,Middle-Aged Patient with Immunosuppression and Pneumonia,80.0,0.0,,,,1865.0,1.0,0.0,1.0,0.0,0.0,1,0.0,0.0,0.0,,0,1,0.0,0.0,0,0,0,0,0,0.0,1.0,1.0
P008,Middle-Aged Patient with Immunosuppression and Pneumonia,71.0,0.0,,,,2785.0,0.0,0.0,0.0,0.0,0.0,0,0.0,0.0,0.0,,0,0,0.0,0.0,0,0,0,0,0,0.0,1.0,1.0
P008,Middle-Aged Patient with Immunosuppression and Pneumonia,51.0,0.0,,,,0.0,1.0,0.0,1.0,1.0,0.0,0,0.0,0.0,0.0,,0,0,0.0,0.0,1,0,0,0,0,0.0,1.0,0.0
P008,Middle-Aged Patient with Immunosuppression and Pneumonia,65.0,0.0,,,,55.0,0.0,1.0,1.0,0.0,0.0,1,0.0,0.0,0.0,,0,0,0.0,0.0,1,0,0,0,0,0.0,1.0,1.0
P008,Middle-Aged Patient with Immunosuppression and Pneumonia,66.0,0.0,,,,1705.0,1.0,0.0,1.0,1.0,0.0,0,1.0,0.0,0.0,,0,0,0.0,0.0,0,0,0,0,0,0.0,1.0,1.0
P008,Middle-Aged Patient with Immunosuppression and Pneumonia,58.0,0.0,,,,4345.0,0.0,1.0,1.0,1.0,0.0,0,0.0,0.0,0.0,,0,1,0.0,0.0,0,0,0,0,0,0.0,0.0,1.0
P008,Middle-Aged Patient with Immunosuppression and Pneumonia,83.0,0.0,,,,332.0,0.0,0.0,1.0,1.0,0.0,0,0.0,0.0,0.0,,0,0,0.0,0.0,0,0,0,0,0,0.0,0.0,0.0
P008,Middle-Aged Patient with Immunosuppression and Pneumonia,59.0,0.0,,,,2665.0,0.0,1.0,1.0,1.0,0.0,0,0.0,0.0,0.0,,0,1,1.0,0.0,0,0,0,0,0,0.0,1.0,0.0
P008,Middle-Aged Patient with Immunosuppression and Pneumonia,64.0,0.0,,,,2035.0,1.0,1.0,0.0,0.0,0.0,1,0.0,0.0,0.0,,0,0,0.0,0.0,0,0,0,0,0,0.0,0.0,1.0
P009,Elderly with Multiple Comorbidities and DNR Status,88.0,0.0,,,,1595.0,1.0,1.0,1.0,0.0,1.0,0,1.0,0.0,0.0,43.2,0,0,0.0,0.0,0,0,0,0,0,0.0,1.0,0.0
P009,Elderly with Multiple Comorbidities and DNR Status,81.0,0.0,,,,885.0,1.0,1.0,1.0,0.0,0.0,0,1.0,0.0,0.0,,0,0,0.0,0.0,0,0,0,0,0,0.0,0.0,0.0
P009,Elderly with Multiple Comorbidities and DNR Status,77.0,0.0,,,,1255.0,0.0,1.0,1.0,0.0,0.0,0,1.0,0.0,0.0,,1,0,0.0,0.0,0,0,0,0,0,0.0,1.0,0.0
P009,Elderly with Multiple Comorbidities and DNR Status,73.0,0.0,,,,2230.0,1.0,0.0,1.0,0.0,0.0,0,0.0,0.0,0.0,,0,0,0.0,0.0,0,0,0,0,0,1.0,1.0,0.0
P009,Elderly with Multiple Comorbidities and DNR Status,47.0,0.0,,,,640.0,1.0,1.0,1.0,0.0,0.0,0,0.0,0.0,0.0,,0,0,0.0,0.0,1,0,0,0,0,0.0,1.0,0.0
P009,Elderly with Multiple Comorbidities and DNR Status,49.0,0.0,,,,1140.0,1.0,1.0,0.0,0.0,0.0,1,0.0,0.0,0.0,34.0,1,0,0.0,0.0,0,0,0,0,0,0.0,0.0,0.0
P009,Elderly with Multiple Comorbidities and DNR Status,85.0,0.0,0.1250000059371814,,0.4210526531096548,895.0,1.0,0.0,1.0,0.0,1.0,0,1.0,0.0,0.0,,0,0,0.0,0.0,0,0,0,0,0,0.0,1.0,0.0
P009,Elderly with Multiple Comorbidities and DNR Status,92.0,0.0,,,,2825.0,1.0,1.0,1.0,0.0,0.0,1,1.0,0.0,0.0,,0,0,0.0,0.0,0,0,0,0,0,0.0,1.0,0.0
P009,Elderly with Multiple Comorbidities and DNR Status,49.0,0.0,0.075315519476741,,0.2205071941716596,2550.0,1.0,0.0,1.0,0.0,1.0,0,0.0,0.0,0.0,,0,0,0.0,0.0,0,0,0,0,0,0.0,0.0,0.0
P009,Elderly with Multiple Comorbidities and DNR Status,44.0,0.0,,,,2025.0,0.0,1.0,1.0,0.0,0.0,0,1.0,0.0,0.0,,0,0,0.0,0.0,0,0,0,0,0,0.0,1.0,0.0
P009,Elderly with Multiple Comorbidities and DNR Status,59.0,0.0,,,,2795.0,1.0,1.0,1.0,0.0,1.0,0,1.0,0.0,0.0,,0,0,0.0,1.0,0,0,0,0,0,0.0,0.0,0.0
P009,Elderly with Multiple Comorbidities and DNR Status,69.0,0.0,,,,3129.0,0.0,1.0,1.0,0.0,1.0,0,1.0,0.0,0.0,,0,0,0.0,0.0,0,0,0,0,0,0.0,1.0,0.0
P009,Elderly with Multiple Comorbidities and DNR Status,95.0,0.0,,,,675.0,1.0,0.0,1.0,0.0,0.0,0,0.0,0.0,0.0,,0,0,0.0,0.0,1,0,0,0,0,0.0,1.0,0.0
P009,Elderly with Multiple Comorbidities and DNR Status,81.0,0.0,,,,57.0,1.0,0.0,1.0,0.0,1.0,0,0.0,0.0,0.0,,1,0,0.0,0.0,0,0,0,0,0,0.0,0.0,0.0
P009,Elderly with Multiple Comorbidities and DNR Status,96.0,0.0,0.0351895160848571,,0.065014071878977,3565.0,1.0,1.0,1.0,0.0,0.0,1,1.0,0.0,0.0,,0,0,0.0,0.0,1,0,0,0,0,0.0,1.0,0.0
P009,Elderly with Multiple Comorbidities and DNR Status,52.0,0.0,0.059289642801256,,0.0699856464052572,617.0,1.0,1.0,1.0,0.0,0.0,0,1.0,0.0,0.0,33.0,0,0,0.0,0.0,1,0,0,0,0,0.0,1.0,0.0
P009,Elderly with Multiple Comorbidities and DNR Status,81.0,0.0,,,,1125.0,0.0,1.0,1.0,0.0,1.0,0,0.0,0.0,0.0,,0,0,0.0,0.0,0,0,0,0,0,0.0,0.0,0.0
P009,Elderly with Multiple Comorbidities and DNR Status,79.0,0.0,,,,611.0,1.0,0.0,1.0,0.0,0.0,0,1.0,0.0,0.0,,0,0,0.0,0.0,0,0,0,0,0,0.0,0.0,0.0
P009,Elderly with Multiple Comorbidities and DNR Status,98.0,0.0,0.0626097571512217,,0.0670232595439301,46.0,1.0,1.0,1.0,0.0,0.0,0,0.0,0.0,0.0,,0,0,0.0,0.0,0,0,0,0,0,0.0,0.0,0.0
P009,Elderly with Multiple Comorbidities and DNR Status,77.0,0.0,,,,672.0,0.0,1.0,1.0,0.0,0.0,0,0.0,0.0,0.0,,0,0,0.0,0.0,0,0,0,0,0,1.0,1.0,0.0
P009,Elderly with Multiple Comorbidities and DNR Status,96.0,0.0,0.0275468564723268,,0.0150015016515681,1487.0,0.0,1.0,1.0,0.0,1.0,0,0.0,0.0,0.0,,0,0,0.0,1.0,1,0,0,0,0,0.0,1.0,0.0
P009,Elderly with Multiple Comorbidities and DNR Status,95.0,0.0,,,,1976.0,0.0,1.0,1.0,0.0,1.0,0,1.0,0.0,0.0,,0,0,0.0,0.0,1,0,0,0,0,0.0,0.0,0.0
P009,Elderly with Multiple Comorbidities and DNR Status,90.0,0.0,,,,697.0,1.0,1.0,1.0,0.0,1.0,0,1.0,0.0,0.0,,0,0,1.0,0.0,0,0,0,0,0,0.0,0.0,0.0
P009,Elderly with Multiple Comorbidities and DNR Status,61.0,0.0,,,,2518.0,0.0,1.0,0.0,0.0,1.0,0,1.0,0.0,0.0,,0,0,0.0,0.0,1,0,0,0,0,0.0,0.0,0.0
P009,Elderly with Multiple Comorbidities and DNR Status,53.0,0.0,,,,2810.0,1.0,1.0,1.0,0.0,1.0,0,0.0,0.0,0.0,,0,1,1.0,0.0,0,0,0,0,0,0.0,0.0,0.0
P009,Elderly with Multiple Comorbidities and DNR Status,75.0,0.0,,,,477.0,1.0,0.0,1.0,0.0,0.0,0,0.0,0.0,0.0,,0,0,0.0,0.0,0,0,0,0,0,0.0,0.0,0.0
P009,Elderly with Multiple Comorbidities and DNR Status,47.0,0.0,,,,1535.0,1.0,1.0,1.0,0.0,0.0,0,1.0,0.0,0.0,32.7,0,0,0.0,0.0,0,0,0,0,0,0.0,1.0,0.0
P009,Elderly with Multiple Comorbidities and DNR Status,86.0,0.0,,,,1530.0,1.0,1.0,1.0,0.0,0.0,0,1.0,0.0,0.0,,0,0,0.0,0.0,1,0,0,0,0,0.0,1.0,0.0
P009,Elderly with Multiple Comorbidities and DNR Status,95.0,0.0,,,,305.0,1.0,0.0,0.0,0.0,0.0,0,0.0,0.0,0.0,,0,0,0.0,0.0,1,0,0,0,0,0.0,0.0,0.0
P009,Elderly with Multiple Comorbidities and DNR Status,71.0,0.0,,,,1150.0,1.0,1.0,1.0,0.0,1.0,0,0.0,0.0,0.0,,0,0,0.0,1.0,0,0,0,0,0,0.0,1.0,0.0
P009,Elderly with Multiple Comorbidities and DNR Status,53.0,0.0,,,,1848.0,0.0,1.0,1.0,0.0,1.0,0,0.0,0.0,0.0,,0,0,0.0,0.0,0,0,0,0,0,0.0,1.0,0.0
P009,Elderly with Multiple Comorbidities and DNR Status,86.0,0.0,,,,2755.0,1.0,1.0,1.0,0.0,1.0,0,1.0,0.0,0.0,,0,0,0.0,0.0,1,0,0,0,0,0.0,0.0,1.0
P009,Elderly with Multiple Comorbidities and DNR Status,69.0,0.0,,,,168.0,1.0,0.0,1.0,0.0,1.0,0,1.0,0.0,0.0,,0,0,0.0,0.0,0,0,0,0,0,0.0,0.0,0.0
P009,Elderly with Multiple Comorbidities and DNR Status,62.0,0.0,,,,2560.0,1.0,1.0,1.0,0.0,0.0,0,0.0,0.0,0.0,,0,0,0.0,0.0,0,0,0,0,0,0.0,1.0,0.0
P009,Elderly with Multiple Comorbidities and DNR Status,76.0,0.0,,,,0.0,0.0,0.0,1.0,0.0,0.0,0,0.0,0.0,0.0,,0,0,0.0,0.0,0,0,0,0,0,0.0,1.0,0.0
P009,Elderly with Multiple Comorbidities and DNR Status,71.0,0.0,0.0534147326334277,,,1797.0,1.0,1.0,1.0,0.0,1.0,0,1.0,0.0,0.0,,0,0,0.0,0.0,0,0,0,0,0,0.0,1.0,0.0
P009,Elderly with Multiple Comorbidities and DNR Status,76.0,0.0,,,,1720.0,1.0,1.0,1.0,0.0,1.0,0,1.0,0.0,0.0,,0,0,0.0,0.0,0,0,0,0,0,1.0,0.0,0.0
P009,Elderly with Multiple Comorbidities and DNR Status,73.0,0.0,,,,440.0,0.0,1.0,1.0,0.0,0.0,1,1.0,0.0,0.0,,0,0,0.0,0.0,0,0,0,0,0,0.0,0.0,0.0
P009,Elderly with Multiple Comorbidities and DNR Status,70.0,0.0,,,,1146.0,0.0,0.0,1.0,0.0,0.0,0,1.0,0.0,0.0,17.2,0,0,0.0,0.0,0,1,0,0,0,0.0,1.0,0.0
P009,Elderly with Multiple Comorbidities and DNR Status,76.0,0.0,,,,1389.0,1.0,1.0,1.0,0.0,1.0,0,1.0,0.0,0.0,,0,0,0.0,0.0,1,0,0,0,0,0.0,1.0,0.0
P009,Elderly with Multiple Comorbidities and DNR Status,37.0,0.0,,,,575.0,1.0,0.0,1.0,0.0,0.0,0,0.0,0.0,0.0,,0,0,0.0,0.0,0,0,0,0,0,0.0,0.0,0.0
P009,Elderly with Multiple Comorbidities and DNR Status,89.0,0.0,,,,255.0,0.0,1.0,1.0,0.0,0.0,0,1.0,0.0,0.0,,0,1,1.0,0.0,0,0,0,0,0,0.0,1.0,1.0
P009,Elderly with Multiple Comorbidities and DNR Status,89.0,0.0,,,,2280.0,1.0,1.0,1.0,0.0,1.0,1,0.0,0.0,0.0,,0,0,0.0,0.0,1,0,0,0,0,0.0,0.0,0.0
P009,Elderly with Multiple Comorbidities and DNR Status,73.0,0.0,,,,1465.0,1.0,1.0,1.0,0.0,1.0,0,1.0,0.0,0.0,28.7,0,0,0.0,0.0,0,0,0,0,0,0.0,0.0,0.0
P009,Elderly with Multiple Comorbidities and DNR Status,70.0,0.0,,,,427.0,0.0,0.0,1.0,0.0,0.0,0,0.0,0.0,0.0,,1,0,0.0,0.0,0,0,0,0,0,0.0,1.0,0.0
P009,Elderly with Multiple Comorbidities and DNR Status,80.0,0.0,,,,3605.0,1.0,1.0,1.0,0.0,0.0,0,0.0,0.0,0.0,,0,0,0.0,0.0,0,0,0,0,0,0.0,0.0,0.0
P009,Elderly with Multiple Comorbidities and DNR Status,48.0,0.0,,,,2055.0,1.0,1.0,1.0,0.0,0.0,0,1.0,0.0,0.0,,0,0,0.0,0.0,0,0,0,0,0,0.0,1.0,0.0
P009,Elderly with Multiple Comorbidities and DNR Status,98.0,0.0,,,,570.0,1.0,1.0,1.0,0.0,1.0,0,1.0,0.0,0.0,,0,0,0.0,0.0,0,0,0,0,0,0.0,1.0,0.0
P009,Elderly with Multiple Comorbidities and DNR Status,99.0,0.0,0.32797460451977,5.00514276791364,0.5014314374420792,1975.0,1.0,0.0,1.0,0.0,1.0,0,1.0,0.0,0.0,,0,0,0.0,0.0,0,0,0,0,0,0.0,0.0,0.0
P009,Elderly with Multiple Comorbidities and DNR Status,80.0,0.0,,,,3190.0,1.0,1.0,0.0,0.0,0.0,0,1.0,0.0,0.0,,0,0,0.0,0.0,0,0,0,0,0,0.0,1.0,0.0
P009,Elderly with Multiple Comorbidities and DNR Status,91.0,0.0,,,,400.0,0.0,1.0,1.0,0.0,0.0,0,0.0,0.0,0.0,,0,0,0.0,0.0,0,0,0,0,0,0.0,0.0,0.0
P009,Elderly with Multiple Comorbidities and DNR Status,83.0,0.0,,,,1095.0,1.0,1.0,1.0,0.0,1.0,0,0.0,0.0,0.0,,0,0,0.0,0.0,0,0,0,0,0,0.0,0.0,0.0
P009,Elderly with Multiple Comorbidities and DNR Status,54.0,0.0,,,,380.0,1.0,1.0,1.0,0.0,0.0,0,1.0,0.0,0.0,,0,0,0.0,0.0,0,0,0,0,0,0.0,1.0,0.0
P009,Elderly with Multiple Comorbidities and DNR Status,76.0,0.0,,,,1300.0,1.0,1.0,0.0,0.0,0.0,0,1.0,0.0,0.0,,0,0,0.0,1.0,0,0,0,0,0,0.0,1.0,0.0
P009,Elderly with Multiple Comorbidities and DNR Status,73.0,0.0,,,,2115.0,1.0,0.0,0.0,0.0,0.0,1,1.0,0.0,0.0,,0,0,0.0,0.0,0,0,0,0,0,0.0,1.0,0.0
P009,Elderly with Multiple Comorbidities and DNR Status,86.0,0.0,,,,134.0,0.0,0.0,1.0,0.0,0.0,1,0.0,0.0,0.0,,0,0,0.0,0.0,1,0,0,0,0,0.0,1.0,0.0
P009,Elderly with Multiple Comorbidities and DNR Status,73.0,0.0,,,,1820.0,1.0,1.0,1.0,0.0,0.0,0,1.0,0.0,0.0,,0,0,0.0,0.0,0,0,0,0,0,0.0,1.0,0.0
P009,Elderly with Multiple Comorbidities and DNR Status,73.0,0.0,,,,2255.0,1.0,1.0,1.0,0.0,0.0,0,1.0,0.0,0.0,,0,0,0.0,0.0,0,0,0,0,0,0.0,1.0,0.0
P009,Elderly with Multiple Comorbidities and DNR Status,72.0,0.0,,,,0.0,1.0,1.0,1.0,0.0,0.0,0,0.0,0.0,0.0,,0,0,0.0,0.0,1,0,0,0,0,0.0,1.0,0.0
P009,Elderly with Multiple Comorbidities and DNR Status,84.0,0.0,,,,852.0,1.0,1.0,1.0,0.0,1.0,0,0.0,0.0,0.0,,0,0,0.0,0.0,0,0,0,0,0,0.0,0.0,0.0
P009,Elderly with Multiple Comorbidities and DNR Status,102.0,0.0,,,,3225.0,1.0,1.0,1.0,0.0,0.0,1,1.0,0.0,0.0,,0,0,0.0,0.0,0,0,0,0,0,0.0,0.0,0.0
P009,Elderly with Multiple Comorbidities and DNR Status,103.0,0.0,,,,1815.0,0.0,1.0,1.0,0.0,1.0,0,0.0,0.0,0.0,,0,0,0.0,0.0,0,0,0,0,0,0.0,0.0,0.0
P009,Elderly with Multiple Comorbidities and DNR Status,54.0,0.0,,,,2375.0,0.0,1.0,1.0,0.0,0.0,1,1.0,0.0,0.0,,0,0,0.0,0.0,0,0,0,0,0,0.0,1.0,0.0
P009,Elderly with Multiple Comorbidities and DNR Status,94.0,0.0,,,,0.0,1.0,1.0,1.0,0.0,1.0,0,1.0,0.0,0.0,,0,0,0.0,0.0,0,0,0,0,0,0.0,1.0,0.0
P009,Elderly with Multiple Comorbidities and DNR Status,78.0,0.0,,,,2315.0,1.0,1.0,1.0,0.0,1.0,0,0.0,0.0,0.0,,0,0,1.0,0.0,0,0,0,0,0,1.0,0.0,0.0
P009,Elderly with Multiple Comorbidities and DNR Status,49.0,0.0,,,,3260.0,0.0,1.0,1.0,0.0,1.0,0,0.0,0.0,0.0,,0,0,0.0,0.0,0,0,0,0,0,0.0,1.0,0.0
P009,Elderly with Multiple Comorbidities and DNR Status,61.0,0.0,,,,4075.0,0.0,1.0,1.0,0.0,1.0,1,1.0,1.0,0.0,,0,0,0.0,0.0,0,0,0,0,0,0.0,1.0,0.0
P009,Elderly with Multiple Comorbidities and DNR Status,97.0,0.0,,,,4578.0,1.0,1.0,1.0,0.0,0.0,0,1.0,0.0,0.0,,0,0,0.0,0.0,1,0,0,0,0,0.0,0.0,0.0
P009,Elderly with Multiple Comorbidities and DNR Status,65.0,0.0,,,,2635.0,1.0,1.0,1.0,0.0,0.0,0,1.0,0.0,0.0,,0,0,0.0,0.0,0,0,0,0,0,0.0,0.0,0.0
P009,Elderly with Multiple Comorbidities and DNR Status,93.0,0.0,,,,1493.0,1.0,1.0,1.0,0.0,0.0,0,1.0,0.0,0.0,,0,0,0.0,0.0,1,0,0,0,0,0.0,0.0,0.0
P009,Elderly with Multiple Comorbidities and DNR Status,93.0,0.0,,,,1122.0,0.0,1.0,1.0,0.0,1.0,0,1.0,0.0,0.0,,0,0,0.0,0.0,0,0,0,0,0,0.0,1.0,0.0
P009,Elderly with Multiple Comorbidities and DNR Status,94.0,0.0,,,,1480.0,0.0,1.0,0.0,0.0,1.0,0,1.0,0.0,0.0,,0,1,0.0,0.0,0,0,0,0,0,0.0,0.0,0.0
P009,Elderly with Multiple Comorbidities and DNR Status,37.0,0.0,,,,2515.0,1.0,1.0,1.0,0.0,1.0,0,1.0,0.0,0.0,,0,0,1.0,0.0,0,0,0,0,0,1.0,0.0,0.0
P009,Elderly with Multiple Comorbidities and DNR Status,70.0,0.0,,,,769.0,1.0,1.0,1.0,0.0,1.0,0,0.0,0.0,0.0,,0,0,0.0,0.0,0,0,0,0,0,0.0,0.0,0.0
P009,Elderly with Multiple Comorbidities and DNR Status,98.0,0.0,,,,2295.0,0.0,1.0,1.0,0.0,0.0,0,0.0,0.0,0.0,,0,0,0.0,0.0,0,0,0,0,0,0.0,0.0,0.0
P009,Elderly with Multiple Comorbidities and DNR Status,86.0,0.0,0.0371204712012383,,0.1462343925595632,3485.0,0.0,0.0,1.0,0.0,1.0,1,0.0,0.0,0.0,,0,0,0.0,0.0,1,0,0,0,0,0.0,0.0,0.0
P009,Elderly with Multiple Comorbidities and DNR Status,102.0,0.0,0.0528978302359713,,,2020.0,0.0,1.0,1.0,0.0,1.0,0,1.0,0.0,0.0,,0,0,0.0,0.0,0,0,0,0,0,0.0,0.0,0.0
P009,Elderly with Multiple Comorbidities and DNR Status,72.0,0.0,0.0200020003831014,,,250.0,0.0,1.0,1.0,0.0,1.0,0,0.0,0.0,0.0,,0,0,0.0,0.0,0,0,0,0,0,0.0,1.0,1.0
P009,Elderly with Multiple Comorbidities and DNR Status,74.0,0.0,0.0225017602133448,,0.4490348801482469,1725.0,1.0,1.0,1.0,0.0,1.0,0,0.0,0.0,0.0,,0,0,0.0,1.0,0,0,0,0,0,0.0,0.0,1.0
P009,Elderly with Multiple Comorbidities and DNR Status,76.0,0.0,,,,1455.0,1.0,1.0,1.0,0.0,0.0,0,0.0,0.0,0.0,,0,0,0.0,0.0,0,0,0,0,0,0.0,0.0,0.0
P009,Elderly with Multiple Comorbidities and DNR Status,90.0,0.0,,,,2372.0,1.0,1.0,1.0,0.0,0.0,0,0.0,0.0,0.0,,0,1,0.0,0.0,0,0,0,0,0,0.0,0.0,0.0
P009,Elderly with Multiple Comorbidities and DNR Status,82.0,0.0,,,,2240.0,1.0,1.0,1.0,0.0,1.0,0,0.0,0.0,0.0,,0,0,0.0,0.0,0,1,0,0,0,0.0,1.0,0.0
P009,Elderly with Multiple Comorbidities and DNR Status,91.0,0.0,,,,1610.0,1.0,1.0,1.0,0.0,1.0,1,1.0,0.0,0.0,,0,0,0.0,0.0,0,0,0,0,0,0.0,1.0,0.0
P009,Elderly with Multiple Comorbidities and DNR Status,70.0,0.0,,,,1895.0,0.0,1.0,0.0,0.0,1.0,0,1.0,0.0,0.0,,0,0,0.0,0.0,0,0,0,0,0,1.0,0.0,0.0
P009,Elderly with Multiple Comorbidities and DNR Status,89.0,0.0,,,,0.0,1.0,1.0,1.0,0.0,1.0,0,0.0,0.0,0.0,,1,0,0.0,0.0,0,0,0,0,0,0.0,0.0,1.0
P009,Elderly with Multiple Comorbidities and DNR Status,74.0,0.0,,,,1948.0,0.0,1.0,1.0,0.0,1.0,0,0.0,0.0,0.0,,0,0,0.0,0.0,0,0,0,0,0,0.0,0.0,0.0
P009,Elderly with Multiple Comorbidities and DNR Status,100.0,0.0,,,,1435.0,1.0,0.0,0.0,0.0,0.0,0,0.0,0.0,0.0,,0,0,1.0,0.0,0,0,0,0,0,0.0,0.0,0.0
P009,Elderly with Multiple Comorbidities and DNR Status,46.0,0.0,,,,2845.0,0.0,1.0,1.0,0.0,0.0,0,1.0,0.0,0.0,,0,0,0.0,0.0,0,0,0,0,0,1.0,0.0,0.0
P009,Elderly with Multiple Comorbidities and DNR Status,80.0,0.0,,,,1195.0,1.0,1.0,0.0,0.0,0.0,1,1.0,0.0,0.0,46.9,0,0,0.0,0.0,0,0,0,0,0,0.0,0.0,1.0
P009,Elderly with Multiple Comorbidities and DNR Status,88.0,0.0,,,,610.0,1.0,1.0,1.0,0.0,0.0,0,1.0,0.0,0.0,,1,0,0.0,0.0,0,0,0,0,0,0.0,0.0,1.0
P009,Elderly with Multiple Comorbidities and DNR Status,66.0,0.0,,,,7105.0,1.0,0.0,1.0,0.0,0.0,0,0.0,0.0,0.0,,1,0,0.0,0.0,0,0,0,0,0,0.0,0.0,0.0
P009,Elderly with Multiple Comorbidities and DNR Status,50.0,0.0,,,,1631.0,1.0,1.0,1.0,0.0,0.0,0,1.0,0.0,0.0,27.3,0,0,0.0,0.0,0,0,0,0,0,0.0,0.0,0.0
P009,Elderly with Multiple Comorbidities and DNR Status,82.0,0.0,,,,1472.0,0.0,1.0,1.0,0.0,0.0,0,1.0,0.0,0.0,,0,0,0.0,0.0,0,0,0,0,0,0.0,1.0,0.0
P009,Elderly with Multiple Comorbidities and DNR Status,66.0,0.0,,,,4675.0,0.0,1.0,1.0,0.0,0.0,0,1.0,0.0,0.0,,0,0,0.0,0.0,0,0,0,0,0,0.0,1.0,0.0
P009,Elderly with Multiple Comorbidities and DNR Status,64.0,0.0,,,,40.0,1.0,1.0,1.0,0.0,1.0,0,1.0,0.0,0.0,,0,0,0.0,0.0,0,0,0,0,0,0.0,0.0,0.0
P009,Elderly with Multiple Comorbidities and DNR Status,75.0,0.0,,,,985.0,1.0,1.0,0.0,0.0,0.0,1,0.0,0.0,0.0,,0,0,0.0,0.0,0,0,0,0,0,0.0,1.0,0.0
P009,Elderly with Multiple Comorbidities and DNR Status,70.0,0.0,,,,665.0,1.0,1.0,1.0,0.0,0.0,0,0.0,0.0,0.0,,0,1,0.0,0.0,0,0,0,0,0,0.0,1.0,0.0
P009,Elderly with Multiple Comorbidities and DNR Status,83.0,0.0,,,,1030.0,1.0,1.0,1.0,0.0,0.0,0,0.0,0.0,0.0,,0,0,0.0,0.0,0,0,0,0,0,0.0,1.0,0.0
P009,Elderly with Multiple Comorbidities and DNR Status,39.0,0.0,,,,1990.0,0.0,1.0,0.0,0.0,0.0,0,1.0,0.0,0.0,,0,0,0.0,0.0,0,0,0,0,0,1.0,1.0,0.0
P009,Elderly with Multiple Comorbidities and DNR Status,101.0,0.0,,,,810.0,0.0,1.0,1.0,0.0,0.0,0,0.0,0.0,0.0,15.4,0,0,0.0,0.0,0,0,0,0,0,0.0,1.0,1.0
P010,Young Patient with Acute Pancreatitis and Complications,20.199999999999996,0.0,,,,2614.0,0.0,0.0,1.0,0.0,0.0,0,0.0,0.0,0.0,,0,0,0.0,0.0,0,1,0,0,0,0.0,0.0,1.0
P010,Young Patient with Acute Pancreatitis and Complications,10.0,0.0,0.0240702900555333,,0.08001054647029376,3054.0000000000005,0.0,1.0,1.0,0.0,0.0,1,0.0,0.0,0.0,,0,0,0.0,0.0,0,0,0,0,0,0.0,0.0,1.0
P010,Young Patient with Acute Pancreatitis and Complications,20.199999999999996,0.0,,,,3549.0000000000005,0.0,1.0,0.0,0.0,0.0,0,0.0,0.0,0.0,,1,0,1.0,0.0,0,0,0,0,0,0.0,0.0,1.0
P010,Young Patient with Acute Pancreatitis and Complications,22.6,0.0,,,,1976.0000000000002,1.0,1.0,1.0,0.0,0.0,0,0.0,0.0,0.0,,0,0,0.0,0.0,0,0,0,0,0,1.0,0.0,0.0
P010,Young Patient with Acute Pancreatitis and Complications,20.199999999999996,0.0,,,,1332.5,0.0,0.0,1.0,0.0,0.0,0,0.0,0.0,0.0,,0,1,0.0,0.0,0,0,0,0,0,0.0,1.0,0.0
P010,Young Patient with Acute Pancreatitis and Complications,8.2,0.0,,,,1477.7,0.0,0.0,1.0,0.0,0.0,0,0.0,0.0,0.0,,1,0,0.0,0.0,0,0,0,0,0,0.0,1.0,0.0
P010,Young Patient with Acute Pancreatitis and Complications,34.6,0.0,0.0361401151975667,,0.07400164521532124,1373.2,1.0,0.0,1.0,0.0,0.0,0,0.0,0.0,0.0,,0,0,0.0,0.0,1,0,0,0,0,0.0,1.0,0.0
P010,Young Patient with Acute Pancreatitis and Complications,13.600000000000001,0.0,,,,1529.4,0.0,1.0,1.0,0.0,0.0,0,0.0,0.0,0.0,,0,0,0.0,0.0,0,0,0,0,0,0.0,1.0,0.0
P010,Young Patient with Acute Pancreatitis and Complications,-2.0,0.0,,,,3153.0000000000005,0.0,1.0,0.0,0.0,0.0,0,0.0,0.0,0.0,,0,1,0.0,0.0,0,0,0,0,0,0.0,1.0,1.0
P010,Young Patient with Acute Pancreatitis and Complications,17.199999999999996,0.0,,,,1833.0000000000002,1.0,0.0,1.0,0.0,0.0,0,0.0,0.0,0.0,,0,0,0.0,0.0,0,0,0,0,0,0.0,1.0,1.0
P010,Young Patient with Acute Pancreatitis and Complications,15.399999999999999,0.0,,,,434.90000000000003,1.0,1.0,1.0,0.0,0.0,0,0.0,0.0,0.0,,0,0,0.0,0.0,1,0,0,0,0,0.0,0.0,1.0
P010,Young Patient with Acute Pancreatitis and Complications,15.399999999999999,0.0,,,,2729.5,0.0,1.0,1.0,0.0,0.0,0,0.0,0.0,0.0,,0,0,0.0,0.0,0,0,0,0,0,0.0,0.0,1.0
P010,Young Patient with Acute Pancreatitis and Complications,19.0,0.0,,,,653.8000000000001,1.0,1.0,1.0,0.0,0.0,0,0.0,0.0,0.0,,0,0,0.0,0.0,0,0,0,0,0,0.0,0.0,0.0
P010,Young Patient with Acute Pancreatitis and Complications,10.0,0.0,0.0150076543832256,,,155.5,0.0,0.0,1.0,0.0,0.0,0,0.0,0.0,0.0,,0,0,0.0,0.0,0,0,0,0,0,0.0,1.0,0.0
P010,Young Patient with Acute Pancreatitis and Complications,22.6,0.0,,,,150.0,0.0,1.0,1.0,0.0,0.0,0,1.0,0.0,0.0,,0,0,0.0,0.0,1,0,0,0,0,0.0,1.0,1.0
P010,Young Patient with Acute Pancreatitis and Complications,17.799999999999997,0.0,,,,2267.5,1.0,0.0,1.0,0.0,0.0,0,0.0,0.0,0.0,,0,0,0.0,0.0,0,0,0,0,0,0.0,1.0,1.0
P010,Young Patient with Acute Pancreatitis and Complications,20.199999999999996,0.0,,,,1712.0000000000002,0.0,0.0,1.0,0.0,0.0,0,0.0,0.0,0.0,,0,0,0.0,0.0,0,0,0,0,0,0.0,1.0,0.0
P010,Young Patient with Acute Pancreatitis and Complications,13.600000000000001,0.0,,,,1472.2,0.0,1.0,1.0,0.0,0.0,1,0.0,0.0,0.0,,0,0,0.0,0.0,0,0,0,0,0,0.0,1.0,1.0
P010,Young Patient with Acute Pancreatitis and Complications,17.199999999999996,0.0,0.0741096577662068,,0.3644383663311599,586.7,1.0,0.0,1.0,0.0,0.0,0,0.0,0.0,0.0,,0,0,0.0,0.0,1,0,0,0,0,0.0,1.0,1.0
P010,Young Patient with Acute Pancreatitis and Complications,31.6,0.0,,,,1145.5,0.0,0.0,0.0,0.0,0.0,0,0.0,0.0,0.0,,0,1,0.0,0.0,0,0,0,0,0,0.0,0.0,1.0
P010,Young Patient with Acute Pancreatitis and Complications,19.0,0.0,,,,978.3000000000001,1.0,1.0,1.0,0.0,0.0,0,0.0,0.0,0.0,,0,0,0.0,0.0,0,0,0,0,0,0.0,0.0,1.0
P010,Young Patient with Acute Pancreatitis and Complications,27.4,0.0,,,,3486.3,1.0,0.0,1.0,0.0,0.0,1,1.0,0.0,0.0,,0,0,0.0,0.0,0,0,0,0,0,0.0,1.0,0.0
P010,Young Patient with Acute Pancreatitis and Complications,10.599999999999998,0.0,,,,2823.0,1.0,1.0,1.0,0.0,0.0,0,0.0,0.0,0.0,,0,0,0.0,0.0,0,0,0,0,0,0.0,1.0,1.0
P010,Young Patient with Acute Pancreatitis and Complications,29.199999999999996,0.0,,,,1442.5,0.0,0.0,1.0,0.0,0.0,0,1.0,0.0,0.0,,0,0,0.0,0.0,0,0,0,0,0,0.0,1.0,1.0
P010,Young Patient with Acute Pancreatitis and Complications,28.6,0.0,,,,1497.5,0.0,1.0,1.0,0.0,0.0,0,0.0,0.0,0.0,,0,0,0.0,0.0,0,0,0,0,0,0.0,1.0,1.0
P010,Young Patient with Acute Pancreatitis and Complications,2.1999999999999993,0.0,,,,2658.0,0.0,0.0,1.0,0.0,0.0,0,0.0,0.0,0.0,,0,0,0.0,0.0,0,0,0,0,1,0.0,0.0,0.0
P010,Young Patient with Acute Pancreatitis and Complications,10.0,0.0,,,,3208.0000000000005,0.0,1.0,1.0,0.0,0.0,0,0.0,0.0,0.0,,0,0,0.0,0.0,0,0,0,0,0,0.0,1.0,1.0
P010,Young Patient with Acute Pancreatitis and Complications,18.4,0.0,,,,601.0,1.0,1.0,1.0,0.0,0.0,1,0.0,0.0,0.0,,0,0,0.0,0.0,0,0,0,0,0,0.0,1.0,1.0
P010,Young Patient with Acute Pancreatitis and Complications,11.2,0.0,,,,2190.5,0.0,0.0,1.0,0.0,0.0,0,0.0,0.0,0.0,,0,0,0.0,0.0,0,0,0,0,0,0.0,1.0,1.0
P010,Young Patient with Acute Pancreatitis and Complications,30.4,0.0,,,,2157.5,0.0,0.0,1.0,0.0,0.0,0,0.0,0.0,0.0,,0,0,0.0,0.0,0,0,0,0,0,0.0,1.0,1.0
P010,Young Patient with Acute Pancreatitis and Complications,23.199999999999996,0.0,,,,1844.0000000000002,1.0,0.0,1.0,0.0,0.0,1,0.0,0.0,0.0,,0,0,0.0,0.0,0,0,0,0,0,0.0,1.0,1.0
P010,Young Patient with Acute Pancreatitis and Complications,26.799999999999997,0.0,0.0170186415289208,,,2289.5,0.0,1.0,1.0,0.0,0.0,1,0.0,0.0,0.0,,0,0,0.0,0.0,0,0,0,0,0,0.0,0.0,0.0
P010,Young Patient with Acute Pancreatitis and Complications,11.799999999999997,0.0,,,,1510.7,0.0,1.0,0.0,0.0,0.0,0,0.0,0.0,0.0,,0,1,0.0,0.0,0,0,0,0,0,0.0,1.0,1.0
P010,Young Patient with Acute Pancreatitis and Complications,6.399999999999999,0.0,,,,1717.5000000000002,1.0,1.0,1.0,0.0,0.0,0,1.0,0.0,0.0,,0,0,0.0,0.0,1,0,0,0,0,0.0,1.0,1.0
P010,Young Patient with Acute Pancreatitis and Complications,25.6,0.0,,,,887.0000000000001,1.0,0.0,1.0,0.0,0.0,0,0.0,0.0,0.0,,0,0,0.0,0.0,0,0,0,0,0,0.0,1.0,0.0
P010,Young Patient with Acute Pancreatitis and Complications,12.399999999999999,0.0,,,,150.0,1.0,1.0,1.0,0.0,0.0,0,1.0,0.0,0.0,,0,0,0.0,0.0,0,0,0,0,0,0.0,1.0,1.0
P010,Young Patient with Acute Pancreatitis and Complications,10.0,0.0,0.0120027561933966,,,150.0,1.0,0.0,1.0,0.0,0.0,0,0.0,0.0,0.0,,0,0,0.0,0.0,1,0,0,0,0,0.0,0.0,1.0
P010,Young Patient with Acute Pancreatitis and Complications,21.4,0.0,,,,150.0,0.0,1.0,0.0,0.0,0.0,1,0.0,0.0,0.0,,0,1,0.0,0.0,0,0,0,0,0,0.0,1.0,1.0
P010,Young Patient with Acute Pancreatitis and Complications,17.199999999999996,0.0,,,,3605.1000000000004,1.0,0.0,1.0,0.0,0.0,0,1.0,0.0,0.0,,0,0,0.0,0.0,0,0,0,0,0,0.0,1.0,0.0
P010,Young Patient with Acute Pancreatitis and Complications,33.4,0.0,,,,692.3000000000001,0.0,0.0,0.0,0.0,0.0,0,0.0,0.0,0.0,,0,0,0.0,0.0,0,0,0,0,0,0.0,1.0,1.0
P010,Young Patient with Acute Pancreatitis and Complications,22.6,0.0,0.0150081059473449,,,3048.5000000000005,0.0,0.0,1.0,0.0,0.0,1,0.0,0.0,0.0,,0,0,0.0,0.0,0,0,0,0,0,0.0,1.0,0.0
P010,Young Patient with Acute Pancreatitis and Complications,31.6,0.0,,,,495.40000000000003,0.0,0.0,1.0,0.0,0.0,0,0.0,0.0,0.0,,1,0,0.0,0.0,0,0,0,0,0,0.0,1.0,0.0
P010,Young Patient with Acute Pancreatitis and Complications,32.8,0.0,,,,1404.0,0.0,0.0,1.0,0.0,0.0,0,0.0,0.0,0.0,,0,0,0.0,0.0,1,0,0,0,0,0.0,1.0,1.0
P010,Young Patient with Acute Pancreatitis and Complications,23.199999999999996,0.0,,,,1180.7,0.0,1.0,1.0,0.0,0.0,0,0.0,0.0,0.0,,0,0,0.0,0.0,0,0,0,0,0,1.0,1.0,0.0
P010,Young Patient with Acute Pancreatitis and Complications,5.199999999999999,0.0,,,,947.5000000000001,1.0,0.0,1.0,0.0,0.0,0,0.0,0.0,0.0,,0,0,0.0,0.0,0,0,0,0,0,0.0,0.0,1.0
P010,Young Patient with Acute Pancreatitis and Complications,16.6,0.0,,,,150.0,0.0,0.0,1.0,0.0,0.0,0,0.0,0.0,0.0,,0,0,0.0,1.0,0,0,0,0,0,0.0,1.0,1.0
P010,Young Patient with Acute Pancreatitis and Complications,-8.0,0.0,,,,4852.5,0.0,0.0,1.0,0.0,0.0,0,0.0,0.0,0.0,,0,0,0.0,0.0,0,0,0,0,0,0.0,0.0,0.0
P010,Young Patient with Acute Pancreatitis and Complications,4.599999999999998,0.0,,,,3843.8,0.0,0.0,1.0,0.0,0.0,0,0.0,0.0,0.0,,0,0,0.0,0.0,0,0,0,0,1,0.0,1.0,0.0
P010,Young Patient with Acute Pancreatitis and Complications,14.199999999999996,0.0,,,,4748.0,0.0,0.0,1.0,0.0,0.0,0,0.0,0.0,0.0,,0,1,1.0,0.0,0,0,0,0,0,0.0,0.0,0.0
P010,Young Patient with Acute Pancreatitis and Complications,11.2,0.0,,,,150.0,1.0,1.0,0.0,0.0,0.0,0,0.0,0.0,0.0,,0,0,0.0,0.0,0,0,0,0,0,0.0,0.0,1.0
P010,Young Patient with Acute Pancreatitis and Complications,17.799999999999997,0.0,,,,1673.5000000000002,0.0,0.0,1.0,0.0,0.0,0,0.0,0.0,0.0,,0,0,0.0,0.0,0,0,0,0,0,0.0,1.0,1.0
P010,Young Patient with Acute Pancreatitis and Complications,22.6,0.0,,,,623.0,0.0,0.0,1.0,0.0,0.0,0,0.0,0.0,0.0,,0,0,0.0,0.0,1,0,0,0,0,0.0,0.0,0.0
P010,Young Patient with Acute Pancreatitis and Complications,19.6,0.0,,,,2663.5,1.0,0.0,0.0,0.0,0.0,0,0.0,0.0,0.0,,0,0,0.0,0.0,0,0,0,0,0,0.0,1.0,1.0
P010,Young Patient with Acute Pancreatitis and Complications,2.1999999999999993,0.0,,,,3329.0000000000005,0.0,0.0,0.0,0.0,0.0,0,0.0,0.0,0.0,,0,0,0.0,0.0,0,0,0,0,0,0.0,0.0,1.0
P010,Young Patient with Acute Pancreatitis and Complications,16.0,0.0,,,,1811.0000000000002,0.0,1.0,1.0,0.0,0.0,0,0.0,0.0,0.0,,0,0,0.0,0.0,0,0,0,0,0,0.0,1.0,1.0
P010,Young Patient with Acute Pancreatitis and Complications,13.600000000000001,0.0,,,,5133.0,0.0,0.0,1.0,0.0,0.0,1,0.0,0.0,0.0,,0,0,0.0,0.0,0,0,0,0,0,0.0,1.0,1.0
P010,Young Patient with Acute Pancreatitis and Complications,31.0,0.0,,,,150.0,0.0,1.0,1.0,0.0,0.0,0,0.0,0.0,0.0,,0,0,0.0,0.0,0,1,0,0,0,0.0,1.0,0.0
P010,Young Patient with Acute Pancreatitis and Complications,13.600000000000001,0.0,,,,3791.0000000000005,1.0,0.0,1.0,0.0,0.0,0,1.0,0.0,0.0,,0,0,0.0,0.0,0,0,0,0,0,0.0,0.0,1.0
P010,Young Patient with Acute Pancreatitis and Complications,22.0,0.0,,,,2193.8,0.0,1.0,1.0,0.0,0.0,0,0.0,0.0,0.0,,0,0,0.0,0.0,0,0,0,0,1,0.0,1.0,0.0
P010,Young Patient with Acute Pancreatitis and Complications,17.199999999999996,0.0,,,,342.5,1.0,1.0,1.0,0.0,0.0,0,0.0,0.0,0.0,,0,0,1.0,0.0,0,0,0,0,0,0.0,1.0,1.0
P010,Young Patient with Acute Pancreatitis and Complications,29.199999999999996,0.0,,,,1932.0000000000002,0.0,0.0,1.0,0.0,0.0,0,0.0,0.0,0.0,,0,1,0.0,0.0,0,0,0,0,0,0.0,0.0,0.0
P010,Young Patient with Acute Pancreatitis and Complications,31.6,0.0,0.0463296629667248,,0.1100135852437232,1559.1000000000001,1.0,1.0,1.0,0.0,0.0,0,0.0,0.0,0.0,,0,0,0.0,0.0,0,0,0,0,0,0.0,0.0,1.0
P010,Young Patient with Acute Pancreatitis and Complications,22.0,0.0,,,,953.0000000000001,0.0,0.0,1.0,0.0,0.0,0,0.0,0.0,0.0,19.7,0,0,0.0,0.0,0,0,0,0,0,0.0,1.0,1.0
P010,Young Patient with Acute Pancreatitis and Complications,17.799999999999997,0.0,,,,3736.0000000000005,0.0,0.0,1.0,0.0,0.0,1,0.0,0.0,0.0,,0,0,0.0,0.0,0,0,0,1,0,0.0,1.0,1.0
P010,Young Patient with Acute Pancreatitis and Complications,14.799999999999997,0.0,,,,1662.5000000000002,0.0,0.0,1.0,0.0,0.0,0,0.0,0.0,0.0,,0,0,0.0,0.0,0,0,0,0,0,0.0,1.0,1.0
P010,Young Patient with Acute Pancreatitis and Complications,10.0,0.0,0.0200053027583635,,,150.0,0.0,0.0,1.0,0.0,0.0,0,0.0,0.0,0.0,,0,0,0.0,0.0,0,0,0,0,0,0.0,1.0,1.0
P010,Young Patient with Acute Pancreatitis and Complications,16.6,0.0,,,,4957.0,0.0,0.0,1.0,0.0,0.0,0,0.0,0.0,0.0,,0,0,0.0,0.0,0,0,0,0,0,0.0,1.0,0.0
P010,Young Patient with Acute Pancreatitis and Complications,28.0,0.0,,,,1065.2,1.0,0.0,0.0,0.0,0.0,0,0.0,0.0,0.0,,0,1,0.0,0.0,0,0,0,0,0,0.0,0.0,0.0
P010,Young Patient with Acute Pancreatitis and Complications,16.6,0.0,,,,150.0,0.0,1.0,1.0,0.0,0.0,0,0.0,0.0,0.0,,0,0,0.0,0.0,0,0,0,0,0,0.0,1.0,1.0
P010,Young Patient with Acute Pancreatitis and Complications,25.6,0.0,,,,1921.0000000000002,1.0,0.0,1.0,0.0,0.0,1,0.0,0.0,0.0,,0,0,0.0,0.0,0,0,0,0,0,0.0,1.0,1.0
P010,Young Patient with Acute Pancreatitis and Complications,34.6,0.0,,,,700.0,0.0,1.0,1.0,0.0,0.0,0,0.0,0.0,0.0,,0,0,0.0,0.0,0,1,0,0,0,0.0,1.0,1.0
P010,Young Patient with Acute Pancreatitis and Complications,10.0,0.0,,,,1756.0000000000002,1.0,0.0,1.0,0.0,0.0,0,0.0,0.0,0.0,36.2,0,0,0.0,0.0,1,0,0,0,0,0.0,1.0,1.0
P010,Young Patient with Acute Pancreatitis and Complications,-5.0,0.0,,,,2146.5,0.0,0.0,1.0,0.0,0.0,0,0.0,0.0,0.0,,0,0,0.0,0.0,0,0,0,0,0,0.0,1.0,0.0
P010,Young Patient with Acute Pancreatitis and Complications,17.799999999999997,0.0,,,,925.5000000000001,1.0,1.0,1.0,0.0,0.0,0,0.0,0.0,0.0,,0,0,0.0,0.0,0,0,0,0,0,0.0,1.0,0.0
P010,Young Patient with Acute Pancreatitis and Complications,10.0,0.0,,,,971.7,0.0,0.0,1.0,0.0,0.0,0,0.0,0.0,0.0,35.7,0,0,0.0,0.0,0,0,0,0,0,0.0,1.0,1.0
P010,Young Patient with Acute Pancreatitis and Complications,25.6,0.0,,,,997.0000000000001,1.0,1.0,1.0,0.0,0.0,1,1.0,0.0,0.0,,0,0,0.0,0.0,0,0,0,0,0,0.0,0.0,1.0
P010,Young Patient with Acute Pancreatitis and Complications,23.799999999999997,0.0,,,,376.6,1.0,0.0,1.0,0.0,0.0,0,0.0,0.0,0.0,,0,0,0.0,0.0,0,0,0,0,0,0.0,1.0,1.0
P010,Young Patient with Acute Pancreatitis and Complications,14.799999999999997,0.0,,,,426.1,0.0,0.0,1.0,0.0,0.0,0,0.0,0.0,0.0,,0,0,0.0,0.0,0,0,1,0,0,0.0,0.0,0.0
P010,Young Patient with Acute Pancreatitis and Complications,31.6,0.0,,,,975.0000000000001,1.0,0.0,1.0,0.0,0.0,0,0.0,0.0,0.0,28.5,0,0,0.0,0.0,0,0,0,0,0,0.0,0.0,1.0
P010,Young Patient with Acute Pancreatitis and Complications,13.600000000000001,0.0,,,,3554.5000000000005,1.0,1.0,1.0,0.0,0.0,0,0.0,0.0,0.0,22.1,0,0,1.0,0.0,0,0,0,0,0,0.0,1.0,0.0
P010,Young Patient with Acute Pancreatitis and Complications,1.5999999999999979,0.0,,,,697.8000000000001,0.0,0.0,0.0,0.0,0.0,0,0.0,0.0,0.0,,0,0,0.0,0.0,0,0,0,0,0,0.0,0.0,0.0
P010,Young Patient with Acute Pancreatitis and Complications,25.0,0.0,,,,1536.0,0.0,1.0,1.0,0.0,0.0,0,0.0,0.0,0.0,,0,0,0.0,1.0,0,0,0,0,0,0.0,1.0,1.0
P010,Young Patient with Acute Pancreatitis and Complications,23.799999999999997,0.0,,,,1024.5,0.0,1.0,1.0,0.0,0.0,1,0.0,0.0,0.0,,0,0,0.0,1.0,0,0,0,0,0,0.0,1.0,0.0
P010,Young Patient with Acute Pancreatitis and Complications,20.799999999999997,0.0,,,,3692.0000000000005,1.0,1.0,1.0,0.0,0.0,0,0.0,0.0,0.0,,0,0,0.0,0.0,1,0,0,0,0,0.0,0.0,1.0
P010,Young Patient with Acute Pancreatitis and Complications,14.799999999999997,0.0,,,,1305.0,0.0,1.0,1.0,0.0,0.0,0,0.0,0.0,0.0,,0,0,0.0,0.0,0,0,0,0,0,0.0,1.0,0.0
P010,Young Patient with Acute Pancreatitis and Complications,-0.1999999999999993,0.0,,,,1761.5000000000002,1.0,0.0,1.0,0.0,0.0,0,1.0,0.0,0.0,21.7,0,0,0.0,0.0,1,0,0,0,0,0.0,1.0,1.0
P010,Young Patient with Acute Pancreatitis and Complications,18.4,0.0,,,,2718.5,1.0,1.0,0.0,0.0,0.0,0,0.0,0.0,0.0,,0,0,0.0,0.0,0,0,0,0,0,0.0,0.0,1.0
P010,Young Patient with Acute Pancreatitis and Complications,34.6,0.0,,,,599.9000000000001,0.0,0.0,0.0,0.0,0.0,0,1.0,0.0,0.0,,0,0,0.0,0.0,0,0,0,0,0,0.0,1.0,0.0
P010,Young Patient with Acute Pancreatitis and Complications,5.800000000000001,0.0,,,,1822.0000000000002,0.0,0.0,1.0,0.0,0.0,0,0.0,0.0,0.0,,0,0,0.0,0.0,0,0,0,0,0,0.0,1.0,0.0
P010,Young Patient with Acute Pancreatitis and Complications,13.0,0.0,,,,1448.0,1.0,0.0,1.0,0.0,0.0,0,0.0,0.0,0.0,,0,0,0.0,0.0,0,0,0,0,0,0.0,0.0,0.0
P010,Young Patient with Acute Pancreatitis and Complications,16.0,0.0,,,,2361.0,1.0,0.0,1.0,0.0,0.0,1,0.0,0.0,0.0,,0,0,0.0,0.0,0,0,0,0,0,0.0,1.0,1.0
P010,Young Patient with Acute Pancreatitis and Complications,30.4,0.0,,,,2289.5,0.0,1.0,0.0,0.0,0.0,0,0.0,0.0,0.0,,0,1,0.0,0.0,0,0,0,0,0,0.0,1.0,0.0
P010,Young Patient with Acute Pancreatitis and Complications,13.0,0.0,,,,883.7,0.0,1.0,1.0,0.0,0.0,0,0.0,0.0,0.0,20.1,1,0,0.0,0.0,1,0,0,0,0,0.0,1.0,1.0
P010,Young Patient with Acute Pancreatitis and Complications,11.799999999999997,0.0,,,,150.0,1.0,0.0,1.0,0.0,0.0,0,0.0,0.0,0.0,,0,0,0.0,0.0,0,0,0,0,0,0.0,1.0,0.0
P010,Young Patient with Acute Pancreatitis and Complications,0.3999999999999986,0.0,,,,1915.5000000000002,0.0,0.0,1.0,0.0,0.0,0,0.0,0.0,0.0,,0,0,0.0,0.0,0,0,0,0,0,0.0,1.0,1.0
P010,Young Patient with Acute Pancreatitis and Complications,-3.8000000000000007,0.0,,,,491.0,0.0,0.0,1.0,0.0,0.0,0,0.0,0.0,0.0,,0,0,0.0,0.0,0,0,0,0,0,0.0,0.0,0.0
P010,Young Patient with Acute Pancreatitis and Complications,8.2,0.0,,,,6920.500000000001,1.0,1.0,1.0,0.0,0.0,0,0.0,0.0,0.0,42.8,0,0,0.0,0.0,0,0,0,0,0,0.0,1.0,0.0
P010,Young Patient with Acute Pancreatitis and Complications,17.199999999999996,0.0,,,,759.4000000000001,1.0,1.0,1.0,0.0,0.0,1,0.0,0.0,0.0,,0,0,0.0,0.0,1,0,0,0,0,0.0,1.0,0.0
P010,Young Patient with Acute Pancreatitis and Complications,25.6,0.0,,,,1530.5,1.0,1.0,1.0,0.0,0.0,0,0.0,0.0,0.0,,0,0,0.0,0.0,1,0,0,0,0,0.0,0.0,1.0
P010,Young Patient with Acute Pancreatitis and Complications,-3.8000000000000007,0.0,,,,150.0,0.0,0.0,1.0,0.0,0.0,0,0.0,0.0,0.0,,0,0,0.0,0.0,0,0,0,0,0,0.0,0.0,1.0
